{
   "0.95": [
      0.5056996391410356,
      0.55022225536678,
      0.521923781427849,
      0.47090952710369904,
      0.43265147325911135,
      0.414133736929165,
      0.45585429432052355,
      0.4716440254935737,
      0.4582958810092774,
      0.42458336890413245,
      0.41263202695507134,
      0.4472375142582917,
      0.446536339907005,
      0.4539332895183843,
      0.5055840962734482,
      0.49371532473479723,
      0.5508475905907246,
      0.5198798691074644,
      0.5536963256629356,
      0.546043847211188,
      0.5556925837808279,
      0.5925071326965847,
      0.5811372296816922,
      0.5712308831880187,
      0.5227642890533116,
      0.5858662156754437,
      0.5915731437486094,
      0.5722617089680286,
      0.6075842517096869,
      0.6043612909132067,
      0.5724204616710591,
      0.5593444437554053,
      0.5526607369980818,
      0.5199518482205482,
      0.5022966412849443,
      0.45422616903557517,
      0.3882268979314965,
      0.3876548949877819,
      0.3872162318928276,
      0.43706164719610663,
      0.4363169404747917,
      0.4746412485889443,
      0.49870192436711736,
      0.5050987955554368,
      0.5562152101068223,
      0.5804108273591596,
      0.5898345818752315,
      0.5638329561255803
   ],
   "0.9": [
      0.3618894664521757,
      0.3787602130777908,
      0.4006133245656191,
      0.35965305222988586,
      0.352677270517855,
      0.3373990265223005,
      0.332575768925538,
      0.3422496588747017,
      0.35943652743316723,
      0.33008739776437657,
      0.31646306621458686,
      0.32745033604726226,
      0.3307173173321417,
      0.3319380969967232,
      0.3202035873674766,
      0.3831534298495134,
      0.39585160891136817,
      0.4029675655604673,
      0.4267355037914643,
      0.4214980257720256,
      0.41875855740978485,
      0.42808999267460357,
      0.4596384438621103,
      0.4574606117498829,
      0.42951633057624433,
      0.43612723714318713,
      0.4738913101307892,
      0.4647913734460204,
      0.5041284487912383,
      0.4890286828766003,
      0.4689267772122882,
      0.437241449449199,
      0.4501597120626147,
      0.38161155959980503,
      0.3052764126480734,
      0.26082314621774666,
      0.29941100467192217,
      0.2875235097510068,
      0.2705294475415369,
      0.29880023579060894,
      0.3330518853383229,
      0.3579565116974562,
      0.38356707107099997,
      0.37962096785275756,
      0.3721524402600987,
      0.4117282735471603,
      0.4055675449912785,
      0.40778946648171827
   ],
   "0.75": [
      0.18715445867744956,
      0.18584723052200255,
      0.18164906249432558,
      0.1745385003494133,
      0.16019257285018998,
      0.17143540198539836,
      0.16566099628423633,
      0.16569315987993224,
      0.1618853997891494,
      0.15736001735865204,
      0.1705759392637957,
      0.17036557546835263,
      0.15896424611947513,
      0.15526134145279066,
      0.17225557564043983,
      0.20868621867039333,
      0.22292250356157536,
      0.20456117025785436,
      0.2463205020710354,
      0.23402167200418633,
      0.2425601575148138,
      0.2492618671078782,
      0.2717773809559082,
      0.25798692888963765,
      0.22774863673463944,
      0.2355067689678449,
      0.25655177472284696,
      0.2502114045673438,
      0.2342886742470083,
      0.2480510537613203,
      0.21888898867915405,
      0.23356111466218854,
      0.22325549298015906,
      0.19575936463551102,
      0.13952924247491563,
      0.13160381204001625,
      0.14257201660504482,
      0.1345479712598364,
      0.1253357577270022,
      0.12214825340421148,
      0.1425638278814154,
      0.14920791411047638,
      0.13536281548825727,
      0.16315580641730798,
      0.16965490870684333,
      0.16611214510450636,
      0.17736868219964833,
      0.18303990086315777
   ]
}