{
   "0.95": [
      0.9354838709677419,
      0.956989247311828,
      0.9032258064516129,
      0.9032258064516129,
      0.9032258064516129,
      0.9139784946236559,
      0.9354838709677419,
      0.956989247311828,
      0.9354838709677419,
      0.946236559139785,
      0.9247311827956989,
      0.946236559139785,
      0.956989247311828,
      0.946236559139785,
      0.9354838709677419,
      0.956989247311828,
      0.925531914893617,
      0.9052631578947369,
      0.9361702127659575,
      0.8936170212765957,
      0.8723404255319149,
      0.9456521739130435,
      0.9130434782608695,
      0.946236559139785,
      0.9247311827956989,
      0.925531914893617,
      0.9468085106382979,
      0.956989247311828,
      0.9361702127659575,
      0.9139784946236559,
      0.8602150537634409,
      0.9032258064516129,
      0.9042553191489362,
      0.9042553191489362,
      0.9361702127659575,
      0.9574468085106383,
      0.9468085106382979,
      0.9361702127659575,
      0.9361702127659575,
      0.9574468085106383,
      0.9574468085106383,
      0.9361702127659575,
      0.9361702127659575,
      0.9574468085106383,
      0.9574468085106383,
      0.9574468085106383,
      0.9680851063829787,
      0.9574468085106383
   ],
   "0.9": [
      0.9139784946236559,
      0.8602150537634409,
      0.8494623655913979,
      0.8172043010752689,
      0.8602150537634409,
      0.8602150537634409,
      0.8817204301075269,
      0.9139784946236559,
      0.8924731182795699,
      0.8602150537634409,
      0.8494623655913979,
      0.8817204301075269,
      0.9247311827956989,
      0.8817204301075269,
      0.8817204301075269,
      0.8602150537634409,
      0.8723404255319149,
      0.8421052631578947,
      0.8404255319148937,
      0.8297872340425532,
      0.8297872340425532,
      0.8695652173913043,
      0.8804347826086957,
      0.8602150537634409,
      0.8494623655913979,
      0.8617021276595744,
      0.8936170212765957,
      0.8924731182795699,
      0.8617021276595744,
      0.8172043010752689,
      0.7634408602150538,
      0.8172043010752689,
      0.851063829787234,
      0.8617021276595744,
      0.8191489361702128,
      0.851063829787234,
      0.8936170212765957,
      0.8617021276595744,
      0.8297872340425532,
      0.8723404255319149,
      0.9042553191489362,
      0.9042553191489362,
      0.8723404255319149,
      0.9148936170212766,
      0.9361702127659575,
      0.9148936170212766,
      0.925531914893617,
      0.9361702127659575
   ],
   "0.75": [
      0.6021505376344086,
      0.4946236559139785,
      0.5698924731182796,
      0.6129032258064516,
      0.6021505376344086,
      0.6666666666666666,
      0.7204301075268817,
      0.6344086021505376,
      0.6666666666666666,
      0.6559139784946236,
      0.6666666666666666,
      0.7526881720430108,
      0.7204301075268817,
      0.6451612903225806,
      0.6021505376344086,
      0.5806451612903226,
      0.6382978723404256,
      0.5578947368421052,
      0.5957446808510638,
      0.648936170212766,
      0.6276595744680851,
      0.6086956521739131,
      0.6630434782608695,
      0.6021505376344086,
      0.5913978494623656,
      0.5531914893617021,
      0.6170212765957447,
      0.6236559139784946,
      0.5425531914893617,
      0.5591397849462365,
      0.4838709677419355,
      0.4946236559139785,
      0.6063829787234043,
      0.5851063829787234,
      0.574468085106383,
      0.6276595744680851,
      0.5957446808510638,
      0.6808510638297872,
      0.5638297872340425,
      0.5425531914893617,
      0.6063829787234043,
      0.6702127659574468,
      0.6914893617021277,
      0.6595744680851063,
      0.6276595744680851,
      0.648936170212766,
      0.6595744680851063,
      0.6808510638297872
   ]
}