{
   "0.95": [
      0.515746297783192,
      0.5071654017557783,
      0.5423430201366477,
      0.5662376763199569,
      0.5977749278540849,
      0.5563695539394284,
      0.5862678002416165,
      0.604775239184481,
      0.41912717620423057,
      0.35406116360019874,
      0.3082766076352935,
      0.38740076852434707,
      0.4659524274846724,
      0.5028421928985755,
      0.5139821747072867,
      0.5648040095721355,
      0.5432249900547714,
      0.6076872648468769,
      0.660369742839711,
      0.6726529850198408,
      0.6495584941536259,
      0.6424097882721631,
      0.685786234089141,
      0.6506946965059279,
      0.5600830215788675,
      0.6531384125869895,
      0.6258921845207125,
      0.6296791250849855,
      0.6482791064784722,
      0.5915271847100871,
      0.5234564117342769,
      0.535545377575576,
      0.6081826635662503,
      0.6421071203823373,
      0.5366347397331677,
      0.566624063898252,
      0.6108277007481318,
      0.6739197192091353,
      0.659221198290118,
      0.7161664881661206,
      0.738509659324374,
      0.6026658648031484,
      0.6053420365237057,
      0.6373887233270191,
      0.8016391133795867,
      0.866111106148815,
      0.9611025260589532,
      0.943354020633391
   ],
   "0.9": [
      0.2860253797184953,
      0.28605022724349827,
      0.3076093041814862,
      0.34294193102892645,
      0.382022942340203,
      0.36619200037788135,
      0.4151619511607831,
      0.4497220391709935,
      0.3192957498055474,
      0.24727122556358969,
      0.20678909145323562,
      0.20729411957761415,
      0.25605280508989386,
      0.3193427905663823,
      0.3171230653968823,
      0.37221785049224304,
      0.39895229422885303,
      0.4500338944232302,
      0.5236610901326938,
      0.513016435534152,
      0.4836606795363927,
      0.5050681758812238,
      0.5414867291314568,
      0.5159749351881167,
      0.44622423708398135,
      0.4864121416627989,
      0.49373212186261606,
      0.5207907543081928,
      0.48342203420232777,
      0.45873566433721163,
      0.4095922905660937,
      0.3783268907233163,
      0.42081688112478843,
      0.4210442193548023,
      0.3816921513861028,
      0.2969188446090366,
      0.40380987054614703,
      0.4603224985528718,
      0.4228576646970725,
      0.3455308569681817,
      0.393958432249044,
      0.38824893645687886,
      0.47099538789958634,
      0.4906982445565193,
      0.6129297834662336,
      0.6575533803453297,
      0.7206861371486858,
      0.7094242587227874
   ],
   "0.75": [
      0.11635594477335232,
      0.11810281942853143,
      0.12276793811338198,
      0.13338026267941008,
      0.16680427206929405,
      0.1739634518026981,
      0.2051968079495304,
      0.22604780502179014,
      0.16474229993656012,
      0.12191326746609485,
      0.10436603347674192,
      0.10676395382774263,
      0.11196667595129867,
      0.10713799541379865,
      0.1202090331671436,
      0.13937007208307484,
      0.16564921347749798,
      0.22543663040205414,
      0.2572928142982446,
      0.26006168326585266,
      0.23447813706574025,
      0.2414775211695094,
      0.24505104924975712,
      0.25710092485122554,
      0.23302162227134898,
      0.23002989514543157,
      0.24988498228578254,
      0.26494282338782604,
      0.2497304873382795,
      0.2385537572808951,
      0.2159991370273008,
      0.20578937825803248,
      0.16767549233102452,
      0.15377314805117326,
      0.10474406148735997,
      0.09275236361368012,
      0.1174042630067267,
      0.12667696350508864,
      0.13365890024387173,
      0.17232479813280518,
      0.1832753927902283,
      0.1887445234703008,
      0.2466318166909192,
      0.2543092239930344,
      0.3069480881817247,
      0.33117389709060224,
      0.3562427589442508,
      0.3484204401063931
   ]
}