{
  "0.95": 0.9375975039001561,
  "0.9": 0.886784042790283,
  "0.75": 0.6478716291508804
}