{
   "0.95": [
      0.36785435675681477,
      0.43356409843633475,
      0.3865370409293958,
      0.38083228047592665,
      0.37230862820690963,
      0.35242896227758935,
      0.402102909635019,
      0.43406489357433503,
      0.42332665676883735,
      0.4032954568827039,
      0.4059209302757782,
      0.4244624586594696,
      0.4154302365517509,
      0.422235437964931,
      0.4075147997682407,
      0.4448854266960238,
      0.47509764693665535,
      0.4628927019371232,
      0.4135651318463024,
      0.4159313160593468,
      0.4215031459696913,
      0.4529852875466573,
      0.4500847607365056,
      0.4244059415156355,
      0.3934425073103667,
      0.4230499877958412,
      0.4435544944065277,
      0.4486511535144194,
      0.4514663256003723,
      0.42913887682832375,
      0.4058016985767531,
      0.43626788492441515,
      0.45259738834609425,
      0.45336570309647845,
      0.45308376526238947,
      0.40657880856155926,
      0.4131602784331037,
      0.43142866858612317,
      0.4204655255775282,
      0.4524815243028095,
      0.4382840041661262,
      0.4349537686030285,
      0.4379666059143189,
      0.4410249353541361,
      0.45980579685578143,
      0.5005890086875802,
      0.47595326700637974,
      0.4664042907544976
   ],
   "0.9": [
      0.24793467283079837,
      0.2483241932943967,
      0.27525168217697493,
      0.2725404469171911,
      0.26739932707313135,
      0.273984151880354,
      0.29436075859180333,
      0.30669418624983436,
      0.326258155759866,
      0.30264891063795707,
      0.28719557953810776,
      0.2985270892891534,
      0.304400730893522,
      0.2836058300599328,
      0.27702209413878087,
      0.3237555922099749,
      0.3370606054531463,
      0.29039788908916164,
      0.29460844370738154,
      0.28888231456590335,
      0.29765062753091,
      0.33878287010224967,
      0.3382498202891998,
      0.31611525305868504,
      0.3126044062413754,
      0.33359920015868055,
      0.34933024297077614,
      0.3616691700507321,
      0.3295433275215292,
      0.32659826219732596,
      0.3107824516903366,
      0.3232819701287639,
      0.3440364910296182,
      0.33425357662620625,
      0.3200601840961591,
      0.26930937118434106,
      0.288716851272719,
      0.26933816279291,
      0.27314784198812153,
      0.30084073491607377,
      0.3238974981835188,
      0.31451748080893266,
      0.2993649184176151,
      0.30971976519069766,
      0.309115001832495,
      0.3451530104152708,
      0.3508140698015228,
      0.34953368251306965
   ],
   "0.75": [
      0.0943051235702799,
      0.0933022196248834,
      0.10937086377761401,
      0.11839096646195796,
      0.11723364567577464,
      0.12827491218153872,
      0.1297995087702332,
      0.12281255881926424,
      0.13281712677118832,
      0.13524295122524063,
      0.1389663026971964,
      0.13626640457377176,
      0.11395777739934848,
      0.10735397759663931,
      0.10824310526748446,
      0.12255655576360008,
      0.12138965662936656,
      0.11053453477246002,
      0.10414247440130009,
      0.10667968865082744,
      0.11242598801858139,
      0.1176848798723906,
      0.13664064125665643,
      0.15059761916127085,
      0.15666115724022248,
      0.17052713995961183,
      0.18586376371884986,
      0.16391775532524325,
      0.1536680052828538,
      0.14929993625171453,
      0.1469550188923196,
      0.14157523063323293,
      0.15017048594338875,
      0.13550929884193935,
      0.11796286372837626,
      0.11654568921460406,
      0.1208747848892666,
      0.12148606441610385,
      0.11522331951553703,
      0.10992512355875086,
      0.12319949375870813,
      0.1318410949101143,
      0.11215328957536248,
      0.11771725119496039,
      0.12464579478812411,
      0.1270729491525535,
      0.14502876362772057,
      0.15500144961201465
   ]
}