{
  "0.95": 0.9099621127702251,
  "0.9": 0.8455538221528861,
  "0.75": 0.6086472030309784
}