{
   "0.95": [
      0.9354838709677419,
      0.956989247311828,
      0.8924731182795699,
      0.8817204301075269,
      0.8924731182795699,
      0.9139784946236559,
      0.9354838709677419,
      0.956989247311828,
      0.9354838709677419,
      0.946236559139785,
      0.9354838709677419,
      0.956989247311828,
      0.967741935483871,
      0.9247311827956989,
      0.9354838709677419,
      0.9354838709677419,
      0.9468085106382979,
      0.9157894736842105,
      0.8829787234042553,
      0.8936170212765957,
      0.9042553191489362,
      0.9565217391304348,
      0.9239130434782609,
      0.9354838709677419,
      0.946236559139785,
      0.9574468085106383,
      0.9574468085106383,
      0.946236559139785,
      0.9468085106382979,
      0.956989247311828,
      0.9354838709677419,
      0.9247311827956989,
      0.9361702127659575,
      0.9468085106382979,
      0.9148936170212766,
      0.9574468085106383,
      0.9468085106382979,
      0.9574468085106383,
      0.9468085106382979,
      0.9574468085106383,
      0.9574468085106383,
      0.9361702127659575,
      0.9361702127659575,
      0.9361702127659575,
      0.9574468085106383,
      0.9574468085106383,
      0.9680851063829787,
      0.9574468085106383
   ],
   "0.9": [
      0.9139784946236559,
      0.8494623655913979,
      0.8494623655913979,
      0.8172043010752689,
      0.8494623655913979,
      0.8602150537634409,
      0.8709677419354839,
      0.9139784946236559,
      0.9032258064516129,
      0.8817204301075269,
      0.8602150537634409,
      0.8924731182795699,
      0.8924731182795699,
      0.8494623655913979,
      0.8387096774193549,
      0.8387096774193549,
      0.9148936170212766,
      0.8842105263157894,
      0.8617021276595744,
      0.851063829787234,
      0.8404255319148937,
      0.8586956521739131,
      0.8586956521739131,
      0.9032258064516129,
      0.9139784946236559,
      0.9148936170212766,
      0.8936170212765957,
      0.9032258064516129,
      0.851063829787234,
      0.9247311827956989,
      0.9032258064516129,
      0.8924731182795699,
      0.925531914893617,
      0.8617021276595744,
      0.9042553191489362,
      0.8829787234042553,
      0.9148936170212766,
      0.9042553191489362,
      0.8617021276595744,
      0.9148936170212766,
      0.9148936170212766,
      0.9148936170212766,
      0.8723404255319149,
      0.9148936170212766,
      0.9361702127659575,
      0.925531914893617,
      0.925531914893617,
      0.9361702127659575
   ],
   "0.75": [
      0.6021505376344086,
      0.4838709677419355,
      0.5806451612903226,
      0.5806451612903226,
      0.5806451612903226,
      0.6236559139784946,
      0.7204301075268817,
      0.6344086021505376,
      0.6666666666666666,
      0.6666666666666666,
      0.6559139784946236,
      0.6989247311827957,
      0.6774193548387096,
      0.6344086021505376,
      0.6559139784946236,
      0.6129032258064516,
      0.6702127659574468,
      0.5894736842105263,
      0.5531914893617021,
      0.6170212765957447,
      0.6276595744680851,
      0.5869565217391305,
      0.6413043478260869,
      0.6559139784946236,
      0.6559139784946236,
      0.7021276595744681,
      0.7446808510638298,
      0.7096774193548387,
      0.7021276595744681,
      0.6774193548387096,
      0.6989247311827957,
      0.6774193548387096,
      0.723404255319149,
      0.6382978723404256,
      0.5638297872340425,
      0.6914893617021277,
      0.648936170212766,
      0.6914893617021277,
      0.648936170212766,
      0.574468085106383,
      0.5957446808510638,
      0.6808510638297872,
      0.7127659574468085,
      0.6702127659574468,
      0.6170212765957447,
      0.6702127659574468,
      0.7021276595744681,
      0.6808510638297872
   ]
}