{
   "0.95": [
      0.3652801832460995,
      0.43286695492396293,
      0.3874151509587543,
      0.388561735374295,
      0.37314675198758246,
      0.3530993530993137,
      0.400889124769325,
      0.43596498553664065,
      0.42433454248403846,
      0.40697092464092965,
      0.40552027813380526,
      0.4352093876763559,
      0.43205976739955704,
      0.4174770125161673,
      0.4168102048314383,
      0.4130887362354787,
      0.4153850438168807,
      0.4040387545497565,
      0.449431386896711,
      0.49355766905392,
      0.48809763944876183,
      0.528602706194027,
      0.5364649083230046,
      0.5377793495570214,
      0.5012068225284002,
      0.5380417037864925,
      0.5262706116569484,
      0.5374926780540192,
      0.6102019027266915,
      0.5722650532682378,
      0.5155601886748804,
      0.5359649711026415,
      0.5673603570079011,
      0.510878710945838,
      0.483425094194028,
      0.43193266363487204,
      0.41215596487814216,
      0.4143774252653006,
      0.4179055336659675,
      0.46219007207847496,
      0.44516893692035037,
      0.44015219177465087,
      0.4426313264471199,
      0.44356057106832086,
      0.46428161884711733,
      0.5077156702228016,
      0.4804399410728695,
      0.47247578800367307
   ],
   "0.9": [
      0.24795379573788107,
      0.25408967299208346,
      0.27602243082072125,
      0.27751272504144947,
      0.2688380118273535,
      0.27455803036645104,
      0.2951441007335922,
      0.30623793346138495,
      0.32597947026023394,
      0.3053971394091473,
      0.29348349653813355,
      0.30649905345608885,
      0.3052109469559197,
      0.2900292418442542,
      0.28507184220157705,
      0.30115725418054673,
      0.3111534516193153,
      0.3147408077542684,
      0.3340227158764047,
      0.3703879296182822,
      0.40182744333208154,
      0.4032617010907597,
      0.4160013434337613,
      0.4141842769071673,
      0.39000580377585553,
      0.40865734289681915,
      0.4260836118093183,
      0.42929691311647183,
      0.4597625877727912,
      0.44874858103543225,
      0.39336024571712086,
      0.3764972567890063,
      0.41648324514622725,
      0.3949826317029696,
      0.31387086501414424,
      0.27870667057533677,
      0.30585972291690294,
      0.28700031747959753,
      0.27167763689880925,
      0.30028663651546794,
      0.3237312255213838,
      0.3160393792942967,
      0.30318096194987404,
      0.31380545422061573,
      0.31250890177266283,
      0.3490346058298011,
      0.3543458580867474,
      0.355642842148319
   ],
   "0.75": [
      0.09742274796476068,
      0.09611517694421737,
      0.11272567486190756,
      0.1245613690473002,
      0.12543259318572925,
      0.1349843710047017,
      0.13796621888056337,
      0.1313080657421447,
      0.1419680400863899,
      0.14182989612985927,
      0.15011390774701314,
      0.14766266085106428,
      0.13305853222871464,
      0.12851019995895582,
      0.13447067124492026,
      0.14978787880043712,
      0.15660323774398674,
      0.15246928144724847,
      0.17906160420494605,
      0.18839564711900456,
      0.2012180550162381,
      0.21235784491047682,
      0.2280889371274774,
      0.23138845960801058,
      0.2035462591382899,
      0.19590605099979647,
      0.22243582361367797,
      0.2333599336634569,
      0.21936520067164353,
      0.20926502877297118,
      0.18870585221325284,
      0.16883913782723844,
      0.19059217288683744,
      0.17727515414443398,
      0.14323633872085706,
      0.12678429860560922,
      0.13774406073713089,
      0.13651387625353634,
      0.1239151771986624,
      0.1155630869039634,
      0.1228574087051527,
      0.1317118766683434,
      0.11242496674381289,
      0.11868909045005,
      0.12532274303000437,
      0.1301349051174917,
      0.14821328282669496,
      0.15825512524645097
   ]
}