{
  "0.95": 0.9326944506351683,
  "0.9": 0.8691776242478271,
  "0.75": 0.6171161132159572
}