{
   "0.95": [
      0.967741935483871,
      0.967741935483871,
      0.967741935483871,
      0.967741935483871,
      0.956989247311828,
      0.946236559139785,
      0.946236559139785,
      0.946236559139785,
      0.967741935483871,
      0.956989247311828,
      0.9139784946236559,
      0.8924731182795699,
      0.9247311827956989,
      0.9354838709677419,
      0.9139784946236559,
      0.9139784946236559,
      0.8404255319148937,
      0.8421052631578947,
      0.9148936170212766,
      0.9042553191489362,
      0.9042553191489362,
      0.9456521739130435,
      0.9347826086956522,
      0.946236559139785,
      0.8924731182795699,
      0.9361702127659575,
      0.9574468085106383,
      0.946236559139785,
      0.9148936170212766,
      0.8602150537634409,
      0.8172043010752689,
      0.8387096774193549,
      0.8829787234042553,
      0.8829787234042553,
      0.8617021276595744,
      0.9042553191489362,
      0.9148936170212766,
      0.9148936170212766,
      0.9042553191489362,
      0.8829787234042553,
      0.9042553191489362,
      0.851063829787234,
      0.8297872340425532,
      0.8723404255319149,
      0.8829787234042553,
      0.8936170212765957,
      0.9042553191489362,
      0.9148936170212766
   ],
   "0.9": [
      0.9032258064516129,
      0.9139784946236559,
      0.9247311827956989,
      0.9247311827956989,
      0.9247311827956989,
      0.9247311827956989,
      0.9032258064516129,
      0.9247311827956989,
      0.9032258064516129,
      0.9139784946236559,
      0.8494623655913979,
      0.8279569892473119,
      0.8279569892473119,
      0.8709677419354839,
      0.8279569892473119,
      0.8279569892473119,
      0.8297872340425532,
      0.8,
      0.8936170212765957,
      0.851063829787234,
      0.8404255319148937,
      0.8695652173913043,
      0.9021739130434783,
      0.8602150537634409,
      0.8494623655913979,
      0.8936170212765957,
      0.851063829787234,
      0.9139784946236559,
      0.8404255319148937,
      0.7956989247311828,
      0.7419354838709677,
      0.7956989247311828,
      0.776595744680851,
      0.7872340425531915,
      0.7872340425531915,
      0.7978723404255319,
      0.851063829787234,
      0.8617021276595744,
      0.8404255319148937,
      0.776595744680851,
      0.7340425531914894,
      0.776595744680851,
      0.776595744680851,
      0.7978723404255319,
      0.7872340425531915,
      0.8085106382978723,
      0.8617021276595744,
      0.851063829787234
   ],
   "0.75": [
      0.6881720430107527,
      0.7419354838709677,
      0.7096774193548387,
      0.6774193548387096,
      0.7526881720430108,
      0.7526881720430108,
      0.7849462365591398,
      0.7634408602150538,
      0.7311827956989247,
      0.6666666666666666,
      0.6774193548387096,
      0.7096774193548387,
      0.6559139784946236,
      0.6881720430107527,
      0.6236559139784946,
      0.5913978494623656,
      0.6276595744680851,
      0.6210526315789474,
      0.648936170212766,
      0.6702127659574468,
      0.574468085106383,
      0.6195652173913043,
      0.6304347826086957,
      0.5483870967741935,
      0.5483870967741935,
      0.5212765957446809,
      0.5957446808510638,
      0.6344086021505376,
      0.5425531914893617,
      0.5376344086021505,
      0.5161290322580645,
      0.5161290322580645,
      0.5425531914893617,
      0.5425531914893617,
      0.5212765957446809,
      0.5638297872340425,
      0.5957446808510638,
      0.6170212765957447,
      0.574468085106383,
      0.5638297872340425,
      0.5106382978723404,
      0.425531914893617,
      0.43617021276595747,
      0.46808510638297873,
      0.5319148936170213,
      0.574468085106383,
      0.5851063829787234,
      0.6063829787234043
   ]
}