{
  "0.95": 0.9342545130376644,
  "0.9": 0.8780922665478048,
  "0.75": 0.6545576108758636
}