{
   "0.95": [
      0.8387096774193549,
      0.8924731182795699,
      0.8387096774193549,
      0.7526881720430108,
      0.7526881720430108,
      0.8172043010752689,
      0.8924731182795699,
      0.8924731182795699,
      0.8924731182795699,
      0.8279569892473119,
      0.8602150537634409,
      0.9032258064516129,
      0.9247311827956989,
      0.9139784946236559,
      0.8709677419354839,
      0.8817204301075269,
      0.8936170212765957,
      0.8947368421052632,
      0.9468085106382979,
      0.925531914893617,
      0.9148936170212766,
      0.9130434782608695,
      0.8913043478260869,
      0.9139784946236559,
      0.8924731182795699,
      0.9148936170212766,
      0.9042553191489362,
      0.9139784946236559,
      0.9042553191489362,
      0.9032258064516129,
      0.8494623655913979,
      0.8924731182795699,
      0.8723404255319149,
      0.851063829787234,
      0.9148936170212766,
      0.9680851063829787,
      0.9042553191489362,
      0.9148936170212766,
      0.8936170212765957,
      0.9361702127659575,
      0.9680851063829787,
      0.9361702127659575,
      0.8617021276595744,
      0.8936170212765957,
      0.9148936170212766,
      0.9680851063829787,
      0.9361702127659575,
      0.8617021276595744
   ],
   "0.9": [
      0.7096774193548387,
      0.6559139784946236,
      0.6989247311827957,
      0.6881720430107527,
      0.7311827956989247,
      0.7634408602150538,
      0.8172043010752689,
      0.8172043010752689,
      0.8064516129032258,
      0.7741935483870968,
      0.6774193548387096,
      0.7956989247311828,
      0.8602150537634409,
      0.8387096774193549,
      0.8064516129032258,
      0.7526881720430108,
      0.8617021276595744,
      0.8421052631578947,
      0.9148936170212766,
      0.8723404255319149,
      0.8297872340425532,
      0.75,
      0.8260869565217391,
      0.8172043010752689,
      0.8602150537634409,
      0.776595744680851,
      0.8297872340425532,
      0.7956989247311828,
      0.8404255319148937,
      0.7741935483870968,
      0.7526881720430108,
      0.7849462365591398,
      0.776595744680851,
      0.7553191489361702,
      0.8404255319148937,
      0.7978723404255319,
      0.776595744680851,
      0.8297872340425532,
      0.7978723404255319,
      0.8404255319148937,
      0.8723404255319149,
      0.8191489361702128,
      0.776595744680851,
      0.776595744680851,
      0.8723404255319149,
      0.8617021276595744,
      0.8617021276595744,
      0.776595744680851
   ],
   "0.75": [
      0.3225806451612903,
      0.3655913978494624,
      0.44086021505376344,
      0.3548387096774194,
      0.41935483870967744,
      0.5268817204301075,
      0.6021505376344086,
      0.5161290322580645,
      0.45161290322580644,
      0.5053763440860215,
      0.41935483870967744,
      0.4946236559139785,
      0.5913978494623656,
      0.4731182795698925,
      0.4946236559139785,
      0.5698924731182796,
      0.574468085106383,
      0.5052631578947369,
      0.5531914893617021,
      0.5851063829787234,
      0.5638297872340425,
      0.5869565217391305,
      0.6521739130434783,
      0.5913978494623656,
      0.5376344086021505,
      0.5425531914893617,
      0.48936170212765956,
      0.5161290322580645,
      0.48936170212765956,
      0.5161290322580645,
      0.41935483870967744,
      0.45161290322580644,
      0.4574468085106383,
      0.5319148936170213,
      0.4787234042553192,
      0.5,
      0.5425531914893617,
      0.5638297872340425,
      0.5638297872340425,
      0.5106382978723404,
      0.4787234042553192,
      0.48936170212765956,
      0.5319148936170213,
      0.5638297872340425,
      0.44680851063829785,
      0.43617021276595747,
      0.3617021276595745,
      0.4574468085106383
   ]
}