{
  "0.95": 0.8834410519277914,
  "0.9": 0.7880543793180299,
  "0.75": 0.4947626476487631
}