{
   "0.95": [
      0.7741935483870968,
      0.8387096774193549,
      0.8387096774193549,
      0.7419354838709677,
      0.7634408602150538,
      0.7956989247311828,
      0.8709677419354839,
      0.8817204301075269,
      0.8924731182795699,
      0.8817204301075269,
      0.8602150537634409,
      0.8602150537634409,
      0.9247311827956989,
      0.9032258064516129,
      0.8817204301075269,
      0.8817204301075269,
      0.9468085106382979,
      0.9157894736842105,
      0.925531914893617,
      0.925531914893617,
      0.9148936170212766,
      0.9130434782608695,
      0.8695652173913043,
      0.8709677419354839,
      0.9247311827956989,
      0.9574468085106383,
      0.8936170212765957,
      0.8602150537634409,
      0.8617021276595744,
      0.8602150537634409,
      0.8709677419354839,
      0.8172043010752689,
      0.8829787234042553,
      0.8723404255319149,
      0.9574468085106383,
      0.9361702127659575,
      0.8617021276595744,
      0.8829787234042553,
      0.8723404255319149,
      0.9148936170212766,
      0.9468085106382979,
      0.9148936170212766,
      0.8829787234042553,
      0.9148936170212766,
      0.9361702127659575,
      0.9680851063829787,
      0.9468085106382979,
      0.9574468085106383
   ],
   "0.9": [
      0.7096774193548387,
      0.7204301075268817,
      0.6774193548387096,
      0.6344086021505376,
      0.6559139784946236,
      0.6881720430107527,
      0.8064516129032258,
      0.8064516129032258,
      0.8709677419354839,
      0.7311827956989247,
      0.7204301075268817,
      0.8064516129032258,
      0.8709677419354839,
      0.8279569892473119,
      0.8387096774193549,
      0.8172043010752689,
      0.8829787234042553,
      0.8631578947368421,
      0.8617021276595744,
      0.8191489361702128,
      0.8085106382978723,
      0.8260869565217391,
      0.8043478260869565,
      0.7634408602150538,
      0.7849462365591398,
      0.7659574468085106,
      0.776595744680851,
      0.7419354838709677,
      0.7659574468085106,
      0.7526881720430108,
      0.7311827956989247,
      0.7526881720430108,
      0.7872340425531915,
      0.8191489361702128,
      0.7872340425531915,
      0.7978723404255319,
      0.8191489361702128,
      0.7446808510638298,
      0.7978723404255319,
      0.776595744680851,
      0.7978723404255319,
      0.851063829787234,
      0.7446808510638298,
      0.8085106382978723,
      0.8617021276595744,
      0.8723404255319149,
      0.851063829787234,
      0.8297872340425532
   ],
   "0.75": [
      0.45161290322580644,
      0.40860215053763443,
      0.44086021505376344,
      0.41935483870967744,
      0.3333333333333333,
      0.5268817204301075,
      0.4731182795698925,
      0.5376344086021505,
      0.4946236559139785,
      0.5053763440860215,
      0.45161290322580644,
      0.4731182795698925,
      0.45161290322580644,
      0.4838709677419355,
      0.5268817204301075,
      0.6021505376344086,
      0.6702127659574468,
      0.631578947368421,
      0.6063829787234043,
      0.5319148936170213,
      0.6170212765957447,
      0.532608695652174,
      0.6195652173913043,
      0.5053763440860215,
      0.4838709677419355,
      0.48936170212765956,
      0.46808510638297873,
      0.3333333333333333,
      0.3404255319148936,
      0.44086021505376344,
      0.44086021505376344,
      0.5268817204301075,
      0.4574468085106383,
      0.6063829787234043,
      0.5638297872340425,
      0.5212765957446809,
      0.5638297872340425,
      0.5957446808510638,
      0.5851063829787234,
      0.425531914893617,
      0.44680851063829785,
      0.48936170212765956,
      0.425531914893617,
      0.48936170212765956,
      0.5425531914893617,
      0.4148936170212766,
      0.43617021276595747,
      0.4787234042553192
   ]
}