{
   "0.95": [
      0.7741935483870968,
      0.8387096774193549,
      0.8387096774193549,
      0.7419354838709677,
      0.7634408602150538,
      0.7956989247311828,
      0.8709677419354839,
      0.8817204301075269,
      0.8924731182795699,
      0.8709677419354839,
      0.8494623655913979,
      0.8709677419354839,
      0.9247311827956989,
      0.9247311827956989,
      0.8709677419354839,
      0.8494623655913979,
      0.9148936170212766,
      0.8736842105263158,
      0.9361702127659575,
      0.9148936170212766,
      0.8936170212765957,
      0.9239130434782609,
      0.9130434782608695,
      0.8924731182795699,
      0.9139784946236559,
      0.8936170212765957,
      0.8829787234042553,
      0.8817204301075269,
      0.8723404255319149,
      0.8387096774193549,
      0.8602150537634409,
      0.8387096774193549,
      0.851063829787234,
      0.8829787234042553,
      0.9361702127659575,
      0.8723404255319149,
      0.8936170212765957,
      0.8829787234042553,
      0.8829787234042553,
      0.9148936170212766,
      0.9468085106382979,
      0.925531914893617,
      0.8829787234042553,
      0.9042553191489362,
      0.9361702127659575,
      0.9680851063829787,
      0.9574468085106383,
      0.9574468085106383
   ],
   "0.9": [
      0.7204301075268817,
      0.7204301075268817,
      0.6666666666666666,
      0.6451612903225806,
      0.6559139784946236,
      0.6881720430107527,
      0.8064516129032258,
      0.8064516129032258,
      0.8817204301075269,
      0.7419354838709677,
      0.7311827956989247,
      0.7956989247311828,
      0.8279569892473119,
      0.8387096774193549,
      0.8387096774193549,
      0.7956989247311828,
      0.8404255319148937,
      0.8,
      0.8829787234042553,
      0.8191489361702128,
      0.8297872340425532,
      0.7934782608695652,
      0.8478260869565217,
      0.8279569892473119,
      0.8602150537634409,
      0.8297872340425532,
      0.7553191489361702,
      0.8064516129032258,
      0.8191489361702128,
      0.7204301075268817,
      0.6881720430107527,
      0.7204301075268817,
      0.7340425531914894,
      0.7978723404255319,
      0.8404255319148937,
      0.8297872340425532,
      0.7978723404255319,
      0.7659574468085106,
      0.776595744680851,
      0.7553191489361702,
      0.7978723404255319,
      0.8297872340425532,
      0.7446808510638298,
      0.7872340425531915,
      0.8297872340425532,
      0.8617021276595744,
      0.851063829787234,
      0.8191489361702128
   ],
   "0.75": [
      0.45161290322580644,
      0.44086021505376344,
      0.45161290322580644,
      0.41935483870967744,
      0.3333333333333333,
      0.5268817204301075,
      0.4731182795698925,
      0.5483870967741935,
      0.5053763440860215,
      0.5268817204301075,
      0.46236559139784944,
      0.5268817204301075,
      0.4946236559139785,
      0.5483870967741935,
      0.5161290322580645,
      0.6129032258064516,
      0.648936170212766,
      0.6,
      0.5957446808510638,
      0.6595744680851063,
      0.5531914893617021,
      0.5978260869565217,
      0.4673913043478261,
      0.4731182795698925,
      0.4946236559139785,
      0.4574468085106383,
      0.5,
      0.5376344086021505,
      0.48936170212765956,
      0.40860215053763443,
      0.3870967741935484,
      0.3870967741935484,
      0.3723404255319149,
      0.5,
      0.43617021276595747,
      0.5,
      0.5531914893617021,
      0.5212765957446809,
      0.5425531914893617,
      0.4787234042553192,
      0.48936170212765956,
      0.4787234042553192,
      0.43617021276595747,
      0.48936170212765956,
      0.5212765957446809,
      0.425531914893617,
      0.425531914893617,
      0.4787234042553192
   ]
}