{
  "0.95": 0.8870069088477824,
  "0.9": 0.7882772453755293,
  "0.75": 0.49721417428125697
}