{
  "0.95": 0.9001560062402496,
  "0.9": 0.814798306217963,
  "0.75": 0.545576108758636
}