{
   "0.95": [
      0.3621944775390755,
      0.3581160169364367,
      0.34308384510347056,
      0.3201141267637582,
      0.282327308791319,
      0.31893131504160804,
      0.3475958449156202,
      0.3474499998869992,
      0.34937298996169597,
      0.3140766335296469,
      0.3734984428401478,
      0.39551815202553625,
      0.43921954250049783,
      0.4334490153740525,
      0.39403256202733467,
      0.42587997413416445,
      0.48386396467434434,
      0.48645398941957485,
      0.5738814460726663,
      0.5828238481676387,
      0.6716709372924549,
      0.6592200578699402,
      0.7153165378335812,
      0.7303658150466142,
      0.713366923520921,
      0.7790892591798037,
      0.7497958167359113,
      0.7068602444548993,
      0.6053481870708785,
      0.6092906132979024,
      0.613607559711429,
      0.660474927964635,
      0.6197457085738913,
      0.5539381714377832,
      0.47258397333642266,
      0.5553285514426567,
      0.44366559744689327,
      0.41677245577827776,
      0.3772347663800843,
      0.4407720107316797,
      0.5055801659552474,
      0.4862362175004698,
      0.43466302766549686,
      0.4666579012900307,
      0.4681300588991994,
      0.5594737787358637,
      0.44943866456185416,
      0.3697809356163826
   ],
   "0.9": [
      0.22955704411009156,
      0.231923082943784,
      0.22655737695757994,
      0.22009726995081977,
      0.23345391378120392,
      0.25149835470217136,
      0.27022079324623444,
      0.25057305624272025,
      0.2751999746286942,
      0.22295103261033639,
      0.20931684499833192,
      0.25476107912624596,
      0.3160801192715889,
      0.2867948938349561,
      0.29698048014881057,
      0.32899463063737516,
      0.3668750019349262,
      0.3912736730937369,
      0.43035735049545526,
      0.4702841652509002,
      0.4958244113442471,
      0.48937584363826653,
      0.5596028193025072,
      0.5863606455848118,
      0.6042741962745382,
      0.543191315055598,
      0.5608703844163095,
      0.5408848941046089,
      0.519065244031322,
      0.4356703728740772,
      0.46534873976488295,
      0.4131540925112681,
      0.45720011448441417,
      0.4229275087777394,
      0.36032558065717174,
      0.3351124296373581,
      0.3086310223646436,
      0.30795907178818777,
      0.2613356539938247,
      0.30419439301662565,
      0.3861621586934563,
      0.3603170706551098,
      0.3300861990005559,
      0.29231676827611436,
      0.3186100031827008,
      0.32303590147856004,
      0.27274198574796266,
      0.23118700578111048
   ],
   "0.75": [
      0.0776961737097393,
      0.0708127307534271,
      0.09045514003563423,
      0.1040078196224993,
      0.10282016115494598,
      0.11211171121384722,
      0.11542473089550828,
      0.08936414210106741,
      0.08249006887741657,
      0.0918171025000627,
      0.09374337724872121,
      0.10599348869373056,
      0.12695204715495165,
      0.13690204362286396,
      0.11456303683480817,
      0.15770911596670037,
      0.16963487775778519,
      0.1588719195921085,
      0.20056086131946854,
      0.21511123796316767,
      0.24124296887253338,
      0.2794098241403986,
      0.35560712229029157,
      0.29232638111030024,
      0.3109020405707251,
      0.31920271235723513,
      0.30321417711864507,
      0.30248511423648045,
      0.2014209392392893,
      0.1920276739911409,
      0.17745471454840853,
      0.1685771480735633,
      0.15341414318364907,
      0.17507986013271945,
      0.1409320138395895,
      0.16238912594603497,
      0.16375991046343294,
      0.13338883979323427,
      0.12323595639992242,
      0.11568534770802837,
      0.11481291226104536,
      0.11453754984422401,
      0.12466389159681895,
      0.1278669948248904,
      0.10517914860035586,
      0.08933118953292893,
      0.0894191872645034,
      0.10329217728704052
   ]
}