{
   "0.95": [
      0.8924731182795699,
      0.8817204301075269,
      0.8924731182795699,
      0.9032258064516129,
      0.8817204301075269,
      0.9032258064516129,
      0.9247311827956989,
      0.8602150537634409,
      0.8817204301075269,
      0.9247311827956989,
      0.8602150537634409,
      0.9354838709677419,
      0.946236559139785,
      0.8709677419354839,
      0.8494623655913979,
      0.8602150537634409,
      0.851063829787234,
      0.8947368421052632,
      0.9574468085106383,
      0.9042553191489362,
      0.9361702127659575,
      0.9021739130434783,
      0.9347826086956522,
      0.9354838709677419,
      0.946236559139785,
      0.9574468085106383,
      0.9361702127659575,
      0.9247311827956989,
      0.9042553191489362,
      0.8709677419354839,
      0.8494623655913979,
      0.8817204301075269,
      0.8936170212765957,
      0.8404255319148937,
      0.8723404255319149,
      0.8936170212765957,
      0.8936170212765957,
      0.8936170212765957,
      0.9042553191489362,
      0.8723404255319149,
      0.9042553191489362,
      0.8617021276595744,
      0.9468085106382979,
      0.925531914893617,
      0.9148936170212766,
      0.8191489361702128,
      0.9468085106382979,
      0.9680851063829787
   ],
   "0.9": [
      0.8924731182795699,
      0.8709677419354839,
      0.8172043010752689,
      0.8494623655913979,
      0.8817204301075269,
      0.8602150537634409,
      0.8602150537634409,
      0.7204301075268817,
      0.6881720430107527,
      0.8817204301075269,
      0.7956989247311828,
      0.8602150537634409,
      0.7634408602150538,
      0.7634408602150538,
      0.7956989247311828,
      0.7741935483870968,
      0.7446808510638298,
      0.7473684210526316,
      0.8723404255319149,
      0.7872340425531915,
      0.7659574468085106,
      0.8043478260869565,
      0.8043478260869565,
      0.8064516129032258,
      0.8064516129032258,
      0.851063829787234,
      0.851063829787234,
      0.8494623655913979,
      0.8085106382978723,
      0.7741935483870968,
      0.7419354838709677,
      0.8064516129032258,
      0.7978723404255319,
      0.776595744680851,
      0.7978723404255319,
      0.8191489361702128,
      0.7978723404255319,
      0.8404255319148937,
      0.8404255319148937,
      0.7978723404255319,
      0.7659574468085106,
      0.8085106382978723,
      0.9042553191489362,
      0.8617021276595744,
      0.9042553191489362,
      0.8191489361702128,
      0.8297872340425532,
      0.851063829787234
   ],
   "0.75": [
      0.6989247311827957,
      0.7096774193548387,
      0.7096774193548387,
      0.7204301075268817,
      0.7096774193548387,
      0.5698924731182796,
      0.5698924731182796,
      0.6021505376344086,
      0.5913978494623656,
      0.6129032258064516,
      0.5698924731182796,
      0.5806451612903226,
      0.5698924731182796,
      0.45161290322580644,
      0.41935483870967744,
      0.4731182795698925,
      0.48936170212765956,
      0.5368421052631579,
      0.5,
      0.5957446808510638,
      0.5106382978723404,
      0.5760869565217391,
      0.42391304347826086,
      0.43010752688172044,
      0.4731182795698925,
      0.46808510638297873,
      0.46808510638297873,
      0.44086021505376344,
      0.425531914893617,
      0.3655913978494624,
      0.41935483870967744,
      0.5161290322580645,
      0.4574468085106383,
      0.40425531914893614,
      0.48936170212765956,
      0.5638297872340425,
      0.5851063829787234,
      0.574468085106383,
      0.5319148936170213,
      0.6276595744680851,
      0.5425531914893617,
      0.6595744680851063,
      0.7340425531914894,
      0.7659574468085106,
      0.5531914893617021,
      0.44680851063829785,
      0.5638297872340425,
      0.48936170212765956
   ]
}