{
   "0.95": [
      0.32002813006689557,
      0.37268247509040014,
      0.3295120543323025,
      0.32269108367263494,
      0.3122305794322745,
      0.3184973470195512,
      0.32105845021352,
      0.3306091736644085,
      0.3518352509526711,
      0.31709379798518567,
      0.3371419895100187,
      0.3510113908661568,
      0.37994026360884775,
      0.3900586340449998,
      0.35914844718044453,
      0.4342813255935767,
      0.4813506067750484,
      0.4800752745712407,
      0.5054584422939267,
      0.4456481612738557,
      0.5136767171519996,
      0.5213606526512955,
      0.4854349890713149,
      0.45467402183485095,
      0.47881220794064216,
      0.5050023840730212,
      0.5805626847836105,
      0.5113721732384487,
      0.5254123545532502,
      0.43878093193943885,
      0.3946000015632704,
      0.43604854631679507,
      0.4310867224726869,
      0.47736910092031537,
      0.5591161387536108,
      0.42458727092814796,
      0.4113667368415383,
      0.3912817041338059,
      0.37571271995423866,
      0.4163707190083437,
      0.4966236721809124,
      0.43460783367436917,
      0.44345844540505863,
      0.45876538522875854,
      0.49306712876217607,
      0.5266365318996358,
      0.44507974780292603,
      0.43139233732477195
   ],
   "0.9": [
      0.24642106189315596,
      0.2297500785137235,
      0.20976593395354104,
      0.21045110080732124,
      0.20851504627603473,
      0.22956129988719437,
      0.2521481087699332,
      0.24169482486389135,
      0.29436699311272874,
      0.22419276227828522,
      0.23413430490507994,
      0.25837774786470996,
      0.2891554704996833,
      0.26104946873309703,
      0.29132918718230427,
      0.34106683560951434,
      0.3683671347368363,
      0.3131595049034739,
      0.3070941607869753,
      0.3238762069949481,
      0.351837039471255,
      0.3796206554121601,
      0.37608484415974086,
      0.34888827571873915,
      0.33184794505927556,
      0.3350911684952959,
      0.3830339988813229,
      0.403843001265449,
      0.4002934167109227,
      0.31942497573619044,
      0.30169759127165413,
      0.34607806689961995,
      0.3347917224213307,
      0.34107529469262055,
      0.3085998024450844,
      0.24700953294581815,
      0.2860864261908075,
      0.2556773216462432,
      0.26278854545772135,
      0.2777564940020892,
      0.29321034432838444,
      0.3295951693100713,
      0.2850040921283156,
      0.2829057421654381,
      0.32336121906603393,
      0.328420374641135,
      0.27004428614427606,
      0.2581311395559048
   ],
   "0.75": [
      0.08843160763037017,
      0.07786604661452323,
      0.08548600296622655,
      0.10697785899572426,
      0.09664905782923268,
      0.10532861154806777,
      0.10081928405747305,
      0.09779844206882243,
      0.10174748057320697,
      0.09937220381133895,
      0.09395254138014042,
      0.08439078502488796,
      0.08293826372875333,
      0.09072375664905864,
      0.09117947278585553,
      0.1247147426951225,
      0.13232966684504607,
      0.12202725750309441,
      0.1157389811574272,
      0.11794294547573933,
      0.1383650154789878,
      0.09947855964145924,
      0.1381967270680759,
      0.12555199919440765,
      0.1226794525292379,
      0.16315874006778028,
      0.1679541776099459,
      0.11331746124620953,
      0.10868597315163252,
      0.11748407452504755,
      0.12091603805558841,
      0.1347084660164552,
      0.11528236368194904,
      0.13788612049611776,
      0.12508529133725563,
      0.12356766579794602,
      0.12694896969682382,
      0.12282817176013464,
      0.12460326290112261,
      0.10765118337143513,
      0.10689642300095023,
      0.11056974410620411,
      0.11889126976520799,
      0.12200023452161136,
      0.12683943921538438,
      0.09231974744961675,
      0.08625411185843915,
      0.10500487599093311
   ]
}