{
   "0.95": [
      0.3195506320948049,
      0.37264240450405556,
      0.32957896565452616,
      0.3231473030373054,
      0.31201170564242015,
      0.3185686506333389,
      0.32082754458129586,
      0.3322360048869678,
      0.3532916578655167,
      0.31565940909137213,
      0.33488776361410677,
      0.34883434799613056,
      0.4150547578496688,
      0.41094669728227484,
      0.3375037803214275,
      0.3246554630927722,
      0.3706448027233683,
      0.3856887210160827,
      0.47728045929198903,
      0.4972615098980852,
      0.5549651914268017,
      0.5311928069733483,
      0.6121607277480321,
      0.6623351709865207,
      0.5679294889466393,
      0.5944454816642915,
      0.5340937730360305,
      0.525978498825384,
      0.5675885672495949,
      0.5209973951879233,
      0.5361588628232352,
      0.5171834668138675,
      0.4845448859064448,
      0.4485311173868475,
      0.44341195578341464,
      0.3475287460103026,
      0.3469582898834937,
      0.3717959232357869,
      0.4019638067759853,
      0.45482818267913755,
      0.5178171709935132,
      0.4452766666878744,
      0.4642392805241464,
      0.4524132959613808,
      0.5015194617922369,
      0.5291288036882916,
      0.4480279092762534,
      0.4291170772264133
   ],
   "0.9": [
      0.24886764007394582,
      0.23280744391110372,
      0.21138135324073065,
      0.22569383200992144,
      0.20834606288977128,
      0.22903172442206676,
      0.25231211471069587,
      0.24273139722852208,
      0.29638903218911733,
      0.2283667782206681,
      0.24143293708428942,
      0.26013013463833795,
      0.2847533146935562,
      0.2625010178136884,
      0.2736092559612635,
      0.24955423632346732,
      0.2932155724417382,
      0.29669328321754834,
      0.3696211355621066,
      0.3771216644859038,
      0.44771292427688847,
      0.4334379465173413,
      0.46795420412156113,
      0.5614524991299837,
      0.4959470430185467,
      0.4530425859374752,
      0.4311592354456259,
      0.4497592844016869,
      0.4181226832617843,
      0.39621719548302375,
      0.3559426908328493,
      0.3103949297305015,
      0.3183133843540503,
      0.335538900056591,
      0.31876892203068125,
      0.28710703982563207,
      0.2900939154250891,
      0.2591331560077226,
      0.29777256415850406,
      0.28587970189249484,
      0.3086835584702529,
      0.332500135723302,
      0.29444935542304984,
      0.29666488086114046,
      0.32806915716409835,
      0.3323157982127679,
      0.27703957355823544,
      0.2586742356424273
   ],
   "0.75": [
      0.08884444526861525,
      0.07953769730189354,
      0.09109671076298949,
      0.10967842253701815,
      0.10022814959138164,
      0.11092418790557669,
      0.10288848256997256,
      0.10385964417302626,
      0.10350882615590005,
      0.10971616625721566,
      0.09945302665046997,
      0.105039716648667,
      0.09874864668167227,
      0.11638667246551378,
      0.11758624183843187,
      0.15000157793250138,
      0.14117061525638921,
      0.1427431444835752,
      0.18344411198029922,
      0.20354732517384486,
      0.2183683525294193,
      0.22668905109892828,
      0.2071786942749461,
      0.25838321342740783,
      0.22398683753212942,
      0.21699852529238636,
      0.23119971925116434,
      0.2384610239248429,
      0.19962510243151832,
      0.15705301201734853,
      0.15250251434727952,
      0.13116434263323512,
      0.13143325741965137,
      0.12752344358236536,
      0.12184253393424627,
      0.1259507194123032,
      0.14270140161332784,
      0.1312822939628524,
      0.13346235535938605,
      0.12017097299840376,
      0.12680913748802808,
      0.10587699770456416,
      0.12708373157366346,
      0.11512816419313969,
      0.1258582356500135,
      0.0986641198803867,
      0.08922725403160636,
      0.1077154797076261
   ]
}