{
  "0.95": 0.8921328281702696,
  "0.9": 0.799197682193002,
  "0.75": 0.500780031201248
}