{
   "0.95": [
      0.8742479897159429,
      0.7759516418659457,
      0.9100206450885057,
      0.7486710694231381,
      0.6089953039405522,
      0.9117074902060701,
      0.9947614522736123,
      0.5703626296137847,
      0.38988727186337224,
      0.37258537993061436,
      0.34388379043524336,
      0.6063593784047813,
      0.6868088813445214,
      0.47410878744328827,
      0.34590519559776617,
      0.4166314650689144,
      0.36788626285712145,
      0.5544032205818675,
      0.6652619393372404,
      0.670062408401496,
      0.7876978931563262,
      0.6950966399209382,
      0.8359490585657812,
      0.7799112722163963,
      0.6615652953205718,
      0.5933659504340543,
      0.5483596889990042,
      0.6082346808738839,
      0.6196613838589272,
      0.5896833041495085,
      0.603837804146568,
      0.6077708438872972,
      0.5446196651151343,
      0.5219613381899216,
      0.576018868160415,
      0.44366963933921455,
      0.49698920545711683,
      0.5621056480710389,
      0.407230893541218,
      0.5570740535730483,
      0.25068473694648397,
      0.8465207627009264,
      0.24840296580974244,
      0.8871345311437642,
      0.4391650708926017,
      0.7056231271434017,
      0.5334881125315044,
      0.934208861383826
   ],
   "0.9": [
      0.18633613900574092,
      0.18633613900574092,
      0.18267673061129935,
      0.18371223993677263,
      0.18371223993677263,
      0.17538968647832295,
      0.1444907593563362,
      0.48422424139730136,
      0.2614231978116091,
      0.21981333188079522,
      0.20207572779774738,
      0.2812167945216794,
      0.23713955346627152,
      0.2961490957300967,
      0.27160605510416147,
      0.30883004560614263,
      0.2577835767054101,
      0.3323509912867484,
      0.5015829957137815,
      0.4590944690627447,
      0.5119200162199469,
      0.5388790598377202,
      0.5949356476058695,
      0.5218557538234009,
      0.43679904194701535,
      0.45814640539058676,
      0.4538768524625252,
      0.4908250095733751,
      0.43291432384451584,
      0.47479470765332027,
      0.4063813071944147,
      0.402440265210604,
      0.4445848076109684,
      0.42281652986608115,
      0.3750377264349435,
      0.3254214749746644,
      0.3282641160132144,
      0.3942328266064639,
      0.26356817887572104,
      0.39920820083152203,
      0.11838465438247488,
      0.6150718071769722,
      0.1982923175942117,
      0.6969463972176928,
      0.4049380489425835,
      0.51516454819208,
      0.25610084229120095,
      0.34189413356737713
   ],
   "0.75": [
      0.03790216341622051,
      0.03790216341622051,
      0.03790216341622051,
      0.03790216341622051,
      0.03790216341622051,
      0.02842662256216539,
      0.0,
      0.2721754925610701,
      0.12820099208931005,
      0.1120320338266534,
      0.09843369578937476,
      0.01165906731352629,
      0.07696242630645707,
      0.09024033917255293,
      0.055905917049878455,
      0.06918185498708268,
      0.08959053673604703,
      0.12855938822420293,
      0.14822195736530108,
      0.21319909653912442,
      0.1970445864451953,
      0.2413430178654261,
      0.20031206260385467,
      0.22845228138665644,
      0.20901217300396674,
      0.19509890492000886,
      0.20218052051294674,
      0.2080705410268555,
      0.20659396432055968,
      0.16774128711507205,
      0.18651976478856777,
      0.19248538388607092,
      0.15252181921863436,
      0.10063488754890264,
      0.10271402145589877,
      0.0961078379538178,
      0.07321632687431323,
      0.12810955113062958,
      0.06372736807700598,
      0.1528386243406408,
      0.05965174930282907,
      0.3264795445090065,
      0.0711868731512114,
      0.23277815868807034,
      0.19433973824685719,
      0.04857723346201756,
      0.04577220330581561,
      0.07437581790138743
   ]
}