{
  "0.95": 0.9608993157380255,
  "0.9": 0.9393939393939394,
  "0.75": 0.636852394916911
}