{
  "0.95": 0.727761485826002,
  "0.9": 0.667644183773216,
  "0.75": 0.4315738025415445
}