{
   "0.95": [
      0.9302325581395349,
      0.9302325581395349,
      0.9302325581395349,
      0.9534883720930233,
      0.9302325581395349,
      0.9302325581395349,
      0.9534883720930233,
      0.9302325581395349,
      0.9534883720930233,
      0.9534883720930233,
      0.9534883720930233,
      0.9534883720930233,
      0.9534883720930233,
      0.9767441860465116,
      0.9767441860465116,
      0.9767441860465116,
      0.9767441860465116,
      0.9767441860465116,
      0.9534883720930233,
      0.9534883720930233,
      0.9302325581395349,
      0.9767441860465116,
      0.9534883720930233,
      0.9534883720930233,
      1.0,
      1.0,
      0.9523809523809523,
      0.9761904761904762,
      0.9761904761904762,
      0.9285714285714286,
      0.9523809523809523,
      0.9523809523809523,
      0.9761904761904762,
      0.9523809523809523,
      0.9523809523809523,
      0.9761904761904762,
      0.9761904761904762,
      0.9761904761904762,
      0.9761904761904762,
      0.9761904761904762,
      0.9767441860465116,
      0.9767441860465116,
      0.9767441860465116,
      0.9767441860465116,
      0.9761904761904762,
      0.9523809523809523,
      0.9534883720930233,
      0.9767441860465116
   ],
   "0.9": [
      0.9302325581395349,
      0.9302325581395349,
      0.9302325581395349,
      0.9302325581395349,
      0.9069767441860465,
      0.9302325581395349,
      0.9302325581395349,
      0.9302325581395349,
      0.9534883720930233,
      0.9534883720930233,
      0.9534883720930233,
      0.8837209302325582,
      0.9069767441860465,
      0.9069767441860465,
      0.9767441860465116,
      0.9767441860465116,
      0.9767441860465116,
      0.9302325581395349,
      0.9069767441860465,
      0.9302325581395349,
      0.9302325581395349,
      0.9302325581395349,
      0.8837209302325582,
      0.9302325581395349,
      0.8809523809523809,
      0.9047619047619048,
      0.9047619047619048,
      0.8809523809523809,
      0.9285714285714286,
      0.9285714285714286,
      0.9047619047619048,
      0.9285714285714286,
      0.9523809523809523,
      0.9523809523809523,
      0.9285714285714286,
      0.9761904761904762,
      0.9761904761904762,
      0.9761904761904762,
      0.9761904761904762,
      0.9761904761904762,
      0.9767441860465116,
      0.9767441860465116,
      0.9767441860465116,
      0.9767441860465116,
      0.9761904761904762,
      0.9523809523809523,
      0.9534883720930233,
      0.9767441860465116
   ],
   "0.75": [
      0.6046511627906976,
      0.6511627906976745,
      0.6976744186046512,
      0.627906976744186,
      0.6976744186046512,
      0.627906976744186,
      0.5813953488372093,
      0.5348837209302325,
      0.5348837209302325,
      0.37209302325581395,
      0.4418604651162791,
      0.3488372093023256,
      0.3488372093023256,
      0.46511627906976744,
      0.6744186046511628,
      0.5581395348837209,
      0.6046511627906976,
      0.6744186046511628,
      0.6046511627906976,
      0.6046511627906976,
      0.627906976744186,
      0.6744186046511628,
      0.627906976744186,
      0.6744186046511628,
      0.7857142857142857,
      0.6666666666666666,
      0.5952380952380952,
      0.5476190476190477,
      0.7142857142857143,
      0.6428571428571429,
      0.6666666666666666,
      0.5476190476190477,
      0.5952380952380952,
      0.5714285714285714,
      0.6428571428571429,
      0.7619047619047619,
      0.5,
      0.4523809523809524,
      0.6190476190476191,
      0.6190476190476191,
      0.813953488372093,
      0.8372093023255814,
      0.7906976744186046,
      0.9069767441860465,
      0.8333333333333334,
      0.8809523809523809,
      0.813953488372093,
      0.9069767441860465
   ]
}