{
   "0.95": [
      0.14983854920493966,
      0.058150926750421425,
      0.058150926750421425,
      0.4539222229949273,
      0.9247120812756078,
      0.32804983745143523,
      7.374482044942626,
      1.899535279213507,
      1.3562965597762149,
      1.9032760963524433,
      1.3328276744580982,
      1.5456750204231033,
      1.4578999719595815,
      1.3998733596085564,
      1.3160180758568678,
      1.5307927814730102,
      1.3526916330017047,
      1.5007648014161976,
      1.460958652139982,
      1.4975013226643998,
      1.4910307952228707,
      1.5032259115682396,
      1.4580576803601855,
      1.4017239934832195,
      1.420937261536555,
      1.4675853167955784,
      1.4164869363734558,
      1.301282720509721,
      1.0541073583402716,
      0.9332804844742151,
      1.0677977227927211,
      0.9089150966344949,
      0.6665886387807355,
      0.7931177534935623,
      0.6798908864126614,
      0.6261353933629983,
      0.37720822261286757,
      0.3556639105215962,
      0.16020266260307298,
      0.3374158048443464,
      0.34911834313872553,
      0.2963606056996814,
      0.06788125095881077,
      0.4893869286969286,
      0.06480966302991917,
      0.04499920466281045,
      0.29249958086926026,
      0.15591557176325088
   ],
   "0.9": [
      0.11577088834543778,
      0.058150926750421425,
      0.058150926750421425,
      0.306289200079495,
      0.32804983745143523,
      0.32804983745143523,
      2.19769666269415,
      1.0110915323016045,
      0.7923201241261332,
      1.2987825273053304,
      0.8579810270997669,
      1.0362624172183654,
      1.0921639318220289,
      1.0992991139389625,
      1.011215748783777,
      1.1801692645355997,
      1.0358654456875975,
      1.1452591228257059,
      1.090568197797197,
      1.0996529005131985,
      1.1223438098118343,
      1.062056635094374,
      1.0840847768772888,
      1.0532734414474876,
      1.0915748004247272,
      1.1894378721554486,
      1.0194438390831555,
      0.9608811792436409,
      0.8019607755141622,
      0.7090930500859552,
      0.8142676183352354,
      0.7050748319124555,
      0.4637489591254687,
      0.5799736311688545,
      0.4269875061302542,
      0.371962848132372,
      0.21016625211299167,
      0.2724651514601756,
      0.1463905497122414,
      0.27597187013513225,
      0.30564525509236923,
      0.24665417767677014,
      0.04246600044172976,
      0.23071153595577742,
      0.02044420959960606,
      0.014761981775078833,
      0.09595443995877376,
      0.1346132718260311
   ],
   "0.75": [
      0.0,
      0.0,
      0.0,
      0.0,
      0.0,
      0.0,
      0.25346362004202516,
      0.10291183351854365,
      0.2208651204407627,
      0.3767185922061322,
      0.33052831793994386,
      0.42207663760184516,
      0.46007623674688636,
      0.4591388913676723,
      0.4388308305833426,
      0.5691794836116925,
      0.46872009106185086,
      0.5217045153370345,
      0.5498405103020929,
      0.5140499146553048,
      0.5041740322263117,
      0.4904048337390039,
      0.4826165214458451,
      0.4628556137475322,
      0.49350445989174274,
      0.528834287757612,
      0.479587016132738,
      0.4221033035344231,
      0.37503734769403135,
      0.33742498519008934,
      0.3215078317287175,
      0.27580533865469486,
      0.18383557318168506,
      0.27083321241352404,
      0.16261145154180587,
      0.14989689776130527,
      0.06669640016510003,
      0.17025724872877315,
      0.08182991382020047,
      0.09823135180396647,
      0.2551723126526418,
      0.06707409649880704,
      0.008510253743673707,
      0.0,
      0.0,
      0.00047309367332860295,
      0.0,
      0.0
   ]
}