{
   "0.95": [
      1.209948798951672,
      1.216307513396347,
      1.1166920347464793,
      1.1348303873272874,
      1.0439353021119018,
      0.9411313052052687,
      0.9649506415183177,
      0.9788301437487565,
      1.0669340703627983,
      1.5830144595303999,
      1.4869461833913638,
      1.26015254815159,
      1.1509345659091539,
      1.152907718938817,
      1.1187196951144267,
      1.0227130973389342,
      1.0291865162455436,
      1.0586524421954715,
      0.9756003778910697,
      0.9846951156962942,
      1.1117622942218286,
      1.1628088294404555,
      1.1291500408456352,
      1.148386095546268,
      1.0621946259135249,
      0.9072073948403847,
      0.9549530516326337,
      0.9467685529995844,
      1.1019083495930762,
      1.1969554268987561,
      1.4093865259207747,
      1.4898882344204805,
      1.7231461761614246,
      1.3360958513500731,
      1.423536311744835,
      0.9019071253974759,
      1.1655322062713749,
      1.3390802327127387,
      1.439552486078077,
      1.6213469880261075,
      1.647186380034891,
      1.486342099837912,
      1.5289138436986967,
      1.5211687002170868,
      1.9196461995975638,
      1.8019972742272607,
      1.3365943663224205,
      1.415366094881714
   ],
   "0.9": [
      0.9641799787025712,
      0.9675624798491854,
      0.9231996004945531,
      0.9391072737736517,
      0.827609978493831,
      0.7676781224198121,
      0.7570981482595779,
      0.7882301666663287,
      0.8372718250281037,
      1.1885335117356468,
      1.1741148468901252,
      0.9383693684047657,
      0.880210287524749,
      0.8513706884948395,
      0.8011442749171188,
      0.7587263322566465,
      0.7589326280798756,
      0.7888289731327193,
      0.7360560263356505,
      0.7545244094884135,
      0.8698726692844856,
      0.8737303534933694,
      0.880540544737191,
      0.8876329755656196,
      0.8523132562811071,
      0.6975006313795077,
      0.7047522234976128,
      0.7379632841278163,
      0.834032290026306,
      0.9067321546955746,
      1.0539051284770284,
      1.1765852190278716,
      1.333915350168889,
      1.0770663932030362,
      1.1701454466345955,
      0.6763695796402094,
      0.8665661319978868,
      1.0487031830849807,
      1.0722542559128132,
      1.2739869049286319,
      1.2981904183782176,
      1.2233859571331958,
      1.1573404253071848,
      1.1822405779824228,
      1.4401318169939974,
      1.4523546576738748,
      0.8239054344559622,
      1.1033597452954307
   ],
   "0.75": [
      0.37557146357608584,
      0.3945124711707864,
      0.3741988053419685,
      0.3692360857713517,
      0.31203346643879354,
      0.2814937347298053,
      0.275317515426861,
      0.30351163030385764,
      0.3276805299547234,
      0.4344507588559656,
      0.41340637987114814,
      0.33563796491960457,
      0.33118573330069395,
      0.3504816272547322,
      0.3425033369234999,
      0.3336698703767675,
      0.3577187281590606,
      0.3963561532794133,
      0.350264432236375,
      0.3595044787901317,
      0.39972297295642806,
      0.4112339535483704,
      0.40461076258257356,
      0.4235243018248555,
      0.40301526045834,
      0.34588331936565864,
      0.3245643800973807,
      0.333337420957962,
      0.3564059718104534,
      0.3740155646871077,
      0.40028183169016246,
      0.45444706566470244,
      0.5356288892952914,
      0.44716270399605196,
      0.5080239751025262,
      0.3052148589438902,
      0.32580628725503785,
      0.41486046824238604,
      0.48985175222286226,
      0.5045943665536682,
      0.5654280812684596,
      0.5170337476598531,
      0.5117019071660666,
      0.5134455919080311,
      0.6760781713609328,
      0.686925824312538,
      0.3407385868305865,
      0.4802158622541073
   ]
}