{
   "0.95": [
      1.2104947201338483,
      1.2169494209490161,
      1.1171849944418404,
      1.1348303873272871,
      1.043935302111901,
      0.9411552693382728,
      0.9649506415183176,
      0.9793492456925761,
      1.0652123580475532,
      1.5304573474784235,
      1.446977036293317,
      1.2400785179806981,
      1.1555738781975855,
      1.237855487475696,
      1.3019935085249288,
      1.2152282162868857,
      1.1518747731291525,
      1.1243829347799497,
      1.2768740983209557,
      1.356771059824134,
      1.2422381571964736,
      1.9226481127774782,
      1.78883692036503,
      1.4798490862801115,
      1.5215001751315635,
      1.3469421266966886,
      1.4127155978574757,
      1.3872972747624608,
      1.8886100171857165,
      1.7612604163342565,
      1.7440732036942181,
      1.7680142792631401,
      1.698600902492494,
      1.31435226486695,
      1.4541571902373098,
      0.9059095076383861,
      1.1547442618880956,
      1.3338077667585595,
      1.421251725731404,
      1.6279712627775869,
      1.6419676324465649,
      1.4861380613603383,
      1.5290651630225436,
      1.5211687002170864,
      1.9196461995975633,
      1.8019972742272603,
      1.33659436632242,
      1.4155488298002867
   ],
   "0.9": [
      0.9646150105603328,
      0.9679824878035423,
      0.9236071436484905,
      0.9391072737736516,
      0.8276099784938309,
      0.7676781224198124,
      0.7599275145469674,
      0.7943323825367177,
      0.8385192703127539,
      1.16027504252193,
      1.2005409638537174,
      0.9425719779664787,
      0.8905844015866249,
      0.8939522905556482,
      0.8750812957523256,
      0.8415326767031069,
      0.8794696603279719,
      0.8140100835504436,
      0.8903877463979073,
      1.0282474103826407,
      0.9100263495882767,
      1.3053209684868656,
      1.1815655647677168,
      1.034380219771543,
      1.004805788905299,
      0.871386175016127,
      1.0191949890910719,
      0.9733061155185877,
      1.3503022353316192,
      1.2693540287434804,
      1.2836162382083756,
      1.4218012586260866,
      1.3659840703173942,
      1.0659158869293646,
      1.1581189509485295,
      0.686474301683081,
      0.8736127451954468,
      1.0496030881260343,
      1.0566407659784551,
      1.2743227886679314,
      1.2941895118261937,
      1.2203984577555615,
      1.1573404253071855,
      1.1822405779824223,
      1.4401318169939972,
      1.4523546576738746,
      0.8239054344559625,
      1.1033597452954305
   ],
   "0.75": [
      0.37574091902541135,
      0.3946837245827735,
      0.3743639940630713,
      0.3690978974905259,
      0.3120334664387937,
      0.2814937347298052,
      0.2755680235630954,
      0.3040379776632347,
      0.3221816775199741,
      0.42571301492089253,
      0.4175418582575688,
      0.3197268395302083,
      0.28303670914050394,
      0.2929748719789475,
      0.3163049454552515,
      0.3057208321385729,
      0.30862268897233436,
      0.32841561462939933,
      0.31076076107296674,
      0.3639442793741476,
      0.2950092070919749,
      0.42389917412736977,
      0.36987849729337213,
      0.34366453093160043,
      0.3755624011978164,
      0.318586231403218,
      0.3116481860010193,
      0.2931736027572376,
      0.4310339566896528,
      0.44981601987101877,
      0.4612139431257245,
      0.5403582145575085,
      0.5256720428586419,
      0.45883297493816355,
      0.5068432660642976,
      0.3098691197366206,
      0.3339014197425494,
      0.4064330065652134,
      0.49558540631918074,
      0.5017353478741762,
      0.5612728651718591,
      0.5125235250339044,
      0.5117019071660663,
      0.5137754024644288,
      0.6786792404983782,
      0.6872061042181064,
      0.34073858683058605,
      0.48035126931455135
   ]
}