{
   "0.95": [
      1.1523585322994359,
      1.2411029478976185,
      1.1255220457098727,
      1.186538367526738,
      1.2013272859522048,
      1.205769642569539,
      1.2630666422108112,
      1.2527937136362104,
      1.272214938919954,
      1.2607673901824836,
      1.0927792462695851,
      1.0875367209007798,
      0.9403466993474063,
      1.0445936138328866,
      1.0257624062495985,
      1.099498107422816,
      1.322733418207178,
      1.6161829127066694,
      1.5856845628175225,
      1.4787136744987017,
      1.3240266014690185,
      1.2176856549616282,
      1.0117751618723672,
      0.891821007769718,
      0.8993710360630479,
      0.9049524122896586,
      0.8932176963399133,
      1.0039150115135236,
      1.201445548022104,
      1.2415380854393867,
      1.489820775100585,
      1.3537561644504525,
      1.1119297371075352,
      1.3495796459070835,
      1.5280799465036976,
      1.0615413499241904,
      1.2724095647192255,
      1.2683411161168197,
      1.0592660880532028,
      1.0670961453271857,
      1.4248658676212944,
      1.445452938914426,
      1.5139664901855072,
      1.4276219962958285,
      1.3158075894508552,
      1.2373311566648666,
      1.2891855272148764,
      1.3210099341442727
   ],
   "0.9": [
      0.8733218931852971,
      0.9517530991758981,
      0.8426476556245326,
      0.9123730700477327,
      0.9368035478550758,
      0.9607815337356589,
      0.9693077391886952,
      0.9410863864303883,
      0.9102820397559022,
      0.8931296834143393,
      0.7380626647535455,
      0.745645029570403,
      0.6356653545287501,
      0.7100936023513552,
      0.7152821389716075,
      0.8022062820220717,
      0.9836086679197598,
      1.1833722454681426,
      1.164592861349582,
      1.086946204527945,
      0.9556356159561448,
      0.9206311505850125,
      0.7518315892782711,
      0.6674219633935158,
      0.6690511506630704,
      0.6585456126354794,
      0.6498824190199566,
      0.712469022795781,
      0.8126624009928811,
      0.8667414563819532,
      1.0640169784411644,
      0.9397661140733871,
      0.8155246958066614,
      1.0600402335047268,
      1.1986684128550107,
      0.821654430777771,
      0.8928358251806806,
      0.9248353227789478,
      0.801313866620407,
      0.7913642036197257,
      1.0757308647076829,
      1.0938441204783302,
      1.1297340102859241,
      1.1308734493742554,
      0.9838889471194504,
      0.999729074054495,
      0.8912877631982943,
      0.9732593457170393
   ],
   "0.75": [
      0.36041724823087784,
      0.4047408326136149,
      0.3665471797659348,
      0.3875021594677545,
      0.3654278873117759,
      0.35826359570873334,
      0.3510545700480893,
      0.3641908941617406,
      0.34651324173485715,
      0.3486542438529325,
      0.2830272742005249,
      0.296585912836309,
      0.2560896455811609,
      0.28002780950854245,
      0.3235609506143621,
      0.37226012776052736,
      0.45168363600732114,
      0.5594711615927503,
      0.5345478236992185,
      0.5031161041872424,
      0.4565074397695169,
      0.40164575484630627,
      0.34718931397006353,
      0.30659022870169,
      0.3104301832367745,
      0.3081779225907063,
      0.27616204202068273,
      0.3255508811109935,
      0.3927419785229116,
      0.37039970635932973,
      0.415543931199614,
      0.3542801495813413,
      0.3226720632901819,
      0.42792029233763024,
      0.5002019451989642,
      0.33866822226463394,
      0.337634429258606,
      0.4014803370831045,
      0.3415366868686054,
      0.34641587674396496,
      0.45216599214613845,
      0.4596369856934757,
      0.48155667183334233,
      0.4907818876028624,
      0.46754759161555504,
      0.4678024883723587,
      0.28958613144922135,
      0.4544892172964167
   ]
}