{
  "0.95": 0.9638318670576735,
  "0.9": 0.929130009775171,
  "0.75": 0.6314760508308895
}