{
  "0.95": 0.9589442815249267,
  "0.9": 0.9364613880742912,
  "0.75": 0.6314760508308895
}