{
   "0.95": [
      0.7046629417928069,
      0.7906852471075196,
      0.8266821171851112,
      0.779676686697213,
      0.871899085097859,
      0.6187195264052225,
      0.6332553092098527,
      0.6323962250656476,
      0.4977069013370369,
      0.4328074052059341,
      0.3082278170241177,
      0.2042963482151804,
      0.3535619196291736,
      0.338920051829491,
      0.331597616099766,
      0.39874941285477294,
      0.34760610830608585,
      0.4508781465220162,
      0.6619661799995812,
      0.6521537180438872,
      0.6015235609473086,
      0.6781686972663487,
      0.6506874388084186,
      0.5738837844128838,
      0.5040792887809857,
      0.6223151064832092,
      0.5650951661158358,
      0.5420500284818965,
      0.5970140925982349,
      0.4998288331747114,
      0.4882587693832115,
      0.44723154659858233,
      0.5641586553146605,
      0.6350119173020196,
      0.48776446506278265,
      0.44786250990713644,
      0.3709270923987137,
      0.3722487817830847,
      0.46013934505538373,
      0.5199962944574101,
      0.5526928326140484,
      0.5487222227544298,
      0.43303437688938246,
      0.508645859217135,
      0.70840115690274,
      0.9437836712781471,
      0.7458458798054506,
      0.7226525394574091
   ],
   "0.9": [
      0.5952385923898863,
      0.6769861007409304,
      0.7038107163667254,
      0.6280675250375155,
      0.6964188311780445,
      0.4901037433488155,
      0.566001539241901,
      0.5600073297708298,
      0.31273330401091576,
      0.2864501119357342,
      0.22979000544944864,
      0.12681469210014967,
      0.1480166470856584,
      0.18331396324540514,
      0.18631971345201878,
      0.23077713731425567,
      0.21650007989282125,
      0.3226127355547382,
      0.5182541036874767,
      0.5075076129322728,
      0.4422740825305698,
      0.5153293850565352,
      0.48728883093356073,
      0.45446912579758414,
      0.3965305885928145,
      0.4639683604087967,
      0.447164719792134,
      0.4355386566791555,
      0.4213122848672135,
      0.39855903073882354,
      0.3520727686100544,
      0.3630157477888118,
      0.38932703814900715,
      0.4128522054163691,
      0.33029401291440363,
      0.28675173353868544,
      0.28501382185653834,
      0.27258545463419176,
      0.3399990908414465,
      0.33729567484599954,
      0.43338667391116015,
      0.4237797971347168,
      0.34364438276838166,
      0.37571648476369796,
      0.5654630596659836,
      0.6870124805935481,
      0.6870191337129372,
      0.5983011487891344
   ],
   "0.75": [
      0.3609103795615709,
      0.42117263100583285,
      0.36940555944058234,
      0.3905468986379401,
      0.5049545913721011,
      0.29353927478492414,
      0.3851906038128999,
      0.3907621991521852,
      0.16912201978815275,
      0.11710614703123216,
      0.09465313829498384,
      0.06751399781791105,
      0.06456095110810091,
      0.08057756662908619,
      0.08367217385392621,
      0.09361689656537392,
      0.09198215013834213,
      0.0956036737608914,
      0.18126086707668682,
      0.2069597100423151,
      0.1899962098878121,
      0.18528664821951413,
      0.17263473342060148,
      0.19371384427703148,
      0.1796897175001029,
      0.2040854067175217,
      0.23302491201729555,
      0.2217488021382489,
      0.20498090392888482,
      0.19013431697280417,
      0.1742975478937871,
      0.17776182650047206,
      0.14449812045719412,
      0.09918572701813219,
      0.11596367097040207,
      0.12633745020787654,
      0.14242101934789095,
      0.14753806955672985,
      0.18687230918907882,
      0.1977984257800429,
      0.20647502409688206,
      0.180675386936703,
      0.174729572928445,
      0.24058612666188858,
      0.3699128881216128,
      0.404922776020781,
      0.45103255434044187,
      0.4278749287950401
   ]
}