{
   "0.95": [
      0.8279569892473119,
      0.9139784946236559,
      0.7849462365591398,
      0.7849462365591398,
      0.7419354838709677,
      0.7849462365591398,
      0.8279569892473119,
      0.8924731182795699,
      0.8387096774193549,
      0.8709677419354839,
      0.8494623655913979,
      0.8924731182795699,
      0.9032258064516129,
      0.8817204301075269,
      0.8709677419354839,
      0.8494623655913979,
      0.8617021276595744,
      0.8526315789473684,
      0.8617021276595744,
      0.8617021276595744,
      0.8723404255319149,
      0.8695652173913043,
      0.8804347826086957,
      0.8709677419354839,
      0.8387096774193549,
      0.8829787234042553,
      0.9042553191489362,
      0.8709677419354839,
      0.8617021276595744,
      0.8387096774193549,
      0.7311827956989247,
      0.7526881720430108,
      0.8404255319148937,
      0.8404255319148937,
      0.8404255319148937,
      0.8404255319148937,
      0.8723404255319149,
      0.8723404255319149,
      0.8404255319148937,
      0.8617021276595744,
      0.851063829787234,
      0.8617021276595744,
      0.8829787234042553,
      0.9148936170212766,
      0.8723404255319149,
      0.8617021276595744,
      0.8723404255319149,
      0.8617021276595744
   ],
   "0.9": [
      0.7526881720430108,
      0.6774193548387096,
      0.6666666666666666,
      0.6021505376344086,
      0.6774193548387096,
      0.6774193548387096,
      0.7526881720430108,
      0.7741935483870968,
      0.7956989247311828,
      0.7419354838709677,
      0.7096774193548387,
      0.8064516129032258,
      0.7956989247311828,
      0.8279569892473119,
      0.8172043010752689,
      0.7741935483870968,
      0.7872340425531915,
      0.7368421052631579,
      0.8085106382978723,
      0.776595744680851,
      0.8297872340425532,
      0.8043478260869565,
      0.7934782608695652,
      0.8387096774193549,
      0.7956989247311828,
      0.7446808510638298,
      0.7978723404255319,
      0.7634408602150538,
      0.7446808510638298,
      0.6774193548387096,
      0.6666666666666666,
      0.6881720430107527,
      0.6808510638297872,
      0.7446808510638298,
      0.7446808510638298,
      0.776595744680851,
      0.7446808510638298,
      0.7872340425531915,
      0.7553191489361702,
      0.7127659574468085,
      0.723404255319149,
      0.776595744680851,
      0.7872340425531915,
      0.8297872340425532,
      0.8404255319148937,
      0.8085106382978723,
      0.776595744680851,
      0.7659574468085106
   ],
   "0.75": [
      0.46236559139784944,
      0.3548387096774194,
      0.3548387096774194,
      0.3118279569892473,
      0.26881720430107525,
      0.3978494623655914,
      0.5268817204301075,
      0.41935483870967744,
      0.3763440860215054,
      0.4838709677419355,
      0.4731182795698925,
      0.5268817204301075,
      0.5698924731182796,
      0.5268817204301075,
      0.44086021505376344,
      0.4946236559139785,
      0.5531914893617021,
      0.5368421052631579,
      0.5212765957446809,
      0.6170212765957447,
      0.5212765957446809,
      0.45652173913043476,
      0.4782608695652174,
      0.3548387096774194,
      0.5483870967741935,
      0.5425531914893617,
      0.4574468085106383,
      0.44086021505376344,
      0.43617021276595747,
      0.34408602150537637,
      0.43010752688172044,
      0.3763440860215054,
      0.4787234042553192,
      0.46808510638297873,
      0.3617021276595745,
      0.48936170212765956,
      0.5425531914893617,
      0.43617021276595747,
      0.46808510638297873,
      0.48936170212765956,
      0.43617021276595747,
      0.5,
      0.5,
      0.43617021276595747,
      0.43617021276595747,
      0.5319148936170213,
      0.44680851063829785,
      0.46808510638297873
   ]
}