{
   "0.95": [
      0.24991095536920951,
      0.3592147053555191,
      0.2887420754478816,
      0.3460696696122676,
      0.2596403738854641,
      0.2959067916262931,
      0.32802439311278064,
      0.3859492857750624,
      0.3125896176086595,
      0.3232377030588649,
      0.3528624957534332,
      0.33508207307982174,
      0.3605843838349704,
      0.34967907952869554,
      0.36731864230662653,
      0.3659083017506916,
      0.4052526694822038,
      0.4043047561326697,
      0.46670972670252425,
      0.481945888555551,
      0.5087122464812819,
      0.5157859409146051,
      0.5399632300729951,
      0.5030066621727984,
      0.42673765915867357,
      0.49452315712482536,
      0.5211174458382588,
      0.4802223611738971,
      0.5515717144553316,
      0.5382107503999818,
      0.4598059160519348,
      0.4630405341982893,
      0.5087394029280514,
      0.46956535194225624,
      0.3853493695012051,
      0.3116378678445113,
      0.350666298764518,
      0.35506818049200833,
      0.3487178617552321,
      0.39031088673723735,
      0.40189795702266473,
      0.4782133067692296,
      0.5006796226672169,
      0.4881208785355552,
      0.456381751933166,
      0.4776710626796573,
      0.46906927067473725,
      0.5335990892945861
   ],
   "0.9": [
      0.18098886896571453,
      0.17286609960181365,
      0.20537794411569665,
      0.18481122249905396,
      0.21042233921186065,
      0.21375655636245525,
      0.2495515037513929,
      0.2546505817176901,
      0.2533926850268264,
      0.2098278463998119,
      0.216048544292999,
      0.23674955469922,
      0.24890734327696462,
      0.2558827413844341,
      0.2819773320487336,
      0.28319927891584185,
      0.2991207314854113,
      0.30482428522241345,
      0.3530320549441311,
      0.3923140920683987,
      0.42897419353887223,
      0.40580997628567766,
      0.3877896592483875,
      0.42024185530839553,
      0.359567997812201,
      0.34404631454843987,
      0.3775657677780306,
      0.38528418316089963,
      0.3859194224464843,
      0.3883878653952855,
      0.36781604738776286,
      0.34690391579088875,
      0.3507527172066655,
      0.381565352835176,
      0.30512494278587793,
      0.23805082847868783,
      0.22261482071547892,
      0.2601629506125051,
      0.2798803166785902,
      0.29663820299069743,
      0.2986442563395087,
      0.3388387954476997,
      0.36283203022791716,
      0.35032437269956346,
      0.37766700471367143,
      0.3604965234907617,
      0.3674140077997855,
      0.37351036243803637
   ],
   "0.75": [
      0.08221736170599707,
      0.0948737059325296,
      0.08769919565582168,
      0.08886528592894645,
      0.08819132313437109,
      0.09717680401817665,
      0.11599150141449635,
      0.08357515990202999,
      0.08849248691146142,
      0.11024121506529792,
      0.11057099743935939,
      0.11818067984397201,
      0.1079277647504663,
      0.0985989008503629,
      0.10014221325320813,
      0.14057512263749986,
      0.14533156079461212,
      0.14292154486849612,
      0.16344835519783563,
      0.19444155731858556,
      0.19807351803593204,
      0.18777684161164554,
      0.190353053268156,
      0.1549105048706778,
      0.20820665692186516,
      0.19185904355164524,
      0.19348605028561808,
      0.19631656969929911,
      0.17810203462851706,
      0.153525846562379,
      0.16224962345687416,
      0.1376589808090564,
      0.13406666014046734,
      0.12977926806259227,
      0.11294058597174915,
      0.1312996499207229,
      0.13080205476522086,
      0.11480086671068972,
      0.12988472398829823,
      0.12617338460502722,
      0.1281996735581437,
      0.14531235851863553,
      0.1311435697165669,
      0.12107057894418839,
      0.1328641328220083,
      0.14006361736063175,
      0.14570839740317995,
      0.17615227083440937
   ]
}