{
  "0.95": 0.8658346333853354,
  "0.9": 0.7704479607755739,
  "0.75": 0.4789391575663027
}