{
   "0.95": [
      0.36218833906142295,
      0.34623051704107954,
      0.30087839262956584,
      0.2951823988718174,
      0.2934117065015952,
      0.28025882073461883,
      0.3682903158758342,
      0.3692295246693759,
      0.379622127441211,
      0.3369008819130209,
      0.29063570659458715,
      0.34769375330483443,
      0.39592922078189163,
      0.3652099710610186,
      0.4378315700590562,
      0.394752738270444,
      0.45546631411688215,
      0.5590421910389713,
      0.530893491022881,
      0.5599247830632506,
      0.5954029562970645,
      0.6179267941729595,
      0.5407021567473325,
      0.565134318368929,
      0.46906252034648926,
      0.47058452947340335,
      0.4740457079634618,
      0.4532475165634441,
      0.48513291480830734,
      0.4652654551591886,
      0.43666462496677655,
      0.4538915402018194,
      0.4918673711611521,
      0.4900462970769191,
      0.3976871370930827,
      0.32957682646232933,
      0.33018989964480105,
      0.2804864587691677,
      0.36340268089239985,
      0.3785341603868257,
      0.44811618306433243,
      0.4179432898199676,
      0.4569136359567999,
      0.5489836237579799,
      0.46826669766624474,
      0.5238587534626405,
      0.44495739710246257,
      0.46240427873913387
   ],
   "0.9": [
      0.24904944605974674,
      0.19838713526539475,
      0.1822951687098017,
      0.21755457931783684,
      0.19896343009856446,
      0.20465427225978042,
      0.25491120696959,
      0.2838163296565921,
      0.28031487050076387,
      0.23602187336461405,
      0.241593271720233,
      0.2496480701634017,
      0.30667641853083544,
      0.2908179929450756,
      0.3398081537627435,
      0.30539395960133714,
      0.35428001726427394,
      0.3866034057891059,
      0.4229244705085774,
      0.4777539294181103,
      0.5158785134439512,
      0.47045571931999225,
      0.46399084153719466,
      0.46895342502563486,
      0.3863984066411026,
      0.35999495384218866,
      0.3809384902639919,
      0.385384273656984,
      0.3739012968265445,
      0.32243963559271727,
      0.3157003082668252,
      0.34049218207589127,
      0.3664143429229747,
      0.3733988266102029,
      0.2594046840679233,
      0.23158361334019548,
      0.2406668158356674,
      0.23963234227589755,
      0.24014792187401754,
      0.24367451590992822,
      0.28456675729117703,
      0.2960038668214542,
      0.32871194393823283,
      0.312059420621577,
      0.34735254021654843,
      0.37628955227642064,
      0.38367246704920266,
      0.35929770909512776
   ],
   "0.75": [
      0.08990143068824974,
      0.09962944365723579,
      0.08261843294512083,
      0.08456729654795962,
      0.09165446882026831,
      0.10417598884742944,
      0.09185960979219353,
      0.09136736834089296,
      0.11956334583065673,
      0.10724784327578665,
      0.09540630296271127,
      0.13024492811559532,
      0.12857092858530403,
      0.08906899658936754,
      0.11683471192285172,
      0.14127781703796266,
      0.19845439556381853,
      0.22020174458347774,
      0.22426181244686336,
      0.23906975159058919,
      0.26202829000261246,
      0.23570859505441952,
      0.22469576054075785,
      0.22147230483980349,
      0.21703856619139822,
      0.19403131324634215,
      0.17574514263129967,
      0.1973981641619743,
      0.18509718054770144,
      0.16936205261452544,
      0.1385207779017555,
      0.13319129680976943,
      0.1566816570388423,
      0.12827561548231012,
      0.12356994995322979,
      0.13115115722169945,
      0.12475222296121248,
      0.11510647184521032,
      0.12436062279157185,
      0.09567133976873217,
      0.1319822308048516,
      0.1277194849864341,
      0.1183124448916806,
      0.16390557122865643,
      0.15856491471581644,
      0.17363527785669972,
      0.17604186949283443,
      0.1923252664144083
   ]
}