{
   "0.95": [
      0.265450562188836,
      0.37649702307049904,
      0.31940748261942364,
      0.3477911415055395,
      0.28048023907478115,
      0.27986906576928455,
      0.33855573198184186,
      0.37963271429723267,
      0.3457268479499292,
      0.3734084583707762,
      0.3785316201441803,
      0.35320129744307155,
      0.363762585499757,
      0.4024684351940735,
      0.35612073490704715,
      0.3973803839926343,
      0.4794989585877245,
      0.4683346942172893,
      0.4503063602424335,
      0.4823979987898754,
      0.4188092115095494,
      0.43037134886839024,
      0.46698059153463073,
      0.42243675765165845,
      0.40024270773248366,
      0.4218930031825957,
      0.4805808289114893,
      0.47816856106732,
      0.4615304300197584,
      0.4280106987850543,
      0.37964882469843914,
      0.4172183015761459,
      0.47705103088076,
      0.48340051437770654,
      0.508548810619021,
      0.498762605565136,
      0.4607115356653479,
      0.46513912663852447,
      0.4232724274633518,
      0.40706253937147513,
      0.42356345907138737,
      0.472563548166961,
      0.46869336582710547,
      0.5299404089924817,
      0.4299087566023779,
      0.4904872636684936,
      0.48165106567528726,
      0.5475557650692191
   ],
   "0.9": [
      0.14790013104585284,
      0.16332733192245258,
      0.20206975387490175,
      0.19256299128625587,
      0.18767698463065816,
      0.21029568672891982,
      0.2641165641229653,
      0.2636157019344694,
      0.24193636847682765,
      0.24828491124425023,
      0.24239522112757583,
      0.24266957820258547,
      0.24754392099137515,
      0.25156694173336736,
      0.2622970292779227,
      0.3198741098973951,
      0.302943055955704,
      0.278426074609915,
      0.32041203940061996,
      0.32706029828480687,
      0.29910372115460865,
      0.298542413983193,
      0.31432132095476495,
      0.2918077556844476,
      0.28743210277057835,
      0.3121253254466648,
      0.3201646613498914,
      0.3740756519605012,
      0.3527595593921279,
      0.32648450443921945,
      0.2966678041780847,
      0.32506505752450776,
      0.36803694902212875,
      0.30756906710670495,
      0.3222687137234918,
      0.2739693177440092,
      0.2851621174726101,
      0.26492968325760735,
      0.2444498009539457,
      0.29495377952172236,
      0.31715798913957993,
      0.3173321762479646,
      0.3521469551996914,
      0.32550839087219485,
      0.3633787141945592,
      0.355307407271545,
      0.3907078372829962,
      0.3575089690804146
   ],
   "0.75": [
      0.08209853092736444,
      0.07610785775702182,
      0.08056756973745852,
      0.09697700678153603,
      0.08331526149184523,
      0.10091517942334187,
      0.10167669283141244,
      0.07882527604544244,
      0.07340681751148224,
      0.09005890748076309,
      0.09050525978704767,
      0.09458034447201877,
      0.10116950275997144,
      0.08056834372798473,
      0.08442178465635924,
      0.09435844101763013,
      0.11454404096558783,
      0.1042420608494668,
      0.10261895869575555,
      0.10214385019303396,
      0.11537101212960836,
      0.10040835638424647,
      0.10872132449069702,
      0.11834872051969302,
      0.13462373063624902,
      0.12993818468155285,
      0.1473324255847527,
      0.10107833079313365,
      0.14739560559772097,
      0.11874297397340618,
      0.12393669929194777,
      0.13833640187537746,
      0.1506397020092623,
      0.14042650674738086,
      0.1273434161013535,
      0.1324259795755534,
      0.1437127010725691,
      0.13313050029135304,
      0.12961492204639857,
      0.12207644172777306,
      0.11387310374505913,
      0.13581493585808482,
      0.12101511116098503,
      0.12645185688752628,
      0.1282608006585906,
      0.13322534886379586,
      0.13900435544440387,
      0.16124933260403643
   ]
}