{
   "0.95": [
      0.9247311827956989,
      0.946236559139785,
      0.9247311827956989,
      0.9247311827956989,
      0.9139784946236559,
      0.946236559139785,
      0.946236559139785,
      0.9247311827956989,
      0.946236559139785,
      0.9139784946236559,
      0.8924731182795699,
      0.8172043010752689,
      0.9247311827956989,
      0.9032258064516129,
      0.8494623655913979,
      0.8602150537634409,
      0.7978723404255319,
      0.8315789473684211,
      0.9042553191489362,
      0.8829787234042553,
      0.8723404255319149,
      0.9239130434782609,
      0.9347826086956522,
      0.9139784946236559,
      0.8924731182795699,
      0.9468085106382979,
      0.9468085106382979,
      0.956989247311828,
      0.9042553191489362,
      0.7741935483870968,
      0.7634408602150538,
      0.7849462365591398,
      0.8829787234042553,
      0.8829787234042553,
      0.8723404255319149,
      0.8829787234042553,
      0.8617021276595744,
      0.8297872340425532,
      0.851063829787234,
      0.8723404255319149,
      0.9148936170212766,
      0.9148936170212766,
      0.8829787234042553,
      0.9042553191489362,
      0.925531914893617,
      0.9361702127659575,
      0.925531914893617,
      0.9042553191489362
   ],
   "0.9": [
      0.8924731182795699,
      0.8924731182795699,
      0.8924731182795699,
      0.8817204301075269,
      0.8602150537634409,
      0.9354838709677419,
      0.9139784946236559,
      0.9032258064516129,
      0.8924731182795699,
      0.8709677419354839,
      0.8387096774193549,
      0.7311827956989247,
      0.7849462365591398,
      0.8494623655913979,
      0.7634408602150538,
      0.7311827956989247,
      0.7446808510638298,
      0.7894736842105263,
      0.8723404255319149,
      0.8191489361702128,
      0.7659574468085106,
      0.8152173913043478,
      0.8478260869565217,
      0.8387096774193549,
      0.8172043010752689,
      0.8297872340425532,
      0.8191489361702128,
      0.8387096774193549,
      0.7978723404255319,
      0.6881720430107527,
      0.6236559139784946,
      0.7204301075268817,
      0.7446808510638298,
      0.7659574468085106,
      0.7340425531914894,
      0.7553191489361702,
      0.7978723404255319,
      0.7978723404255319,
      0.8297872340425532,
      0.851063829787234,
      0.8723404255319149,
      0.8723404255319149,
      0.8829787234042553,
      0.8404255319148937,
      0.851063829787234,
      0.8829787234042553,
      0.9042553191489362,
      0.9042553191489362
   ],
   "0.75": [
      0.7204301075268817,
      0.7526881720430108,
      0.7311827956989247,
      0.7956989247311828,
      0.8172043010752689,
      0.7419354838709677,
      0.46236559139784944,
      0.8494623655913979,
      0.7956989247311828,
      0.7096774193548387,
      0.5268817204301075,
      0.5806451612903226,
      0.6021505376344086,
      0.5913978494623656,
      0.5376344086021505,
      0.5376344086021505,
      0.4574468085106383,
      0.43157894736842106,
      0.5425531914893617,
      0.5531914893617021,
      0.4787234042553192,
      0.4782608695652174,
      0.4673913043478261,
      0.46236559139784944,
      0.43010752688172044,
      0.425531914893617,
      0.5212765957446809,
      0.5268817204301075,
      0.4787234042553192,
      0.43010752688172044,
      0.4731182795698925,
      0.5053763440860215,
      0.4787234042553192,
      0.44680851063829785,
      0.44680851063829785,
      0.5319148936170213,
      0.6382978723404256,
      0.6170212765957447,
      0.6382978723404256,
      0.6702127659574468,
      0.40425531914893614,
      0.39361702127659576,
      0.40425531914893614,
      0.39361702127659576,
      0.3617021276595745,
      0.7553191489361702,
      0.776595744680851,
      0.7340425531914894
   ]
}