{
   "0.95": [
      0.8387096774193549,
      0.9354838709677419,
      0.8064516129032258,
      0.7849462365591398,
      0.7204301075268817,
      0.7741935483870968,
      0.8387096774193549,
      0.8924731182795699,
      0.8817204301075269,
      0.8817204301075269,
      0.8602150537634409,
      0.8709677419354839,
      0.9032258064516129,
      0.9032258064516129,
      0.8709677419354839,
      0.8494623655913979,
      0.9042553191489362,
      0.9052631578947369,
      0.9042553191489362,
      0.8723404255319149,
      0.8297872340425532,
      0.8369565217391305,
      0.8369565217391305,
      0.7956989247311828,
      0.8172043010752689,
      0.8404255319148937,
      0.8404255319148937,
      0.8817204301075269,
      0.8617021276595744,
      0.8924731182795699,
      0.8064516129032258,
      0.8387096774193549,
      0.8936170212765957,
      0.8936170212765957,
      0.8829787234042553,
      0.925531914893617,
      0.8936170212765957,
      0.9042553191489362,
      0.8936170212765957,
      0.8829787234042553,
      0.9148936170212766,
      0.8936170212765957,
      0.8723404255319149,
      0.9042553191489362,
      0.8617021276595744,
      0.8617021276595744,
      0.8936170212765957,
      0.9042553191489362
   ],
   "0.9": [
      0.7419354838709677,
      0.6774193548387096,
      0.6989247311827957,
      0.6236559139784946,
      0.5913978494623656,
      0.6881720430107527,
      0.7311827956989247,
      0.7741935483870968,
      0.7634408602150538,
      0.7526881720430108,
      0.7311827956989247,
      0.7741935483870968,
      0.8064516129032258,
      0.7956989247311828,
      0.8064516129032258,
      0.7956989247311828,
      0.8297872340425532,
      0.8,
      0.8191489361702128,
      0.8404255319148937,
      0.7978723404255319,
      0.7282608695652174,
      0.75,
      0.7204301075268817,
      0.6989247311827957,
      0.7340425531914894,
      0.7340425531914894,
      0.7741935483870968,
      0.7978723404255319,
      0.8064516129032258,
      0.7311827956989247,
      0.8064516129032258,
      0.8404255319148937,
      0.7872340425531915,
      0.7978723404255319,
      0.7872340425531915,
      0.8297872340425532,
      0.7872340425531915,
      0.7446808510638298,
      0.7659574468085106,
      0.8297872340425532,
      0.8191489361702128,
      0.8085106382978723,
      0.8191489361702128,
      0.8404255319148937,
      0.8085106382978723,
      0.8404255319148937,
      0.7446808510638298
   ],
   "0.75": [
      0.5268817204301075,
      0.34408602150537637,
      0.3655913978494624,
      0.3655913978494624,
      0.34408602150537637,
      0.4731182795698925,
      0.46236559139784944,
      0.3333333333333333,
      0.3225806451612903,
      0.46236559139784944,
      0.44086021505376344,
      0.46236559139784944,
      0.5483870967741935,
      0.43010752688172044,
      0.5376344086021505,
      0.5161290322580645,
      0.5425531914893617,
      0.5368421052631579,
      0.46808510638297873,
      0.48936170212765956,
      0.5638297872340425,
      0.4891304347826087,
      0.5,
      0.4838709677419355,
      0.5268817204301075,
      0.5106382978723404,
      0.48936170212765956,
      0.3978494623655914,
      0.44680851063829785,
      0.4838709677419355,
      0.45161290322580644,
      0.4838709677419355,
      0.5531914893617021,
      0.574468085106383,
      0.5,
      0.5212765957446809,
      0.5851063829787234,
      0.5319148936170213,
      0.5106382978723404,
      0.5212765957446809,
      0.48936170212765956,
      0.5212765957446809,
      0.5212765957446809,
      0.4574468085106383,
      0.4574468085106383,
      0.5425531914893617,
      0.4574468085106383,
      0.43617021276595747
   ]
}