{
   "0.95": [
      0.8602150537634409,
      0.8494623655913979,
      0.8064516129032258,
      0.7634408602150538,
      0.7741935483870968,
      0.7956989247311828,
      0.8817204301075269,
      0.8817204301075269,
      0.8924731182795699,
      0.8924731182795699,
      0.8172043010752689,
      0.8817204301075269,
      0.9139784946236559,
      0.8924731182795699,
      0.9247311827956989,
      0.8817204301075269,
      0.8936170212765957,
      0.8947368421052632,
      0.8829787234042553,
      0.8936170212765957,
      0.8829787234042553,
      0.9130434782608695,
      0.8586956521739131,
      0.8602150537634409,
      0.8387096774193549,
      0.8297872340425532,
      0.8829787234042553,
      0.8602150537634409,
      0.8617021276595744,
      0.8279569892473119,
      0.7741935483870968,
      0.8064516129032258,
      0.8404255319148937,
      0.8723404255319149,
      0.8936170212765957,
      0.851063829787234,
      0.8829787234042553,
      0.8404255319148937,
      0.8829787234042553,
      0.8829787234042553,
      0.8617021276595744,
      0.8404255319148937,
      0.8829787234042553,
      0.9042553191489362,
      0.925531914893617,
      0.9361702127659575,
      0.9361702127659575,
      0.8829787234042553
   ],
   "0.9": [
      0.7956989247311828,
      0.7096774193548387,
      0.6344086021505376,
      0.6559139784946236,
      0.6021505376344086,
      0.6774193548387096,
      0.7204301075268817,
      0.8064516129032258,
      0.8064516129032258,
      0.7849462365591398,
      0.7956989247311828,
      0.7741935483870968,
      0.8279569892473119,
      0.8279569892473119,
      0.7956989247311828,
      0.7634408602150538,
      0.8191489361702128,
      0.8,
      0.7978723404255319,
      0.8085106382978723,
      0.8191489361702128,
      0.782608695652174,
      0.8152173913043478,
      0.8494623655913979,
      0.8064516129032258,
      0.7872340425531915,
      0.776595744680851,
      0.8064516129032258,
      0.7872340425531915,
      0.7204301075268817,
      0.6989247311827957,
      0.6989247311827957,
      0.7553191489361702,
      0.7340425531914894,
      0.7659574468085106,
      0.776595744680851,
      0.8297872340425532,
      0.7446808510638298,
      0.723404255319149,
      0.7127659574468085,
      0.7872340425531915,
      0.7978723404255319,
      0.7978723404255319,
      0.8191489361702128,
      0.8404255319148937,
      0.8723404255319149,
      0.8404255319148937,
      0.7978723404255319
   ],
   "0.75": [
      0.4946236559139785,
      0.45161290322580644,
      0.3978494623655914,
      0.3763440860215054,
      0.41935483870967744,
      0.4731182795698925,
      0.43010752688172044,
      0.3978494623655914,
      0.5161290322580645,
      0.46236559139784944,
      0.3870967741935484,
      0.4731182795698925,
      0.5161290322580645,
      0.40860215053763443,
      0.44086021505376344,
      0.44086021505376344,
      0.5957446808510638,
      0.6,
      0.6170212765957447,
      0.5851063829787234,
      0.5319148936170213,
      0.5217391304347826,
      0.5217391304347826,
      0.4731182795698925,
      0.6021505376344086,
      0.5319148936170213,
      0.43617021276595747,
      0.5053763440860215,
      0.4787234042553192,
      0.3978494623655914,
      0.3118279569892473,
      0.3763440860215054,
      0.4574468085106383,
      0.46808510638297873,
      0.48936170212765956,
      0.5638297872340425,
      0.5638297872340425,
      0.5531914893617021,
      0.44680851063829785,
      0.3723404255319149,
      0.46808510638297873,
      0.4787234042553192,
      0.46808510638297873,
      0.5319148936170213,
      0.5531914893617021,
      0.5638297872340425,
      0.5212765957446809,
      0.5425531914893617
   ]
}