{
  "0.95": 0.8665032315578337,
  "0.9": 0.774013817695565,
  "0.75": 0.4838422108312904
}