{
  "0.95": 0.8524626699353688,
  "0.9": 0.7575217294406063,
  "0.75": 0.4604412747938489
}