{
  "0.95": 0.8923556942277691,
  "0.9": 0.8239358145754402,
  "0.75": 0.5645197236460887
}