{
  "0.95": 0.8963831867057673,
  "0.9": 0.8333333333333334,
  "0.75": 0.592375366568915
}