{
   "0.95": [
      0.8837209302325582,
      0.8372093023255814,
      0.813953488372093,
      0.9302325581395349,
      0.9302325581395349,
      0.9302325581395349,
      0.8372093023255814,
      0.8604651162790697,
      0.813953488372093,
      0.8372093023255814,
      0.8604651162790697,
      0.8837209302325582,
      0.8372093023255814,
      0.8604651162790697,
      0.813953488372093,
      0.8837209302325582,
      0.8372093023255814,
      0.813953488372093,
      0.7906976744186046,
      0.7441860465116279,
      0.7441860465116279,
      0.6976744186046512,
      0.813953488372093,
      0.8604651162790697,
      0.8095238095238095,
      0.8095238095238095,
      0.8333333333333334,
      0.8095238095238095,
      0.8809523809523809,
      0.7142857142857143,
      0.7857142857142857,
      0.8333333333333334,
      0.8333333333333334,
      0.7619047619047619,
      0.8095238095238095,
      0.7857142857142857,
      0.8095238095238095,
      0.8095238095238095,
      0.8809523809523809,
      0.8809523809523809,
      0.9069767441860465,
      0.8372093023255814,
      0.8604651162790697,
      0.9069767441860465,
      0.7857142857142857,
      0.8809523809523809,
      0.8604651162790697,
      0.8837209302325582
   ],
   "0.9": [
      0.7441860465116279,
      0.7674418604651163,
      0.7674418604651163,
      0.7674418604651163,
      0.813953488372093,
      0.7906976744186046,
      0.6744186046511628,
      0.7441860465116279,
      0.7209302325581395,
      0.6976744186046512,
      0.7906976744186046,
      0.8604651162790697,
      0.6976744186046512,
      0.7906976744186046,
      0.6976744186046512,
      0.7674418604651163,
      0.7674418604651163,
      0.7441860465116279,
      0.7209302325581395,
      0.7441860465116279,
      0.6511627906976745,
      0.6744186046511628,
      0.7209302325581395,
      0.7209302325581395,
      0.8095238095238095,
      0.6666666666666666,
      0.7619047619047619,
      0.6190476190476191,
      0.8095238095238095,
      0.6904761904761905,
      0.7619047619047619,
      0.7619047619047619,
      0.7857142857142857,
      0.5714285714285714,
      0.7142857142857143,
      0.7380952380952381,
      0.7857142857142857,
      0.8095238095238095,
      0.8333333333333334,
      0.8095238095238095,
      0.7906976744186046,
      0.8372093023255814,
      0.8604651162790697,
      0.813953488372093,
      0.7380952380952381,
      0.8333333333333334,
      0.8372093023255814,
      0.8837209302325582
   ],
   "0.75": [
      0.4883720930232558,
      0.5116279069767442,
      0.46511627906976744,
      0.3488372093023256,
      0.46511627906976744,
      0.4186046511627907,
      0.46511627906976744,
      0.6744186046511628,
      0.4418604651162791,
      0.4883720930232558,
      0.46511627906976744,
      0.4186046511627907,
      0.46511627906976744,
      0.5116279069767442,
      0.37209302325581395,
      0.3953488372093023,
      0.46511627906976744,
      0.5348837209302325,
      0.3953488372093023,
      0.5581395348837209,
      0.3953488372093023,
      0.23255813953488372,
      0.2558139534883721,
      0.3953488372093023,
      0.40476190476190477,
      0.5952380952380952,
      0.5,
      0.5,
      0.5238095238095238,
      0.5476190476190477,
      0.6666666666666666,
      0.6190476190476191,
      0.5714285714285714,
      0.5238095238095238,
      0.5714285714285714,
      0.5714285714285714,
      0.5238095238095238,
      0.5952380952380952,
      0.40476190476190477,
      0.5714285714285714,
      0.6046511627906976,
      0.6744186046511628,
      0.6976744186046512,
      0.4883720930232558,
      0.4523809523809524,
      0.5238095238095238,
      0.5348837209302325,
      0.627906976744186
   ]
}