{
  "0.95": 0.7961876832844574,
  "0.9": 0.679863147605083,
  "0.75": 0.3939393939393939
}