{
   "0.95": [
      0.7986703932019554,
      0.614464373003012,
      0.6718690709405399,
      0.5005323001105486,
      0.45080107546128206,
      0.6928634065439059,
      0.34968161255374114,
      0.42207598060672136,
      0.5179776011233611,
      0.5996515646721075,
      0.39321600241957144,
      0.5864246915633107,
      0.49635101967158357,
      0.5313681901653866,
      0.4516255654289545,
      0.30442766025749124,
      0.4890390405639622,
      0.45580224470062136,
      0.393041575055174,
      0.3433395551554961,
      0.5857630382766599,
      0.6122035597765682,
      0.5256387496756749,
      0.5449981362606556,
      0.752478054246876,
      0.61223942069745,
      0.47280561396808884,
      0.5360373890608792,
      0.5068481882462336,
      0.5027811469996852,
      0.49158336851494394,
      0.5764719282617106,
      0.47652837412770044,
      0.5253472277517,
      0.47680654619843166,
      0.6464769222649089,
      0.6947463114396208,
      0.715261476621112,
      0.7298247774980299,
      0.9034879395473703,
      0.5316552076979464,
      0.7026155214814608,
      0.5927661923569745,
      0.7090040230294252,
      0.7877777310015147,
      0.6577387173408228,
      0.6083961458362921,
      0.6514746842940051
   ],
   "0.9": [
      0.2796798588890747,
      0.2902475194710073,
      0.3469199118875499,
      0.3603404017186698,
      0.34208584472132775,
      0.31451360857925365,
      0.23817690909499006,
      0.2453838409284357,
      0.29369932068004384,
      0.24178356349957786,
      0.18730619019665917,
      0.3227262285267337,
      0.3057847872595081,
      0.3161956544105693,
      0.2730040800041096,
      0.21759069096028785,
      0.3565692873160012,
      0.2907233653589777,
      0.2652292688542235,
      0.2234745440835094,
      0.3504125489159807,
      0.25732247222275045,
      0.3918352757159787,
      0.36774968300646305,
      0.439288171998488,
      0.4382978783083364,
      0.3128398839606478,
      0.31482885883342954,
      0.3385669646829802,
      0.32234502142565474,
      0.33474754906446924,
      0.2918779937566003,
      0.3038713761906042,
      0.41251188668768096,
      0.3667581770655757,
      0.4203970502467772,
      0.4664375057491492,
      0.5234648130934063,
      0.4723341657664259,
      0.6255784538903637,
      0.38780812411026466,
      0.4772867257095779,
      0.4311900767090475,
      0.4467814338240707,
      0.42254810200931364,
      0.4427641026352796,
      0.4530565565012397,
      0.5081183659735709
   ],
   "0.75": [
      0.06061847717371327,
      0.0744018428500301,
      0.10694034181178617,
      0.06881058992101072,
      0.10161890083636521,
      0.12647269890083598,
      0.07728106074199448,
      0.08035077230526713,
      0.08162109450701048,
      0.08111562117827058,
      0.08874606396002968,
      0.08707556365639448,
      0.10930381546770829,
      0.10452380965683683,
      0.09725770108350887,
      0.09212144354622731,
      0.08315231356018044,
      0.1031973875783028,
      0.07634477253158349,
      0.060902859576903126,
      0.08994248291978542,
      0.07328230042503024,
      0.08141845296114779,
      0.06555961226103717,
      0.07407409932729953,
      0.08504577363048219,
      0.0779392537519409,
      0.07206759866829601,
      0.07552604206738275,
      0.09564878141462729,
      0.13469628443184475,
      0.11599807076192983,
      0.1078585945369897,
      0.12537680560461478,
      0.086560802363905,
      0.15403233501383548,
      0.2170400325574198,
      0.13776722433592525,
      0.1199380817762899,
      0.10546318040018807,
      0.1688305451013194,
      0.24408615618423402,
      0.2468587684829928,
      0.2341999188876528,
      0.2221259894033337,
      0.16006117918181595,
      0.2926032680053308,
      0.28742227635582507
   ]
}