{
  "0.95": 0.8352883675464321,
  "0.9": 0.7575757575757576,
  "0.75": 0.4980449657869013
}