{
   "0.95": [
      0.7012109146473403,
      0.9840849779826527,
      1.1237150916984358,
      0.8951035204702648,
      0.8249894417586662,
      0.5216121351037758,
      0.8473765323791403,
      1.057814237182428,
      0.7206869035092771,
      1.0978695896121098,
      0.6735590749866185,
      0.9722939432489177,
      1.189127469989292,
      0.9623217748070135,
      0.8784013461455736,
      0.8249690648082305,
      0.8748850356640987,
      0.9782290874147048,
      0.618309963170567,
      0.9424482373027115,
      0.7110753411374283,
      0.7267165023242101,
      0.6720055964152237,
      0.8054024839838404,
      0.5744365481812729,
      0.799419538507127,
      0.6682858763955587,
      0.7169673570858094,
      0.6484236412161948,
      0.6683469246453227,
      0.7405135235680383,
      0.6115747023767829,
      0.7776589276678736,
      0.7750139362315642,
      0.8335228930921101,
      0.8824714518398561,
      0.8930806304444606,
      0.6846359956915885,
      0.7856752291790106,
      0.40299347484563136,
      0.9649887932068207,
      0.8215966849747678,
      0.5062719964984075,
      0.6600959381914262,
      0.5721005924728243,
      0.7032632479715051,
      0.7536414342072717,
      0.772631197237526
   ],
   "0.9": [
      0.6238465079677695,
      0.728092468872144,
      0.7773524535672184,
      0.6509300062568999,
      0.677339081366496,
      0.30199843403646975,
      0.7812309563539314,
      0.6656852182507184,
      0.6230237325313718,
      0.8267033805345118,
      0.5039666790401698,
      0.6468656552406535,
      0.8801745212899031,
      0.8758671537805321,
      0.8423333014896931,
      0.6650902785155396,
      0.6235823014188641,
      0.772616386364086,
      0.5633341414047391,
      0.6394816946916693,
      0.4912762671186059,
      0.5167915860238302,
      0.475681412886627,
      0.5899841219691753,
      0.43886988868971405,
      0.6273439407897256,
      0.5475994413065385,
      0.5560572545113698,
      0.6003100132265321,
      0.5367540211639845,
      0.5620784150859488,
      0.5756846957413748,
      0.6556142884759675,
      0.6854544706329858,
      0.7196021310715176,
      0.6592808703913557,
      0.7933048446420812,
      0.5787457075819145,
      0.7159731833613544,
      0.3154258175816476,
      0.9432743661169245,
      0.7323517822320604,
      0.4677755733755997,
      0.4983054695377347,
      0.4365263376516502,
      0.5127663402522138,
      0.656876556094828,
      0.6964283437163534
   ],
   "0.75": [
      0.35984502054865924,
      0.27642718528332233,
      0.5445889227426688,
      0.2096441421077722,
      0.11082345349230693,
      0.0,
      0.6527625783995411,
      0.23588467592449722,
      0.3952082453106981,
      0.33942426540157233,
      0.28312649450911925,
      0.3346393160013098,
      0.5996001730960681,
      0.6539872192353116,
      0.5592133066513718,
      0.4861632210333216,
      0.4475997581103341,
      0.44480705464890563,
      0.2936362163900175,
      0.2881805979856955,
      0.183032668844061,
      0.21250288232942985,
      0.26808367604436695,
      0.2632058230052889,
      0.24716948437444292,
      0.26187589352257895,
      0.2182879324311214,
      0.2901139268258414,
      0.2884930971019678,
      0.2020977053004615,
      0.2338274116461616,
      0.3175804829804572,
      0.4882933110865847,
      0.41051711723283263,
      0.4810360911055892,
      0.47315395826093315,
      0.5641792912817171,
      0.38079324307301493,
      0.44881938881880035,
      0.07893654563063003,
      0.622806429096509,
      0.43368876812997914,
      0.21524394065638972,
      0.1722253262476491,
      0.25098707158881883,
      0.31252089807248556,
      0.3991288609837189,
      0.36066801510539814
   ]
}