{
   "0.95": [
      1.048569601831039,
      1.1271438203899748,
      1.0111775526669542,
      1.0044605973408356,
      0.8972449821035164,
      1.32040042726853,
      1.0695888864641143,
      0.808624512292486,
      0.7712629893872766,
      0.6161729901970697,
      0.592640399111191,
      0.5758864711720498,
      0.45511926486380044,
      0.5688767119649129,
      0.4497109306735426,
      0.5884952430091217,
      0.5184979719978428,
      0.6171002505070406,
      0.7969398571665648,
      0.7268416873499839,
      0.6941376999419394,
      0.5591416692465939,
      0.6309394787695667,
      0.6441986942731183,
      0.5974268980029404,
      0.6444157781717353,
      0.5017693955953544,
      0.4911989706808714,
      0.5779326565527668,
      0.5263021223898148,
      0.5317502523319819,
      0.6734455152144871,
      0.5851496153273295,
      0.44751929243959315,
      0.8116373493738254,
      0.7725772521237091,
      1.068144742757287,
      0.8849698695760645,
      0.8567204584122937,
      1.7850555266366432,
      1.1382404116957385,
      2.0235532642365386,
      1.7285550648451102,
      2.0060535683634066,
      2.120922220634268,
      1.7672820339797046,
      2.3647735570887747,
      2.114790455374947
   ],
   "0.9": [
      0.46122337966010996,
      0.4537515328985639,
      0.46545060024639034,
      0.37079040881496766,
      0.40835480606910624,
      0.5319839043102944,
      0.5500682612001512,
      0.5574395596458884,
      0.3561233389402148,
      0.3025608698975618,
      0.37910963104994805,
      0.5259346840351412,
      0.33406879680330015,
      0.4452126071624694,
      0.36306245502291645,
      0.4741343892384848,
      0.4239833751099995,
      0.48201115168684805,
      0.3994503288802068,
      0.6214420663673271,
      0.5407103769869098,
      0.4285281445313287,
      0.5487497695611812,
      0.4224714445831706,
      0.5284655941048763,
      0.5090744744891238,
      0.4093039448271771,
      0.43286691064932586,
      0.483533069893717,
      0.47075053313045323,
      0.4410157624283006,
      0.48414787925890096,
      0.4759869083145134,
      0.36080357908929334,
      0.7004669837600863,
      0.605567406725581,
      0.8160578906750163,
      0.8368498711753701,
      0.6883073451110123,
      1.2812872275451725,
      0.9347648122730109,
      1.86874408910994,
      1.3028962619581472,
      1.3200741820495292,
      1.576721683689269,
      1.5165717985343476,
      2.018649086394761,
      1.7346996377508603
   ],
   "0.75": [
      0.19600891140577814,
      0.21493068380172076,
      0.20238354276780907,
      0.12037727097245522,
      0.1514350193734049,
      0.2512344426226347,
      0.28742709843333347,
      0.3823990686093462,
      0.160545606972036,
      0.14733521660106857,
      0.17947292855794938,
      0.24941618504650953,
      0.21128420548214788,
      0.2748863730004653,
      0.19065089054509046,
      0.2323257914743371,
      0.2221641846412055,
      0.2723756930501079,
      0.2569790426168788,
      0.25170222346302856,
      0.24549604512662196,
      0.16096940133310284,
      0.2160545811758258,
      0.1972923295782441,
      0.2768561094753697,
      0.30270139149861197,
      0.23148938819064163,
      0.273747437356687,
      0.25385732887465534,
      0.3363220357485937,
      0.2799246974779825,
      0.3158886158645496,
      0.23881809287898412,
      0.23080065156456134,
      0.40611066463519124,
      0.3875273101853133,
      0.4378600699543008,
      0.4119294817744164,
      0.35711853022688733,
      0.672523384508286,
      0.550325981265857,
      0.9943596225770088,
      0.7951371300116328,
      0.6989904753344789,
      0.7639838309909459,
      0.8313237225477853,
      1.1441270388207077,
      1.0492500864248204
   ]
}