{
  "0.95": 0.8128054740957967,
  "0.9": 0.7047898338220919,
  "0.75": 0.36119257086999024
}