{
   "0.95": [
      1.0214518921666365,
      0.6253469978113466,
      0.737255867397489,
      0.6676290571616511,
      0.4354727611072551,
      0.47551819921107424,
      0.3365553758261154,
      0.545338786923794,
      0.46378389072882653,
      0.7302950403583647,
      0.41541354853079304,
      0.5558366501728209,
      0.5031533345987379,
      0.4311958216907814,
      0.4603944415334347,
      0.45135348931343794,
      0.5114815702756867,
      0.5360916304938537,
      0.386786810950684,
      0.5402627167346452,
      0.49782542641021515,
      0.44328569741221535,
      0.4564950562643806,
      0.5245114291257129,
      0.5224609210708513,
      0.675812249759217,
      0.41137168439571214,
      0.4907892387962088,
      0.41435410506918585,
      0.3993509654260718,
      0.4207088614751168,
      0.37150248541118747,
      0.3905606783274387,
      0.32423159830354553,
      0.4062392665634695,
      0.596169583658271,
      0.6479149591884058,
      0.7079220745726349,
      0.7711410338073826,
      0.9269478069043665,
      0.5118806148200381,
      0.7055111806881247,
      0.5727107362614728,
      0.6763744273920633,
      0.7377586476276564,
      0.5797774050943093,
      0.6289256818900151,
      0.6655789246338576
   ],
   "0.9": [
      0.2758311889547894,
      0.2846243326112695,
      0.36134216386613205,
      0.38796012220231996,
      0.35970519601073575,
      0.3007624295285207,
      0.21456029425787448,
      0.271133585708608,
      0.2895637503238697,
      0.17410310161235537,
      0.21537287482025036,
      0.25860625963331385,
      0.32998101742785363,
      0.388750744898245,
      0.37019371085580594,
      0.4041373559121417,
      0.4510144986922333,
      0.46388751518307847,
      0.3064483428004579,
      0.4262746216396097,
      0.33277001413915785,
      0.3342567180634893,
      0.39069640601803113,
      0.34145209362084233,
      0.3803646695015101,
      0.41457956586662975,
      0.30291251052133583,
      0.3425155044497593,
      0.3331863108540522,
      0.2874880520002486,
      0.362435492240023,
      0.3013176820281648,
      0.24490949501705825,
      0.25052618219373185,
      0.32713016512531334,
      0.36311774835314353,
      0.4742970297446187,
      0.545642329872864,
      0.529513773028546,
      0.6031395171477235,
      0.41434465402802473,
      0.49172651096045566,
      0.417105898697455,
      0.4456958941877037,
      0.43411995676094517,
      0.44236733283796265,
      0.41722535057405874,
      0.5129046060684929
   ],
   "0.75": [
      0.06872259895119458,
      0.07952421605863179,
      0.09820279361795624,
      0.0812054308681243,
      0.1118644641915288,
      0.12958991362294284,
      0.0768297479735812,
      0.06198479496028854,
      0.1148740446861575,
      0.08573214226721562,
      0.12512733602478454,
      0.12020647349471184,
      0.18151603599505417,
      0.19033076789149664,
      0.19197720581445757,
      0.24238330220849,
      0.2656097137672795,
      0.2679305293333589,
      0.1674747716293628,
      0.19783882132997657,
      0.1400278717457311,
      0.16039450234758487,
      0.22025309571330567,
      0.19355234951052075,
      0.22435517201790975,
      0.24982136927846857,
      0.11396772678628493,
      0.17020464817974773,
      0.1490899506731756,
      0.17178180777176022,
      0.1791491346653175,
      0.16643404031273426,
      0.16035396573482474,
      0.13199924441671418,
      0.13739046385548018,
      0.1699555401123471,
      0.2124039108040774,
      0.16182227554742615,
      0.1996056313950651,
      0.11040777047809834,
      0.16967485126394083,
      0.24912281919917412,
      0.2518431766721149,
      0.2335900676697771,
      0.2555800173941694,
      0.16397262672082294,
      0.2680475490714742,
      0.25161337938132816
   ]
}