{
   "0.95": [
      0.8924731182795699,
      0.8924731182795699,
      0.8494623655913979,
      0.8387096774193549,
      0.7741935483870968,
      0.8602150537634409,
      0.8709677419354839,
      0.8924731182795699,
      0.8602150537634409,
      0.8064516129032258,
      0.8494623655913979,
      0.8924731182795699,
      0.9354838709677419,
      0.9139784946236559,
      0.8817204301075269,
      0.8817204301075269,
      0.8829787234042553,
      0.8526315789473684,
      0.925531914893617,
      0.8404255319148937,
      0.851063829787234,
      0.8695652173913043,
      0.9130434782608695,
      0.8924731182795699,
      0.8817204301075269,
      0.8829787234042553,
      0.8936170212765957,
      0.8817204301075269,
      0.9042553191489362,
      0.7741935483870968,
      0.7526881720430108,
      0.7956989247311828,
      0.8723404255319149,
      0.8617021276595744,
      0.8829787234042553,
      0.8936170212765957,
      0.9042553191489362,
      0.8617021276595744,
      0.8191489361702128,
      0.9361702127659575,
      0.9042553191489362,
      0.9148936170212766,
      0.8723404255319149,
      0.8936170212765957,
      0.9042553191489362,
      0.9148936170212766,
      0.925531914893617,
      0.925531914893617
   ],
   "0.9": [
      0.8494623655913979,
      0.7419354838709677,
      0.7849462365591398,
      0.6666666666666666,
      0.6666666666666666,
      0.7419354838709677,
      0.7956989247311828,
      0.7526881720430108,
      0.7634408602150538,
      0.7526881720430108,
      0.7419354838709677,
      0.8494623655913979,
      0.8172043010752689,
      0.7956989247311828,
      0.8172043010752689,
      0.7419354838709677,
      0.776595744680851,
      0.7894736842105263,
      0.7978723404255319,
      0.7553191489361702,
      0.7978723404255319,
      0.8260869565217391,
      0.8369565217391305,
      0.8279569892473119,
      0.8064516129032258,
      0.8085106382978723,
      0.7978723404255319,
      0.7526881720430108,
      0.7553191489361702,
      0.6666666666666666,
      0.6451612903225806,
      0.6666666666666666,
      0.7872340425531915,
      0.7872340425531915,
      0.7446808510638298,
      0.8297872340425532,
      0.776595744680851,
      0.7978723404255319,
      0.6808510638297872,
      0.7127659574468085,
      0.776595744680851,
      0.8404255319148937,
      0.7978723404255319,
      0.8191489361702128,
      0.851063829787234,
      0.8723404255319149,
      0.9042553191489362,
      0.8297872340425532
   ],
   "0.75": [
      0.5268817204301075,
      0.3655913978494624,
      0.4946236559139785,
      0.45161290322580644,
      0.4838709677419355,
      0.5053763440860215,
      0.5161290322580645,
      0.4946236559139785,
      0.5483870967741935,
      0.5591397849462365,
      0.5161290322580645,
      0.5161290322580645,
      0.5483870967741935,
      0.5591397849462365,
      0.4946236559139785,
      0.4838709677419355,
      0.5319148936170213,
      0.4842105263157895,
      0.48936170212765956,
      0.5212765957446809,
      0.5212765957446809,
      0.5760869565217391,
      0.5652173913043478,
      0.4946236559139785,
      0.5268817204301075,
      0.48936170212765956,
      0.5106382978723404,
      0.44086021505376344,
      0.39361702127659576,
      0.3870967741935484,
      0.3763440860215054,
      0.44086021505376344,
      0.4787234042553192,
      0.425531914893617,
      0.43617021276595747,
      0.4787234042553192,
      0.5638297872340425,
      0.6063829787234043,
      0.4574468085106383,
      0.425531914893617,
      0.5,
      0.5,
      0.5106382978723404,
      0.48936170212765956,
      0.44680851063829785,
      0.4574468085106383,
      0.4787234042553192,
      0.35106382978723405
   ]
}