{
   "0.95": [
      0.37307379063942187,
      0.4099695892057073,
      0.3941745323121888,
      0.3181675238495189,
      0.31215852978468683,
      0.2833392065149059,
      0.31120655843694967,
      0.3077932081253257,
      0.32258000846491336,
      0.288706610888685,
      0.3066317046833075,
      0.28991830747485003,
      0.30900210747503715,
      0.3416408912800689,
      0.3924215303645611,
      0.386025742793333,
      0.4581639138818932,
      0.4195617041214987,
      0.4413425583822394,
      0.48895420608899215,
      0.4311101307246515,
      0.5287316600047596,
      0.48136254321477945,
      0.4642301197808624,
      0.4521894585898478,
      0.4378495821399708,
      0.44076341065393415,
      0.4730786673110941,
      0.4863962286438751,
      0.4707618940544574,
      0.4267638775258357,
      0.43902693742772575,
      0.42390776511082984,
      0.4436088229493082,
      0.364766966600313,
      0.31460069280300523,
      0.33459350104556534,
      0.30233647910724565,
      0.3161347467139437,
      0.33628999010464633,
      0.3312550262687073,
      0.4047844208301237,
      0.3901090536601962,
      0.39413263390804815,
      0.42612639466979507,
      0.46710534393389624,
      0.41984609323233335,
      0.3980337166284328
   ],
   "0.9": [
      0.2749983303726436,
      0.2689262796085636,
      0.3046519989572792,
      0.24638422915156702,
      0.2332812617185286,
      0.22148681699370443,
      0.23263298216321449,
      0.23500266946824303,
      0.25338053288142387,
      0.24556552152160005,
      0.25191627617620815,
      0.2409577879105623,
      0.24654838433050555,
      0.2593294564925784,
      0.2747370847238117,
      0.32709482109436994,
      0.34171434753860797,
      0.3085315911272137,
      0.3592620176802473,
      0.3662314790245214,
      0.33709282936301344,
      0.34269037773459127,
      0.3720555720782609,
      0.385876765328481,
      0.3218049900098703,
      0.33891282009289597,
      0.39092868174422984,
      0.3783198778722317,
      0.3812129192024157,
      0.36219937376866745,
      0.36300205829153614,
      0.3570908499355123,
      0.36615713938957883,
      0.28613948676077416,
      0.22573063595671866,
      0.19465399973205522,
      0.23789335685539217,
      0.2518077890770584,
      0.24285940033370362,
      0.25903949100383944,
      0.28956611551598777,
      0.28549354597063226,
      0.29440321651579243,
      0.30343096832452066,
      0.2955316795992319,
      0.3363768145256392,
      0.3432124283383969,
      0.3330506785394123
   ],
   "0.75": [
      0.15052326041839792,
      0.11246972839873923,
      0.111301288939132,
      0.12707986272907762,
      0.1180893119924158,
      0.12073842104341466,
      0.10399811525237795,
      0.12105739396822449,
      0.11133123306654269,
      0.10638293009393898,
      0.13360321672759293,
      0.1296946644378978,
      0.12588817241089575,
      0.13390708747467925,
      0.14676152250115382,
      0.16552006137263753,
      0.14787912027271655,
      0.15670886488320895,
      0.18847154369366864,
      0.17511871867544063,
      0.18557916574950226,
      0.19941844595532443,
      0.21463891363419363,
      0.183043771356437,
      0.15903600960176262,
      0.17950599511658547,
      0.19117222699642827,
      0.18892782272583367,
      0.1715332277948317,
      0.17429685816243393,
      0.15996358849694176,
      0.1724440937676461,
      0.18509775195581757,
      0.14649040693618598,
      0.11712709149190564,
      0.1070978748561737,
      0.12338645594038986,
      0.10953786128975086,
      0.0863678260278126,
      0.08280800476406347,
      0.11497702363683208,
      0.11313657762554974,
      0.09005724832792752,
      0.12220470602365631,
      0.12508088030841175,
      0.13711261810406894,
      0.14189636483367846,
      0.1368283700707339
   ]
}