{
   "0.95": [
      0.8924731182795699,
      0.8602150537634409,
      0.8494623655913979,
      0.8172043010752689,
      0.7526881720430108,
      0.7849462365591398,
      0.8709677419354839,
      0.8924731182795699,
      0.8494623655913979,
      0.8172043010752689,
      0.8709677419354839,
      0.9032258064516129,
      0.8817204301075269,
      0.8709677419354839,
      0.8602150537634409,
      0.8387096774193549,
      0.9148936170212766,
      0.8947368421052632,
      0.8723404255319149,
      0.851063829787234,
      0.851063829787234,
      0.8586956521739131,
      0.8369565217391305,
      0.8279569892473119,
      0.7956989247311828,
      0.8404255319148937,
      0.8723404255319149,
      0.8494623655913979,
      0.8723404255319149,
      0.8817204301075269,
      0.8494623655913979,
      0.8817204301075269,
      0.9148936170212766,
      0.8617021276595744,
      0.8723404255319149,
      0.8936170212765957,
      0.9361702127659575,
      0.8829787234042553,
      0.8617021276595744,
      0.9574468085106383,
      0.9148936170212766,
      0.9148936170212766,
      0.8723404255319149,
      0.8936170212765957,
      0.9042553191489362,
      0.9148936170212766,
      0.925531914893617,
      0.925531914893617
   ],
   "0.9": [
      0.8279569892473119,
      0.7204301075268817,
      0.7204301075268817,
      0.6344086021505376,
      0.6236559139784946,
      0.7096774193548387,
      0.7096774193548387,
      0.7526881720430108,
      0.8064516129032258,
      0.7741935483870968,
      0.7526881720430108,
      0.8817204301075269,
      0.8279569892473119,
      0.7741935483870968,
      0.7526881720430108,
      0.7311827956989247,
      0.8297872340425532,
      0.7578947368421053,
      0.7340425531914894,
      0.7659574468085106,
      0.7872340425531915,
      0.8152173913043478,
      0.75,
      0.7204301075268817,
      0.7311827956989247,
      0.8085106382978723,
      0.8191489361702128,
      0.7419354838709677,
      0.7340425531914894,
      0.7741935483870968,
      0.7419354838709677,
      0.7849462365591398,
      0.8723404255319149,
      0.8191489361702128,
      0.776595744680851,
      0.7446808510638298,
      0.7978723404255319,
      0.8297872340425532,
      0.7659574468085106,
      0.6914893617021277,
      0.8085106382978723,
      0.8404255319148937,
      0.8085106382978723,
      0.7978723404255319,
      0.851063829787234,
      0.8723404255319149,
      0.8936170212765957,
      0.8297872340425532
   ],
   "0.75": [
      0.46236559139784944,
      0.3118279569892473,
      0.4731182795698925,
      0.43010752688172044,
      0.4946236559139785,
      0.4731182795698925,
      0.5376344086021505,
      0.5053763440860215,
      0.5161290322580645,
      0.5376344086021505,
      0.5268817204301075,
      0.5053763440860215,
      0.46236559139784944,
      0.4946236559139785,
      0.41935483870967744,
      0.5268817204301075,
      0.5425531914893617,
      0.3894736842105263,
      0.3829787234042553,
      0.5,
      0.5,
      0.4673913043478261,
      0.4782608695652174,
      0.4731182795698925,
      0.4946236559139785,
      0.4787234042553192,
      0.46808510638297873,
      0.3763440860215054,
      0.4574468085106383,
      0.45161290322580644,
      0.3870967741935484,
      0.45161290322580644,
      0.4787234042553192,
      0.4787234042553192,
      0.40425531914893614,
      0.44680851063829785,
      0.5,
      0.5425531914893617,
      0.5425531914893617,
      0.4574468085106383,
      0.5212765957446809,
      0.5212765957446809,
      0.46808510638297873,
      0.48936170212765956,
      0.44680851063829785,
      0.4787234042553192,
      0.48936170212765956,
      0.3829787234042553
   ]
}