{
  "0.95": 0.8745264096278137,
  "0.9": 0.7791397370180522,
  "0.75": 0.48785379986628036
}