{
   "0.95": [
      0.26944627228539153,
      0.24070951182796885,
      0.2786782678330693,
      0.26029079959231405,
      0.24333087984364335,
      0.23001902515209768,
      0.27847085120623,
      0.2940571333492248,
      0.3113652374144012,
      0.2678738914709975,
      0.3298805943978506,
      0.30838708494897593,
      0.28543647497533714,
      0.322037532051604,
      0.31184006192356206,
      0.3333073435088443,
      0.3546296607224066,
      0.31133664781543313,
      0.32628447366691377,
      0.2988325400155362,
      0.316234554596629,
      0.334256873420221,
      0.32703673918392734,
      0.3064820103291286,
      0.2628558822969655,
      0.31422879168275325,
      0.34535740703461437,
      0.329273469165612,
      0.3414825765283286,
      0.28310710302798864,
      0.26420420114269333,
      0.3360370413850871,
      0.30218452925680556,
      0.34655991804350444,
      0.3495993737645196,
      0.2970966784729067,
      0.3179007747951794,
      0.27833719895564707,
      0.2711562410195961,
      0.3797801750862059,
      0.32658412793834646,
      0.3241210518904603,
      0.27370393645314206,
      0.2587718674120874,
      0.30528582233196877,
      0.3406094462472178,
      0.33218253900658795,
      0.33595879711919746
   ],
   "0.9": [
      0.19063698170946272,
      0.15973814154639573,
      0.17033774272709895,
      0.17246734956305396,
      0.17337236027663372,
      0.17635416856061714,
      0.18937803963310798,
      0.20829730290898305,
      0.218256947697997,
      0.20732122126102687,
      0.2124333438562988,
      0.24156352579214813,
      0.22384941483419987,
      0.19450732660840536,
      0.18407990121993106,
      0.21674029313122117,
      0.22491830087665074,
      0.19569440735762186,
      0.17089236718452167,
      0.19180160901489335,
      0.23437684910392306,
      0.26251886173401007,
      0.25396224267687917,
      0.22137206145761637,
      0.2125631204022191,
      0.25285011534548263,
      0.28178492691247126,
      0.24835150887847765,
      0.21821583670642297,
      0.22501691756750697,
      0.21790055814728837,
      0.22479383794678592,
      0.25184027716208535,
      0.24572704397444298,
      0.20422434208074916,
      0.16944235826044285,
      0.21513798863241385,
      0.21460357246980152,
      0.19150406255135372,
      0.18516130495787442,
      0.22076287400816533,
      0.22180043983336262,
      0.19838109460581632,
      0.18956074324905223,
      0.20946365459677024,
      0.2673383323871766,
      0.24104997109759113,
      0.24832768805992983
   ],
   "0.75": [
      0.06983920985951851,
      0.05982661268624576,
      0.08170641761835483,
      0.09099486210684396,
      0.07786735662546404,
      0.0971578999185378,
      0.0773923227716741,
      0.08808796371524184,
      0.08714860188531429,
      0.09793164947332382,
      0.0889799874169973,
      0.08570510019852923,
      0.07497008167194481,
      0.08295046198801795,
      0.06202605068981966,
      0.09574075956485732,
      0.08148308541176992,
      0.06619284831922775,
      0.06780826874037445,
      0.07375384000883874,
      0.06761363494669642,
      0.07210369978899019,
      0.09263100698988162,
      0.08558547486909526,
      0.10094837640730778,
      0.10729760814159665,
      0.10381093037676682,
      0.08273573995737481,
      0.10123505974490007,
      0.09117636540889128,
      0.0769779097625046,
      0.09490823930791999,
      0.08772199339467608,
      0.09025299197233382,
      0.07094506923523004,
      0.07219925733883105,
      0.0787327349266663,
      0.07943744375406332,
      0.0750546111445314,
      0.07178580416604914,
      0.10042615565548127,
      0.09316458479421624,
      0.06472572635485173,
      0.07788350535907827,
      0.07646097610911835,
      0.07154669201320443,
      0.0890631347345522,
      0.08169202781579121
   ]
}