{
   "0.95": [
      0.8602150537634409,
      0.9032258064516129,
      0.8709677419354839,
      0.7956989247311828,
      0.8064516129032258,
      0.8279569892473119,
      0.8709677419354839,
      0.8494623655913979,
      0.8494623655913979,
      0.8172043010752689,
      0.8279569892473119,
      0.8387096774193549,
      0.8709677419354839,
      0.8494623655913979,
      0.8602150537634409,
      0.8494623655913979,
      0.9042553191489362,
      0.8526315789473684,
      0.8936170212765957,
      0.8829787234042553,
      0.8404255319148937,
      0.9456521739130435,
      0.9021739130434783,
      0.9354838709677419,
      0.9247311827956989,
      0.8404255319148937,
      0.8297872340425532,
      0.8709677419354839,
      0.8829787234042553,
      0.7956989247311828,
      0.7634408602150538,
      0.8279569892473119,
      0.8085106382978723,
      0.851063829787234,
      0.8829787234042553,
      0.9148936170212766,
      0.9148936170212766,
      0.8829787234042553,
      0.8829787234042553,
      0.9042553191489362,
      0.9148936170212766,
      0.925531914893617,
      0.8936170212765957,
      0.9042553191489362,
      0.9361702127659575,
      0.9361702127659575,
      0.9468085106382979,
      0.925531914893617
   ],
   "0.9": [
      0.7741935483870968,
      0.7526881720430108,
      0.8387096774193549,
      0.6666666666666666,
      0.6666666666666666,
      0.7526881720430108,
      0.8064516129032258,
      0.7849462365591398,
      0.8064516129032258,
      0.7634408602150538,
      0.7634408602150538,
      0.7956989247311828,
      0.8064516129032258,
      0.7956989247311828,
      0.8172043010752689,
      0.7849462365591398,
      0.8297872340425532,
      0.7789473684210526,
      0.7872340425531915,
      0.8297872340425532,
      0.7978723404255319,
      0.8586956521739131,
      0.8586956521739131,
      0.8494623655913979,
      0.7849462365591398,
      0.7340425531914894,
      0.7659574468085106,
      0.8279569892473119,
      0.7872340425531915,
      0.7096774193548387,
      0.7311827956989247,
      0.7311827956989247,
      0.7659574468085106,
      0.723404255319149,
      0.7021276595744681,
      0.7553191489361702,
      0.8617021276595744,
      0.851063829787234,
      0.851063829787234,
      0.8085106382978723,
      0.8723404255319149,
      0.8404255319148937,
      0.8723404255319149,
      0.851063829787234,
      0.8404255319148937,
      0.8829787234042553,
      0.8723404255319149,
      0.7872340425531915
   ],
   "0.75": [
      0.6021505376344086,
      0.44086021505376344,
      0.4838709677419355,
      0.41935483870967744,
      0.43010752688172044,
      0.5161290322580645,
      0.5483870967741935,
      0.5053763440860215,
      0.5268817204301075,
      0.5268817204301075,
      0.5806451612903226,
      0.6129032258064516,
      0.6236559139784946,
      0.5913978494623656,
      0.5806451612903226,
      0.5913978494623656,
      0.5106382978723404,
      0.5052631578947369,
      0.5531914893617021,
      0.6063829787234043,
      0.5957446808510638,
      0.6304347826086957,
      0.6521739130434783,
      0.5376344086021505,
      0.5161290322580645,
      0.48936170212765956,
      0.44680851063829785,
      0.5268817204301075,
      0.48936170212765956,
      0.40860215053763443,
      0.3870967741935484,
      0.4731182795698925,
      0.5851063829787234,
      0.5319148936170213,
      0.5,
      0.5106382978723404,
      0.5851063829787234,
      0.574468085106383,
      0.5,
      0.43617021276595747,
      0.4574468085106383,
      0.4787234042553192,
      0.44680851063829785,
      0.5638297872340425,
      0.5531914893617021,
      0.574468085106383,
      0.5319148936170213,
      0.44680851063829785
   ]
}