{
  "0.95": 0.871183418765322,
  "0.9": 0.7771339425005571,
  "0.75": 0.4713617116113216
}