{
   "0.95": [
      0.5042802133705906,
      0.4464421943754127,
      0.6103615013221654,
      0.6736842807163775,
      0.641544846795532,
      0.543121932718315,
      0.4933688981735201,
      0.463815269032787,
      0.2904468212454781,
      0.28482844356041703,
      0.2409048016051154,
      0.30632899374438083,
      0.4215539567106945,
      0.436991605804986,
      0.4544624916172299,
      0.47733579929333075,
      0.41641741093266166,
      0.5558455374373955,
      0.564140117779436,
      0.5910744225068283,
      0.5295382863705127,
      0.557026422589059,
      0.6053985824795994,
      0.5853046643263853,
      0.5028635626737017,
      0.5819634657864038,
      0.5383636742118945,
      0.5604324912048827,
      0.597251620767502,
      0.5361094710003085,
      0.4664723966214681,
      0.4379361892201583,
      0.5655722354273324,
      0.631287774485937,
      0.5247176922505754,
      0.5171909816742553,
      0.609842398069907,
      0.5964487987219916,
      0.5981437356802236,
      0.6643222291883778,
      0.6022869010779128,
      0.46781934814952275,
      0.5065285177219562,
      0.5023704356737858,
      0.5458477068997328,
      0.6016491115886522,
      0.6543170303500239,
      0.6255505828715113
   ],
   "0.9": [
      0.2412388120336633,
      0.232222966311571,
      0.27720869111913693,
      0.3002658589531511,
      0.3386298572776415,
      0.3031736746517896,
      0.25011985652836727,
      0.2611109251056782,
      0.2329393395268953,
      0.15412232720039756,
      0.15518562969342173,
      0.16361309167288865,
      0.18539556401020493,
      0.24111226758459442,
      0.23494083167918062,
      0.3115916286459253,
      0.3379347390912307,
      0.3561109368429137,
      0.4484345059096388,
      0.3991525839557934,
      0.398109478007167,
      0.4542921367992442,
      0.520545531378706,
      0.4668041842462859,
      0.39618519208160097,
      0.45659348491204876,
      0.45962871396841565,
      0.48007437839115924,
      0.40802164678876685,
      0.38203196880630286,
      0.3746634651437505,
      0.33314479183648377,
      0.36019048517309266,
      0.40435398484389273,
      0.32776187214967617,
      0.28054039096896116,
      0.344488288256635,
      0.38837951558860623,
      0.3626098773409858,
      0.25257539333682,
      0.3525716180975261,
      0.3436356472608372,
      0.40612129849355344,
      0.38390026422508927,
      0.45288495758667213,
      0.4396373747233963,
      0.4768830581028711,
      0.5141303614462593
   ],
   "0.75": [
      0.05305052509395883,
      0.043483269544938294,
      0.04174815086118749,
      0.044352431350414646,
      0.05680586264296665,
      0.06354944532465083,
      0.077185534094163,
      0.10213161341475543,
      0.09622450484344452,
      0.08313774241670792,
      0.08156983052311527,
      0.07414935752225194,
      0.07946858545024382,
      0.07123992814898462,
      0.07506492134199907,
      0.07781504037881164,
      0.11925224659988173,
      0.1728319341413163,
      0.1816628309687973,
      0.1678292711245493,
      0.16259607787645253,
      0.18773237222512407,
      0.2293143054034985,
      0.19821548221887708,
      0.1857057219431118,
      0.18286521368610867,
      0.21598903537410968,
      0.2042946756563642,
      0.19428552415780315,
      0.19736444704786663,
      0.1497601291875667,
      0.1903203704004329,
      0.15580442821190282,
      0.11148493816352237,
      0.07424939599926568,
      0.07021287269433862,
      0.0713907218007798,
      0.10945766623759474,
      0.09193848456471594,
      0.1612257265012824,
      0.15852792314947384,
      0.17146884144047977,
      0.22575687016289248,
      0.21113053189234776,
      0.24925831326671724,
      0.25885115379033574,
      0.28595841358430935,
      0.2996325135875824
   ]
}