{
  "0.95": 0.8722977490528192,
  "0.9": 0.7954089592155115,
  "0.75": 0.5246266993536884
}