{
  "0.95": 0.8990416759527524,
  "0.9": 0.8181412970804547,
  "0.75": 0.4940940494762648
}