{
   "0.95": [
      0.2635283939380222,
      0.27209523232502764,
      0.2760923017952195,
      0.3066245107353585,
      0.24727312905606394,
      0.25812057001940364,
      0.27302094210162003,
      0.29685511370809575,
      0.31681570527456676,
      0.273787457031353,
      0.3268246958357416,
      0.3109266140914863,
      0.30058418083592314,
      0.3195936202601349,
      0.3342208240476423,
      0.3359079896015126,
      0.32856875371648003,
      0.32317963264301125,
      0.3856462188928112,
      0.4193534539988663,
      0.41534853949573985,
      0.41334973550618737,
      0.46088892877491416,
      0.46392044182102415,
      0.42099472908442276,
      0.4445377148983863,
      0.42286758338959524,
      0.4794800567228238,
      0.5097365399744728,
      0.4700945014970733,
      0.4398164015418131,
      0.4218489962655021,
      0.4803362165228837,
      0.44690947693692484,
      0.3730311202748424,
      0.30812409114124056,
      0.3453543164029401,
      0.2709419281315339,
      0.26995759461425656,
      0.3818885948391206,
      0.33160738313127475,
      0.34192213667421095,
      0.27716381980658733,
      0.2611560975166163,
      0.3099480547291599,
      0.3507610392786843,
      0.34120695103240195,
      0.3485797219736819
   ],
   "0.9": [
      0.20948017672862257,
      0.17257485149022014,
      0.187847280441148,
      0.1833262011965582,
      0.18229834618049973,
      0.18961768193940226,
      0.20470469826247673,
      0.2108654977244061,
      0.21039775172720832,
      0.20998206405235892,
      0.21140096293226404,
      0.25871483498752545,
      0.2010501551516555,
      0.20297652557132032,
      0.21778718297912883,
      0.2410546439551798,
      0.23534758324404978,
      0.26437223117528136,
      0.2825332480803094,
      0.29593956951386025,
      0.3290284011214233,
      0.35193930615032926,
      0.3646213066264508,
      0.3667795495130521,
      0.3368314961581172,
      0.3356517462149621,
      0.3675084726165068,
      0.34946280001861707,
      0.3836452308092559,
      0.3640431582981002,
      0.296556273731539,
      0.2929123784023867,
      0.34839016186753624,
      0.31239309816293115,
      0.2609308504826066,
      0.24284214447733696,
      0.2102550574048131,
      0.22922154515572424,
      0.17552482325603289,
      0.20425893936191722,
      0.22499739813253053,
      0.22115348119833908,
      0.19333486649074172,
      0.19249712435222474,
      0.21441048000150106,
      0.2750960125493616,
      0.25750626491504874,
      0.2563891753193798
   ],
   "0.75": [
      0.08169221571045417,
      0.07034989710112605,
      0.09129668384444868,
      0.09948375320745054,
      0.09071695286717811,
      0.10303855832983157,
      0.08374245674722501,
      0.08907005694597644,
      0.09361805420925248,
      0.10266422908255722,
      0.09810731814185648,
      0.09525651055728965,
      0.0957772116543817,
      0.09655535164402822,
      0.08314142985071764,
      0.10438500865990152,
      0.11216654140676038,
      0.11935862316680053,
      0.1370838425822983,
      0.1437338436854448,
      0.15531347984388327,
      0.1877754209598033,
      0.18606951271289682,
      0.18124263393940085,
      0.18270578545963484,
      0.1808180801690998,
      0.1708922842758054,
      0.18519416817890524,
      0.16875533262946715,
      0.1814980682445999,
      0.15152531922553097,
      0.1494620378281273,
      0.14241016642613347,
      0.10994042295827056,
      0.0923899555982808,
      0.09181325414405998,
      0.12196554932891675,
      0.10078310097575335,
      0.0840818680441023,
      0.07655067964374283,
      0.09236335484128226,
      0.08918419733645737,
      0.07020051869554104,
      0.08459807525391963,
      0.07930218647655303,
      0.07360817211449727,
      0.08854047752641671,
      0.08399565707708383
   ]
}