{
   "0.95": [
      0.956989247311828,
      0.956989247311828,
      0.967741935483871,
      0.967741935483871,
      0.956989247311828,
      0.956989247311828,
      0.946236559139785,
      0.9354838709677419,
      0.956989247311828,
      0.946236559139785,
      0.9032258064516129,
      0.9139784946236559,
      0.956989247311828,
      0.9139784946236559,
      0.9139784946236559,
      0.8494623655913979,
      0.8297872340425532,
      0.8421052631578947,
      0.8936170212765957,
      0.8936170212765957,
      0.8617021276595744,
      0.9130434782608695,
      0.9021739130434783,
      0.9139784946236559,
      0.8709677419354839,
      0.9361702127659575,
      0.8829787234042553,
      0.9247311827956989,
      0.8936170212765957,
      0.8064516129032258,
      0.7849462365591398,
      0.8064516129032258,
      0.8723404255319149,
      0.851063829787234,
      0.851063829787234,
      0.8936170212765957,
      0.9148936170212766,
      0.9042553191489362,
      0.925531914893617,
      0.9148936170212766,
      0.8723404255319149,
      0.8404255319148937,
      0.8617021276595744,
      0.8936170212765957,
      0.9042553191489362,
      0.8936170212765957,
      0.9042553191489362,
      0.9042553191489362
   ],
   "0.9": [
      0.946236559139785,
      0.9354838709677419,
      0.9354838709677419,
      0.9247311827956989,
      0.9247311827956989,
      0.9247311827956989,
      0.8924731182795699,
      0.8709677419354839,
      0.9032258064516129,
      0.8817204301075269,
      0.8279569892473119,
      0.7741935483870968,
      0.7956989247311828,
      0.8172043010752689,
      0.7634408602150538,
      0.8064516129032258,
      0.7872340425531915,
      0.7263157894736842,
      0.851063829787234,
      0.7872340425531915,
      0.7446808510638298,
      0.8369565217391305,
      0.9021739130434783,
      0.8494623655913979,
      0.7956989247311828,
      0.8297872340425532,
      0.8297872340425532,
      0.8817204301075269,
      0.7553191489361702,
      0.6666666666666666,
      0.6881720430107527,
      0.6881720430107527,
      0.723404255319149,
      0.7872340425531915,
      0.7340425531914894,
      0.7872340425531915,
      0.8191489361702128,
      0.851063829787234,
      0.8297872340425532,
      0.7446808510638298,
      0.7978723404255319,
      0.8191489361702128,
      0.7340425531914894,
      0.7659574468085106,
      0.7446808510638298,
      0.8191489361702128,
      0.8829787234042553,
      0.8936170212765957
   ],
   "0.75": [
      0.3763440860215054,
      0.3763440860215054,
      0.44086021505376344,
      0.41935483870967744,
      0.40860215053763443,
      0.40860215053763443,
      0.44086021505376344,
      0.44086021505376344,
      0.5376344086021505,
      0.5053763440860215,
      0.4731182795698925,
      0.5483870967741935,
      0.5483870967741935,
      0.5483870967741935,
      0.5376344086021505,
      0.45161290322580644,
      0.5212765957446809,
      0.5789473684210527,
      0.5638297872340425,
      0.5319148936170213,
      0.46808510638297873,
      0.5,
      0.6086956521739131,
      0.44086021505376344,
      0.45161290322580644,
      0.43617021276595747,
      0.5531914893617021,
      0.4838709677419355,
      0.4574468085106383,
      0.45161290322580644,
      0.44086021505376344,
      0.5161290322580645,
      0.5425531914893617,
      0.4574468085106383,
      0.44680851063829785,
      0.5106382978723404,
      0.5531914893617021,
      0.6063829787234043,
      0.43617021276595747,
      0.48936170212765956,
      0.5106382978723404,
      0.5851063829787234,
      0.5,
      0.5,
      0.48936170212765956,
      0.5531914893617021,
      0.5531914893617021,
      0.5106382978723404
   ]
}