{
   "0.95": [
      0.28603159801000316,
      0.2962757692255199,
      0.4712641435189722,
      0.38049939124566573,
      0.32031617067648643,
      0.32504184495484917,
      0.2870620422831015,
      0.346850575499525,
      0.32025529244608764,
      0.3814682679474173,
      0.34315931157017815,
      0.3203044762931128,
      0.36660160793831204,
      0.34304471859783325,
      0.33177485026170583,
      0.32505920758621715,
      0.37779543396693605,
      0.45086841370985437,
      0.38620695365141894,
      0.43399092407918183,
      0.41248930221138425,
      0.5089795927839846,
      0.486924017048936,
      0.5488785093423661,
      0.502721390159756,
      0.5315656211582047,
      0.48612641913861154,
      0.48913180534924383,
      0.49939395576468754,
      0.5466181295548904,
      0.4909565249741074,
      0.4979710295467732,
      0.4287416714010327,
      0.4128794003238655,
      0.3573005308782224,
      0.306338556769104,
      0.3021835617763385,
      0.3156603392161378,
      0.3173920635660333,
      0.32666996094860146,
      0.33694167733893376,
      0.27179001714566753,
      0.3321479819136823,
      0.3126039392765399,
      0.2600326610259994,
      0.22985438121021465,
      0.2706290196182375,
      0.23657441420319877
   ],
   "0.9": [
      0.19910883108866168,
      0.2303611662602712,
      0.2640889787722451,
      0.23716368669241591,
      0.2045034899726576,
      0.24589080750721734,
      0.20329058238130032,
      0.24983988719131922,
      0.2248047638110723,
      0.21047650590197947,
      0.22966833746356174,
      0.22870773291224986,
      0.2810700653104489,
      0.24155407915782345,
      0.2653730741033968,
      0.24036972697850642,
      0.30538038427171293,
      0.3009539220343223,
      0.28267644729807856,
      0.3312590655673259,
      0.34332810762896493,
      0.3473178953907353,
      0.37856372784859754,
      0.36143636007563873,
      0.42034040126492495,
      0.4026927909846885,
      0.3947064003415636,
      0.335305595404595,
      0.3290676273876,
      0.44244406176860596,
      0.39502109936064744,
      0.3651372554682939,
      0.3431484680899619,
      0.3088978277217787,
      0.2645767033385108,
      0.24472403103457768,
      0.22047089219161575,
      0.23666965002755813,
      0.20991001346789456,
      0.2390600726655947,
      0.20913612856453342,
      0.2044850691412521,
      0.209368526131619,
      0.2110627915400669,
      0.17885847750586073,
      0.16127535235506746,
      0.20282205841105777,
      0.18955147462179542
   ],
   "0.75": [
      0.0930362307074557,
      0.0860434414702132,
      0.10209720655873492,
      0.10140211191072311,
      0.08141002765675263,
      0.10529795409587675,
      0.07996946526299847,
      0.09875858318598645,
      0.07928906825937157,
      0.1004936760969549,
      0.09885404043757508,
      0.1093223389775398,
      0.11932344239188276,
      0.10457299877914498,
      0.12887930233125847,
      0.11034322071007384,
      0.13498844075761268,
      0.1361940401269236,
      0.15021633899982514,
      0.17497468613056263,
      0.1674480529528006,
      0.18502766510572102,
      0.2042283886347294,
      0.1778179716651188,
      0.20662596355845786,
      0.19987828181827216,
      0.2088987940766976,
      0.1836637154528612,
      0.15585851584054386,
      0.1858926582885993,
      0.1908049144552619,
      0.15585024218103855,
      0.17917055743634977,
      0.15682707838877963,
      0.14643395491781463,
      0.10518191838385031,
      0.1013748777523579,
      0.11370655714268499,
      0.0994378586922735,
      0.11853104937807507,
      0.0891334159135759,
      0.09188211219635382,
      0.09402638910087464,
      0.09205720041935905,
      0.08827127157218166,
      0.07287602188034377,
      0.08800200157148004,
      0.09649953178381818
   ]
}