{
  "0.95": 0.8453913043478261,
  "0.9": 0.7424347826086957,
  "0.75": 0.44730434782608697
}