{
  "0.95": 0.8488695652173913,
  "0.9": 0.7506086956521739,
  "0.75": 0.4666086956521739
}