{
   "0.95": [
      0.8083333333333333,
      0.875,
      0.8983050847457628,
      0.8813559322033898,
      0.8135593220338984,
      0.8559322033898306,
      0.8559322033898306,
      0.8389830508474576,
      0.864406779661017,
      0.8983050847457628,
      0.8898305084745762,
      0.9152542372881356,
      0.8898305084745762,
      0.8728813559322034,
      0.8403361344537815,
      0.865546218487395,
      0.9495798319327731,
      0.9327731092436975,
      0.8907563025210085,
      0.9327731092436975,
      0.8487394957983193,
      0.8739495798319328,
      0.8333333333333334,
      0.8823529411764706,
      0.8991596638655462,
      0.8813559322033898,
      0.8983050847457628,
      0.8305084745762712,
      0.8305084745762712,
      0.8916666666666667,
      0.9090909090909091,
      0.9008264462809917,
      0.8583333333333333,
      0.8264462809917356,
      0.8181818181818182,
      0.8264462809917356,
      0.7933884297520661,
      0.8181818181818182,
      0.7933884297520661,
      0.8442622950819673,
      0.8770491803278688,
      0.819672131147541,
      0.8373983739837398,
      0.8699186991869918,
      0.7903225806451613,
      0.7723577235772358,
      0.7967479674796748,
      0.7786885245901639
   ],
   "0.9": [
      0.7333333333333333,
      0.7083333333333334,
      0.7711864406779662,
      0.7372881355932204,
      0.6610169491525424,
      0.7542372881355932,
      0.635593220338983,
      0.7372881355932204,
      0.6864406779661016,
      0.7627118644067796,
      0.7627118644067796,
      0.711864406779661,
      0.7627118644067796,
      0.7033898305084746,
      0.7394957983193278,
      0.7478991596638656,
      0.8235294117647058,
      0.8487394957983193,
      0.7983193277310925,
      0.7983193277310925,
      0.7478991596638656,
      0.773109243697479,
      0.7916666666666666,
      0.773109243697479,
      0.7478991596638656,
      0.7033898305084746,
      0.7542372881355932,
      0.6864406779661016,
      0.7796610169491526,
      0.8583333333333333,
      0.8016528925619835,
      0.8429752066115702,
      0.8083333333333333,
      0.743801652892562,
      0.7520661157024794,
      0.71900826446281,
      0.6942148760330579,
      0.7355371900826446,
      0.71900826446281,
      0.7868852459016393,
      0.7459016393442623,
      0.7295081967213115,
      0.7723577235772358,
      0.8048780487804879,
      0.6935483870967742,
      0.6991869918699187,
      0.7642276422764228,
      0.7049180327868853
   ],
   "0.75": [
      0.48333333333333334,
      0.38333333333333336,
      0.4406779661016949,
      0.3474576271186441,
      0.3559322033898305,
      0.3305084745762712,
      0.3389830508474576,
      0.4576271186440678,
      0.3898305084745763,
      0.423728813559322,
      0.4745762711864407,
      0.3983050847457627,
      0.4406779661016949,
      0.3813559322033898,
      0.5294117647058824,
      0.47058823529411764,
      0.5546218487394958,
      0.5546218487394958,
      0.48739495798319327,
      0.4957983193277311,
      0.5462184873949579,
      0.5294117647058824,
      0.48333333333333334,
      0.5378151260504201,
      0.453781512605042,
      0.3898305084745763,
      0.3898305084745763,
      0.3813559322033898,
      0.3813559322033898,
      0.55,
      0.5041322314049587,
      0.4793388429752066,
      0.55,
      0.47107438016528924,
      0.5537190082644629,
      0.4793388429752066,
      0.3884297520661157,
      0.4132231404958678,
      0.4628099173553719,
      0.5163934426229508,
      0.5655737704918032,
      0.4672131147540984,
      0.4634146341463415,
      0.5528455284552846,
      0.4838709677419355,
      0.4959349593495935,
      0.5203252032520326,
      0.5327868852459017
   ]
}