{
   "0.95": [
      0.9333333333333333,
      0.925,
      0.9491525423728814,
      0.940677966101695,
      0.9576271186440678,
      0.923728813559322,
      0.9491525423728814,
      0.9322033898305084,
      0.9152542372881356,
      0.8728813559322034,
      0.847457627118644,
      0.8983050847457628,
      0.9491525423728814,
      0.9152542372881356,
      0.9243697478991597,
      0.9243697478991597,
      0.9243697478991597,
      0.8739495798319328,
      0.8991596638655462,
      0.8739495798319328,
      0.8571428571428571,
      0.8151260504201681,
      0.8416666666666667,
      0.865546218487395,
      0.8319327731092437,
      0.8050847457627118,
      0.8220338983050848,
      0.8389830508474576,
      0.8813559322033898,
      0.875,
      0.859504132231405,
      0.8677685950413223,
      0.9,
      0.8512396694214877,
      0.8429752066115702,
      0.8016528925619835,
      0.8264462809917356,
      0.8512396694214877,
      0.8512396694214877,
      0.8360655737704918,
      0.8442622950819673,
      0.8360655737704918,
      0.8943089430894309,
      0.9105691056910569,
      0.9032258064516129,
      0.9186991869918699,
      0.9186991869918699,
      0.8852459016393442
   ],
   "0.9": [
      0.9083333333333333,
      0.9166666666666666,
      0.9322033898305084,
      0.923728813559322,
      0.9067796610169492,
      0.9152542372881356,
      0.9152542372881356,
      0.923728813559322,
      0.8983050847457628,
      0.8389830508474576,
      0.8305084745762712,
      0.8135593220338984,
      0.8389830508474576,
      0.8898305084745762,
      0.8487394957983193,
      0.8151260504201681,
      0.8739495798319328,
      0.7394957983193278,
      0.8067226890756303,
      0.7815126050420168,
      0.7478991596638656,
      0.7394957983193278,
      0.7416666666666667,
      0.7815126050420168,
      0.7983193277310925,
      0.6864406779661016,
      0.7372881355932204,
      0.7288135593220338,
      0.7288135593220338,
      0.8166666666666667,
      0.7520661157024794,
      0.8429752066115702,
      0.775,
      0.7933884297520661,
      0.7768595041322314,
      0.6942148760330579,
      0.7272727272727273,
      0.743801652892562,
      0.7107438016528925,
      0.7213114754098361,
      0.7704918032786885,
      0.7786885245901639,
      0.8617886178861789,
      0.8943089430894309,
      0.8951612903225806,
      0.8943089430894309,
      0.8536585365853658,
      0.8688524590163934
   ],
   "0.75": [
      0.8,
      0.8,
      0.8135593220338984,
      0.8220338983050848,
      0.8305084745762712,
      0.847457627118644,
      0.7966101694915254,
      0.8135593220338984,
      0.7457627118644068,
      0.711864406779661,
      0.6610169491525424,
      0.6186440677966102,
      0.576271186440678,
      0.576271186440678,
      0.5714285714285714,
      0.453781512605042,
      0.5378151260504201,
      0.5126050420168067,
      0.4957983193277311,
      0.44537815126050423,
      0.5378151260504201,
      0.4369747899159664,
      0.44166666666666665,
      0.42016806722689076,
      0.453781512605042,
      0.4491525423728814,
      0.4576271186440678,
      0.4915254237288136,
      0.4830508474576271,
      0.5083333333333333,
      0.5371900826446281,
      0.5454545454545454,
      0.5583333333333333,
      0.5371900826446281,
      0.4380165289256198,
      0.48760330578512395,
      0.5454545454545454,
      0.5702479338842975,
      0.5702479338842975,
      0.5819672131147541,
      0.5819672131147541,
      0.6721311475409836,
      0.7235772357723578,
      0.6910569105691057,
      0.7096774193548387,
      0.7479674796747967,
      0.7398373983739838,
      0.7131147540983607
   ]
}