{
   "0.95": [
      0.8416666666666667,
      0.85,
      0.923728813559322,
      0.923728813559322,
      0.8559322033898306,
      0.9067796610169492,
      0.864406779661017,
      0.8813559322033898,
      0.8898305084745762,
      0.923728813559322,
      0.8813559322033898,
      0.8559322033898306,
      0.8983050847457628,
      0.8559322033898306,
      0.8235294117647058,
      0.8907563025210085,
      0.8907563025210085,
      0.9243697478991597,
      0.9159663865546218,
      0.8991596638655462,
      0.865546218487395,
      0.9327731092436975,
      0.8583333333333333,
      0.8151260504201681,
      0.8319327731092437,
      0.8728813559322034,
      0.7627118644067796,
      0.788135593220339,
      0.7796610169491526,
      0.8666666666666667,
      0.8677685950413223,
      0.8429752066115702,
      0.8,
      0.7768595041322314,
      0.7851239669421488,
      0.7933884297520661,
      0.768595041322314,
      0.7851239669421488,
      0.8099173553719008,
      0.819672131147541,
      0.819672131147541,
      0.7622950819672131,
      0.8373983739837398,
      0.8861788617886179,
      0.8225806451612904,
      0.7398373983739838,
      0.8211382113821138,
      0.7868852459016393
   ],
   "0.9": [
      0.7416666666666667,
      0.775,
      0.8389830508474576,
      0.7796610169491526,
      0.7627118644067796,
      0.8305084745762712,
      0.6779661016949152,
      0.7796610169491526,
      0.7203389830508474,
      0.7542372881355932,
      0.7796610169491526,
      0.7796610169491526,
      0.8389830508474576,
      0.788135593220339,
      0.7310924369747899,
      0.8151260504201681,
      0.7899159663865546,
      0.8487394957983193,
      0.8403361344537815,
      0.7478991596638656,
      0.8151260504201681,
      0.8151260504201681,
      0.7916666666666666,
      0.7310924369747899,
      0.7899159663865546,
      0.7033898305084746,
      0.6779661016949152,
      0.6101694915254238,
      0.6949152542372882,
      0.725,
      0.7107438016528925,
      0.7768595041322314,
      0.6333333333333333,
      0.6776859504132231,
      0.7024793388429752,
      0.6776859504132231,
      0.6942148760330579,
      0.7024793388429752,
      0.6859504132231405,
      0.7377049180327869,
      0.7049180327868853,
      0.680327868852459,
      0.7317073170731707,
      0.7398373983739838,
      0.7258064516129032,
      0.6422764227642277,
      0.7235772357723578,
      0.7295081967213115
   ],
   "0.75": [
      0.45,
      0.49166666666666664,
      0.5,
      0.5084745762711864,
      0.4322033898305085,
      0.559322033898305,
      0.3474576271186441,
      0.4491525423728814,
      0.3983050847457627,
      0.423728813559322,
      0.423728813559322,
      0.4322033898305085,
      0.4745762711864407,
      0.4491525423728814,
      0.5210084033613446,
      0.4369747899159664,
      0.44537815126050423,
      0.5294117647058824,
      0.5546218487394958,
      0.48739495798319327,
      0.5126050420168067,
      0.5042016806722689,
      0.475,
      0.4789915966386555,
      0.4369747899159664,
      0.3644067796610169,
      0.4322033898305085,
      0.3728813559322034,
      0.3135593220338983,
      0.43333333333333335,
      0.35537190082644626,
      0.4628099173553719,
      0.49166666666666664,
      0.4297520661157025,
      0.4462809917355372,
      0.4049586776859504,
      0.3140495867768595,
      0.4793388429752066,
      0.4462809917355372,
      0.4426229508196721,
      0.48360655737704916,
      0.4180327868852459,
      0.44715447154471544,
      0.4634146341463415,
      0.46774193548387094,
      0.3821138211382114,
      0.4065040650406504,
      0.4918032786885246
   ]
}