{
  "0.95": 0.8573913043478261,
  "0.9": 0.7504347826086957,
  "0.75": 0.46469565217391307
}