{
   "0.95": [
      0.1130104317942274,
      0.053391797044680334,
      0.2650490442518188,
      0.37792090109852405,
      0.36684081079027564,
      0.24811671412461395,
      0.4194122564279952,
      0.48663134131078095,
      0.4082574859328197,
      0.35942961271625573,
      0.36543057737023704,
      0.5037963988057221,
      0.49789710853641744,
      0.4389208904679529,
      0.54684051658774,
      0.5124556218874146,
      0.5467345538135333,
      0.6068161189882689,
      0.5511313552404487,
      0.5373281782338615,
      0.5372173683351821,
      0.5286141421494487,
      0.5543343129293891,
      0.5554651522495822,
      0.5880687093378775,
      0.6287089649347676,
      0.6411433429934955,
      0.6123806140075326,
      0.6329255847228097,
      0.6685871851689746,
      0.5816909521951213,
      0.6088847138303808,
      0.6378304115202909,
      0.5997963303843682,
      0.5504143572838562,
      0.4820191407691061,
      0.5660023326243749,
      0.4226270237319046,
      0.3383166488617209,
      0.04622255352648692,
      0.025856338555632075,
      0.013799904009730479,
      0.011658301089214295,
      0.014345254056950467,
      0.01923221968355151,
      0.03328715043645198,
      0.04020367451754047,
      0.036500410687722085
   ],
   "0.9": [
      0.06765100953401106,
      0.021878167366503828,
      0.06143643812839776,
      0.0655001628078353,
      0.044360460044405976,
      0.09432594302404179,
      0.16135708520696393,
      0.20504146635318274,
      0.21980439595084683,
      0.20392992008430855,
      0.225214376227718,
      0.24190846574752062,
      0.30927597783072636,
      0.3360181706030454,
      0.38370742999172514,
      0.3260366883089303,
      0.3900188892055882,
      0.40170335649405886,
      0.44905075595193117,
      0.39470965410317516,
      0.3995439431111999,
      0.4240857100927544,
      0.4290182813084439,
      0.42390762127369463,
      0.519026278240952,
      0.4359751229733624,
      0.48351454425025436,
      0.41531641889702514,
      0.41555099133193457,
      0.540071636395873,
      0.4474908078184768,
      0.4849957771896925,
      0.47185800747528783,
      0.4430850129835038,
      0.40979543677237695,
      0.34298180760699054,
      0.3466730165834915,
      0.27565498331426624,
      0.1996553400351959,
      0.026110605770132845,
      0.014587249953460491,
      0.009649513777389753,
      0.007752262268379722,
      0.00697796768465259,
      0.015169856680626523,
      0.019972688282761667,
      0.017118253294727128,
      0.02655928475988961
   ],
   "0.75": [
      0.010065685799919654,
      0.0029133103695292684,
      0.006490776039496762,
      0.004219079364535268,
      0.0019754781810966586,
      0.007095873860738978,
      0.0097428802029286,
      0.03923219988068908,
      0.06602150685025357,
      0.10001536840256413,
      0.0863056547753309,
      0.07255543767648344,
      0.07603138958106499,
      0.0582296945304974,
      0.07634282496702904,
      0.07681271441888243,
      0.13624801543208706,
      0.1636830319017327,
      0.1711486155181247,
      0.1761412204678557,
      0.18256997681820533,
      0.17593776960248447,
      0.18634096396567768,
      0.18207304005622077,
      0.227669669531369,
      0.2298127720521637,
      0.24806527092058683,
      0.2299228908100135,
      0.21678332048751534,
      0.22095568405656543,
      0.21389874600771586,
      0.183121399446569,
      0.1816905249777071,
      0.16598863246026793,
      0.10172258923455664,
      0.12407193354521458,
      0.07028796595204839,
      0.06473738589166239,
      0.07040930849308864,
      0.008355291871805661,
      0.004816448822293395,
      0.004550790949775925,
      0.0025872522573588213,
      0.0007711952020499898,
      0.0005526499909066481,
      0.0014832911850755609,
      0.006570298095983347,
      0.009407209178208184
   ]
}