{
   "0.95": [
      0.3303656192770268,
      0.36539170713116353,
      0.4729532275980872,
      0.36146422421057695,
      0.31944725760138815,
      0.33936241833959074,
      0.3117239632715945,
      0.342132679103323,
      0.3535925737796018,
      0.356260486060351,
      0.351058684259809,
      0.39238883655435075,
      0.4043524365041369,
      0.3591274674466708,
      0.3525382739889737,
      0.3545523054055921,
      0.4766451067307724,
      0.5049203665761159,
      0.39965421020162706,
      0.4868769988359077,
      0.4267032373394514,
      0.4530421155430146,
      0.41464997590721214,
      0.4299585105136416,
      0.46383340001671325,
      0.5284559646093148,
      0.5056118552256356,
      0.41424690113082396,
      0.4647960156856935,
      0.5456048974222244,
      0.5210336540805663,
      0.51249159538353,
      0.43857575770865254,
      0.394545686662767,
      0.4114261509609787,
      0.3923736169084022,
      0.31932786318479905,
      0.36715142381069926,
      0.3418257922872064,
      0.3619524778106034,
      0.3835832066409504,
      0.3282590689737238,
      0.38113952502501464,
      0.4124053336941923,
      0.3325464522142395,
      0.364853088661806,
      0.4213045898523227,
      0.37687628039461
   ],
   "0.9": [
      0.2630907508100812,
      0.24364190501759825,
      0.2647019692377313,
      0.2482733503290663,
      0.20580929096903486,
      0.25880867560802995,
      0.21041420813951264,
      0.26091709958671055,
      0.23611661920517507,
      0.23948971368239613,
      0.2534339230959378,
      0.23745637314047552,
      0.2731863192276543,
      0.25911710559917495,
      0.2851877917477972,
      0.26599518042794124,
      0.32077135976034216,
      0.35557450746727914,
      0.30031763068039163,
      0.30998611323996367,
      0.33077625470373306,
      0.32674087780362576,
      0.33682643691422265,
      0.31235444624210856,
      0.30165480421873814,
      0.36145770594413296,
      0.3701946633261759,
      0.3004401165671803,
      0.37948642566562457,
      0.4672569480106393,
      0.3867574387860401,
      0.3840156906677103,
      0.37492342877692125,
      0.29972945852463406,
      0.29601378763352637,
      0.2695942414160487,
      0.24765832663584694,
      0.28795025210370884,
      0.2647682522474432,
      0.2888315775831956,
      0.27566744666959664,
      0.25776654470610133,
      0.26919287288105115,
      0.26936762482557647,
      0.26451404792614885,
      0.2640040446564985,
      0.32725085469505766,
      0.30236200884617837
   ],
   "0.75": [
      0.139701407621479,
      0.11409860993459355,
      0.14235092490636006,
      0.12067175728102635,
      0.11094486643802336,
      0.10953739355213216,
      0.10884771920107268,
      0.12135590235996677,
      0.12202970649335679,
      0.11317425758519145,
      0.13421462260794031,
      0.12547381556062082,
      0.1370230439275233,
      0.13039709740989722,
      0.1643118640944232,
      0.12393178694650883,
      0.15216432885647072,
      0.16111042343183213,
      0.1562732000138256,
      0.17274553160315897,
      0.1703026737838113,
      0.1739574371708449,
      0.1680687000753322,
      0.16330498268826937,
      0.1454148029697848,
      0.17114211346178135,
      0.1705979818269114,
      0.14682044174596962,
      0.15120546237195553,
      0.20127369476315346,
      0.18698269279896507,
      0.1930019765601949,
      0.18385422115939398,
      0.1629046213303295,
      0.16127339976143215,
      0.13828457257386828,
      0.10815014422468548,
      0.11039221317533787,
      0.12269224238273768,
      0.13479916911141335,
      0.12332413073471238,
      0.12775537456874794,
      0.12962221922024983,
      0.14978455532206436,
      0.13460821754641494,
      0.14433111774128693,
      0.1730982257166323,
      0.17494691585587416
   ]
}