{
  "0.95": 0.8824347826086957,
  "0.9": 0.8161739130434783,
  "0.75": 0.6055652173913043
}