{
   "0.95": [
      0.2932462939998514,
      0.29966891222974257,
      0.4542832751808501,
      0.3804395454244513,
      0.3204674591854499,
      0.32504184495484933,
      0.28710118945842195,
      0.34678681872911815,
      0.3198220934472152,
      0.38229145377937584,
      0.3378519681534206,
      0.3174417337545428,
      0.37760456292645134,
      0.3485090356945126,
      0.3483991020886025,
      0.3755023554299938,
      0.4030886137304949,
      0.38947026641545646,
      0.39995206916095366,
      0.3705218894982952,
      0.3190122655595594,
      0.44635094635744227,
      0.35431258632398055,
      0.34702577293602455,
      0.3384911943462626,
      0.37513447670050953,
      0.26569435889198995,
      0.24417841471326243,
      0.2743237265316998,
      0.312907836390419,
      0.3358007554947858,
      0.2974657077795078,
      0.29523846090504635,
      0.31166010466429445,
      0.30236887251162214,
      0.3034209467087586,
      0.28652226761152155,
      0.30558843711344597,
      0.3100619294602287,
      0.3093379882877584,
      0.3348404780711405,
      0.2772024125355433,
      0.3434263570111407,
      0.3380877681693712,
      0.3016279219320331,
      0.2708907016323054,
      0.3329039602314355,
      0.2844520010065408
   ],
   "0.9": [
      0.199178946968668,
      0.23521805209810814,
      0.2641368036362288,
      0.2334656500005539,
      0.20457922269995185,
      0.23999150960749113,
      0.20223955062962232,
      0.24559996900079306,
      0.22679331189983729,
      0.21119769430653232,
      0.22885523527068416,
      0.2228986686273309,
      0.31177198851605464,
      0.2639617975601776,
      0.2551746015644648,
      0.2380421363953007,
      0.24235694984542536,
      0.26956200125749347,
      0.2579937392025054,
      0.2314147712436875,
      0.23340471657934697,
      0.31017047481648385,
      0.26254238768403354,
      0.26790318625125087,
      0.2787462960486673,
      0.22901005462627488,
      0.19527005888488794,
      0.1619802052488352,
      0.19272842599230444,
      0.23283616844489474,
      0.2130093780661727,
      0.2373248160039464,
      0.19086147253356137,
      0.22247211525131153,
      0.215158426105236,
      0.2168836112019789,
      0.20225932300977773,
      0.21724654508121874,
      0.20345590134994962,
      0.22567428314177726,
      0.2067966293187911,
      0.20316592252920845,
      0.21797881571972766,
      0.2277103896447684,
      0.20749624735849892,
      0.18804041753572664,
      0.24511139315481253,
      0.22551936774824802
   ],
   "0.75": [
      0.09289843609641978,
      0.08599923928902417,
      0.10457723690982922,
      0.10752711396831151,
      0.07513774763162105,
      0.10437934155163517,
      0.07436914725792247,
      0.09473137933550436,
      0.075555757159545,
      0.09402260373186724,
      0.09903381842436002,
      0.1064424105453633,
      0.1106365102279157,
      0.09483494656466103,
      0.11560642064772142,
      0.08117426799796157,
      0.08621757716373282,
      0.09266149862713949,
      0.09663004354245437,
      0.09084922878005791,
      0.08630566109985377,
      0.10160855020855494,
      0.10700666350837656,
      0.10662932125666293,
      0.1066437208346627,
      0.11376222211309847,
      0.10577342362989957,
      0.08320801404085502,
      0.07298843970003928,
      0.08393061394908655,
      0.08617606929907899,
      0.08894539547743036,
      0.09342988237675612,
      0.09678425714878788,
      0.09789422958027076,
      0.09110744822775296,
      0.07315112185361566,
      0.10527039430702508,
      0.09290136798312057,
      0.09531566859514239,
      0.08983048286993381,
      0.0886521501370953,
      0.09685964616424894,
      0.09971502920442442,
      0.102423709856504,
      0.08529496324469946,
      0.10200240357670612,
      0.11197296638502663
   ]
}