{
   "0.95": [
      0.8416666666666667,
      0.8416666666666667,
      0.940677966101695,
      0.923728813559322,
      0.8559322033898306,
      0.9067796610169492,
      0.864406779661017,
      0.8813559322033898,
      0.8898305084745762,
      0.923728813559322,
      0.8813559322033898,
      0.847457627118644,
      0.8898305084745762,
      0.864406779661017,
      0.8487394957983193,
      0.8487394957983193,
      0.9159663865546218,
      0.957983193277311,
      0.8991596638655462,
      0.9159663865546218,
      0.8571428571428571,
      0.8907563025210085,
      0.8416666666666667,
      0.8571428571428571,
      0.8151260504201681,
      0.8050847457627118,
      0.788135593220339,
      0.8389830508474576,
      0.8898305084745762,
      0.9,
      0.859504132231405,
      0.9090909090909091,
      0.8333333333333334,
      0.8264462809917356,
      0.7768595041322314,
      0.768595041322314,
      0.8181818181818182,
      0.8016528925619835,
      0.8016528925619835,
      0.819672131147541,
      0.819672131147541,
      0.7377049180327869,
      0.8211382113821138,
      0.8617886178861789,
      0.8064516129032258,
      0.7154471544715447,
      0.8048780487804879,
      0.7622950819672131
   ],
   "0.9": [
      0.725,
      0.775,
      0.8389830508474576,
      0.8050847457627118,
      0.7627118644067796,
      0.8389830508474576,
      0.6779661016949152,
      0.7796610169491526,
      0.711864406779661,
      0.7542372881355932,
      0.7711864406779662,
      0.788135593220339,
      0.8220338983050848,
      0.7288135593220338,
      0.7647058823529411,
      0.7815126050420168,
      0.8823529411764706,
      0.8151260504201681,
      0.7815126050420168,
      0.8403361344537815,
      0.7983193277310925,
      0.773109243697479,
      0.7166666666666667,
      0.7226890756302521,
      0.7478991596638656,
      0.6779661016949152,
      0.6949152542372882,
      0.6694915254237288,
      0.6779661016949152,
      0.8416666666666667,
      0.7851239669421488,
      0.8181818181818182,
      0.7916666666666666,
      0.7768595041322314,
      0.71900826446281,
      0.6776859504132231,
      0.71900826446281,
      0.7272727272727273,
      0.71900826446281,
      0.7377049180327869,
      0.7049180327868853,
      0.680327868852459,
      0.7317073170731707,
      0.7235772357723578,
      0.7096774193548387,
      0.6260162601626016,
      0.7154471544715447,
      0.7131147540983607
   ],
   "0.75": [
      0.425,
      0.475,
      0.5084745762711864,
      0.4830508474576271,
      0.4491525423728814,
      0.559322033898305,
      0.3644067796610169,
      0.4661016949152542,
      0.423728813559322,
      0.4661016949152542,
      0.4576271186440678,
      0.4745762711864407,
      0.4830508474576271,
      0.4661016949152542,
      0.4957983193277311,
      0.5126050420168067,
      0.5630252100840336,
      0.5546218487394958,
      0.5042016806722689,
      0.5126050420168067,
      0.5042016806722689,
      0.48739495798319327,
      0.49166666666666664,
      0.36134453781512604,
      0.44537815126050423,
      0.4322033898305085,
      0.3983050847457627,
      0.4152542372881356,
      0.4152542372881356,
      0.48333333333333334,
      0.5206611570247934,
      0.48760330578512395,
      0.5,
      0.5041322314049587,
      0.47107438016528924,
      0.38016528925619836,
      0.48760330578512395,
      0.48760330578512395,
      0.4462809917355372,
      0.5081967213114754,
      0.47540983606557374,
      0.4016393442622951,
      0.43902439024390244,
      0.4634146341463415,
      0.4596774193548387,
      0.3821138211382114,
      0.42276422764227645,
      0.48360655737704916
   ]
}