{
   "0.95": [
      0.25665376622899627,
      0.22567687606511144,
      0.20996082138250283,
      0.45724310958221576,
      0.4429086313213087,
      0.3969931292580261,
      0.3304359747177093,
      0.3357311043371811,
      0.2935064944147772,
      0.22934348552049838,
      0.26263847564631276,
      0.4086412126301472,
      0.43162037757452404,
      0.32967848719819925,
      0.40723630147171136,
      0.4440114646531123,
      0.3453927040049628,
      0.3591269378896716,
      0.3489842646582797,
      0.37416171702336315,
      0.38732354192460816,
      0.40468915260380306,
      0.5100100971629747,
      0.5451339859566943,
      0.48054760999829443,
      0.6046498600247497,
      0.4008717859414075,
      0.41186199517397115,
      0.4775329486600928,
      0.3840896718386597,
      0.40015773596124055,
      0.4112842471681199,
      0.47936681744510967,
      0.31867002175848846,
      0.4810027882970365,
      0.6048529570229434,
      0.6216146022023388,
      0.4856957003077273,
      0.5839673274601674,
      0.49608847633538894,
      0.4783174152183202,
      0.5109747777588163,
      0.4505099884687175,
      0.42415496654461926,
      0.3819672254763515,
      0.4156832201393097,
      0.6575238453454321,
      0.7769759212559482
   ],
   "0.9": [
      0.14272124584504078,
      0.13777521302227183,
      0.14943261962022558,
      0.20433650597616634,
      0.23974571956277801,
      0.3373367043715299,
      0.21204121038461962,
      0.2080704168633504,
      0.19136739392549112,
      0.18004562645005187,
      0.15164866909447333,
      0.28777300491672536,
      0.22880898727156274,
      0.26363993008676545,
      0.27356933670943084,
      0.2798038017633275,
      0.2807288607759539,
      0.3171787792891485,
      0.3068510942504884,
      0.3022874062117283,
      0.2526856683614766,
      0.30638520804617264,
      0.41554388656667596,
      0.3454782856766661,
      0.3356913555405626,
      0.4488825603104673,
      0.3214402673342651,
      0.3709280171385852,
      0.38470056997438146,
      0.2984193437664723,
      0.32031679387685363,
      0.29214847970820507,
      0.31631561795262747,
      0.289812379806593,
      0.2807148920290441,
      0.301320824839301,
      0.5031810381848288,
      0.38295464952398106,
      0.346823095698083,
      0.2966505479206316,
      0.41362627194930063,
      0.41420830060068264,
      0.3381097104177985,
      0.29638189378275115,
      0.3139831743935963,
      0.32828388929882824,
      0.4599671947907248,
      0.6042409172086488
   ],
   "0.75": [
      0.04498374745193122,
      0.06311700064641236,
      0.06716471998438946,
      0.05890294444213536,
      0.05769565656702524,
      0.05168401312622881,
      0.059565105116094134,
      0.05116770275784225,
      0.07480969951966768,
      0.04518687263001939,
      0.07155414766144619,
      0.10677194225024497,
      0.14011537898928306,
      0.1492250805761115,
      0.15014920868136514,
      0.17695318143766817,
      0.14056747252073154,
      0.14304396710293843,
      0.1292779665638089,
      0.12779150028388692,
      0.14556049407295668,
      0.18426471315053894,
      0.22262244652654747,
      0.23704312541021702,
      0.24796193716412185,
      0.21508814747564328,
      0.16387677168473044,
      0.19420415870242375,
      0.17848415810934543,
      0.14853829347633496,
      0.19236568303920326,
      0.17738324272446768,
      0.16318822537683766,
      0.13892102591646296,
      0.12339714530242496,
      0.1432718464322861,
      0.11327897881605267,
      0.16860628149113505,
      0.1151315887925989,
      0.09370093174737833,
      0.13661577263420982,
      0.11339531146204619,
      0.12255824185498172,
      0.12758416413460996,
      0.1301005261267814,
      0.14059582544300053,
      0.2667415596252068,
      0.25455842090941533
   ]
}