{
  "0.95": 0.8167155425219942,
  "0.9": 0.7272727272727273,
  "0.75": 0.3841642228739003
}