{
  "0.95": 0.7966764418377321,
  "0.9": 0.7067448680351907,
  "0.75": 0.40420332355816224
}