{
   "0.95": [
      0.8837209302325582,
      0.8837209302325582,
      0.6744186046511628,
      0.8837209302325582,
      0.9069767441860465,
      0.9302325581395349,
      0.8837209302325582,
      0.8604651162790697,
      0.7209302325581395,
      0.813953488372093,
      0.8604651162790697,
      0.8372093023255814,
      0.8372093023255814,
      0.8604651162790697,
      0.8372093023255814,
      0.813953488372093,
      0.813953488372093,
      0.813953488372093,
      0.6976744186046512,
      0.7441860465116279,
      0.7441860465116279,
      0.7906976744186046,
      0.9069767441860465,
      0.9069767441860465,
      0.8809523809523809,
      0.8809523809523809,
      0.8571428571428571,
      0.8333333333333334,
      0.8571428571428571,
      0.7857142857142857,
      0.6904761904761905,
      0.6904761904761905,
      0.8095238095238095,
      0.6666666666666666,
      0.7380952380952381,
      0.7857142857142857,
      0.8571428571428571,
      0.8809523809523809,
      0.9285714285714286,
      0.9285714285714286,
      0.8837209302325582,
      0.813953488372093,
      0.6976744186046512,
      0.813953488372093,
      0.7619047619047619,
      0.7619047619047619,
      0.7441860465116279,
      0.7441860465116279
   ],
   "0.9": [
      0.7674418604651163,
      0.7674418604651163,
      0.627906976744186,
      0.7209302325581395,
      0.6976744186046512,
      0.9069767441860465,
      0.7906976744186046,
      0.7209302325581395,
      0.627906976744186,
      0.6744186046511628,
      0.7674418604651163,
      0.813953488372093,
      0.6511627906976745,
      0.7906976744186046,
      0.7441860465116279,
      0.6976744186046512,
      0.7906976744186046,
      0.7906976744186046,
      0.6511627906976745,
      0.627906976744186,
      0.7441860465116279,
      0.6976744186046512,
      0.7209302325581395,
      0.8372093023255814,
      0.8333333333333334,
      0.7619047619047619,
      0.6904761904761905,
      0.5952380952380952,
      0.7619047619047619,
      0.6190476190476191,
      0.5714285714285714,
      0.6428571428571429,
      0.7142857142857143,
      0.5,
      0.6904761904761905,
      0.6190476190476191,
      0.8571428571428571,
      0.8571428571428571,
      0.8095238095238095,
      0.7857142857142857,
      0.8604651162790697,
      0.813953488372093,
      0.6976744186046512,
      0.7441860465116279,
      0.7142857142857143,
      0.7380952380952381,
      0.7209302325581395,
      0.6744186046511628
   ],
   "0.75": [
      0.3953488372093023,
      0.6046511627906976,
      0.4418604651162791,
      0.20930232558139536,
      0.23255813953488372,
      0.3023255813953488,
      0.37209302325581395,
      0.37209302325581395,
      0.3953488372093023,
      0.3488372093023256,
      0.32558139534883723,
      0.5116279069767442,
      0.37209302325581395,
      0.4418604651162791,
      0.32558139534883723,
      0.5116279069767442,
      0.46511627906976744,
      0.4883720930232558,
      0.4186046511627907,
      0.4418604651162791,
      0.5116279069767442,
      0.32558139534883723,
      0.2558139534883721,
      0.3488372093023256,
      0.2857142857142857,
      0.30952380952380953,
      0.2857142857142857,
      0.21428571428571427,
      0.40476190476190477,
      0.19047619047619047,
      0.2857142857142857,
      0.30952380952380953,
      0.35714285714285715,
      0.30952380952380953,
      0.4523809523809524,
      0.35714285714285715,
      0.21428571428571427,
      0.5238095238095238,
      0.4523809523809524,
      0.47619047619047616,
      0.46511627906976744,
      0.32558139534883723,
      0.4418604651162791,
      0.37209302325581395,
      0.47619047619047616,
      0.5,
      0.5348837209302325,
      0.46511627906976744
   ]
}