{
  "0.95": 0.8939393939393939,
  "0.9": 0.8220918866080157,
  "0.75": 0.6427174975562072
}