{
   "0.95": [
      0.25665376622899655,
      0.22567687606511147,
      0.20996082138250272,
      0.45723387935608567,
      0.4429998859748512,
      0.3965655028691847,
      0.3332383261127843,
      0.3327113569192577,
      0.32610946390382606,
      0.27932788899527866,
      0.2233449292417062,
      0.3772732706916249,
      0.3756421129524497,
      0.3545865046494822,
      0.2938285626665379,
      0.2925215187423254,
      0.26131671951644836,
      0.2558986613507811,
      0.3059222909840276,
      0.24950419894150436,
      0.29299423309391825,
      0.3680732977910991,
      0.5658877260428954,
      0.4631584412060102,
      0.5054986913494268,
      0.45145792083396713,
      0.6018906551059727,
      0.4740736970440704,
      0.5117221408125389,
      0.5099877456690489,
      0.32203318290770006,
      0.3687208094003716,
      0.519807518723834,
      0.31684906345874375,
      0.40633055856854283,
      0.6458723046498065,
      0.6246294780546724,
      0.4821338181494417,
      0.5828137598525608,
      0.4960681934315045,
      0.4782953533423363,
      0.5109747777588158,
      0.45050998846871737,
      0.4259708806387748,
      0.382926032287382,
      0.4159836421968239,
      0.6575238453454324,
      0.7769759212559483
   ],
   "0.9": [
      0.14272124584504065,
      0.1377764823411883,
      0.14943887907593179,
      0.20433650597616623,
      0.23964152073423176,
      0.33655308269955475,
      0.21291115397497465,
      0.20630608249884833,
      0.18960567532706843,
      0.18180643307720903,
      0.15919822431966268,
      0.3015264636852164,
      0.2081999226746245,
      0.2685651242438369,
      0.23742726743181208,
      0.17674595593916184,
      0.22101240129996613,
      0.22458115510196794,
      0.2136487052759074,
      0.15518278011244357,
      0.2520885923893547,
      0.25704229812692214,
      0.3062022423988422,
      0.28085676740354854,
      0.3854182626961564,
      0.3655882067873743,
      0.3271095294397317,
      0.2741861530676887,
      0.4084561722684123,
      0.28654971751077507,
      0.2313471937829246,
      0.30663461648262474,
      0.3391315320574798,
      0.2127062409171645,
      0.2781374959466699,
      0.2984544646819774,
      0.5194830738888997,
      0.3791016737891736,
      0.34656661894653723,
      0.29662591879250005,
      0.4136215042874694,
      0.4142083006006826,
      0.33810971041779864,
      0.29765077921525507,
      0.3147713289421494,
      0.328521146221152,
      0.4599671947907248,
      0.6042409172086485
   ],
   "0.75": [
      0.04498374745193122,
      0.06311700064641255,
      0.06716471998438947,
      0.05890294444213533,
      0.05769235111391878,
      0.05188703523795444,
      0.059027167882940886,
      0.05012599903614859,
      0.07349748172716639,
      0.037211432556440494,
      0.039201588346263035,
      0.05569113102318701,
      0.06339977275119082,
      0.06997310846044351,
      0.07480812684431863,
      0.09290410776610354,
      0.06733427513671096,
      0.06579367100447606,
      0.08458002157308132,
      0.08841532963272761,
      0.09252340678892626,
      0.0889907810089261,
      0.09725157310009933,
      0.07455419099547657,
      0.08281221332314871,
      0.10397734003486157,
      0.09485180041538405,
      0.09771193328738129,
      0.16111220203538018,
      0.07485159679057685,
      0.10712129251825148,
      0.11662229241679042,
      0.16575165085098859,
      0.10683170515097676,
      0.12603474632490816,
      0.14771283354510775,
      0.11612370152154985,
      0.16445737422299925,
      0.11513229246605367,
      0.09380866961347283,
      0.13580536291884235,
      0.11339531146204603,
      0.12255824185498213,
      0.12813038403091506,
      0.13042710197478355,
      0.14069743668230786,
      0.2667415596252071,
      0.2545584209094156
   ]
}