{
  "0.95": 0.8172043010752689,
  "0.9": 0.7140762463343109,
  "0.75": 0.43548387096774194
}