{
   "0.95": [
      0.31962767174851625,
      0.3090806057804447,
      0.20091211576705362,
      0.3157145796254451,
      0.37397525960008,
      0.459111484557043,
      0.33459404578082025,
      0.35421151754353236,
      0.30901694116023365,
      0.29155936225961276,
      0.2191834673862662,
      0.34108798825050857,
      0.37309183732250756,
      0.38506168558606463,
      0.4133898978734679,
      0.4325641642632163,
      0.38136504657024967,
      0.469964770502136,
      0.4698044091931175,
      0.45393923708039197,
      0.4428445020077989,
      0.4206557598777413,
      0.5157961723687302,
      0.44789728262616446,
      0.466050175046811,
      0.6163538521813838,
      0.5185369054901249,
      0.47326539981500365,
      0.5538045183903644,
      0.4006179388433683,
      0.39625677737097603,
      0.3903413279474874,
      0.4071750295216954,
      0.30310047841919036,
      0.40970391799775907,
      0.7029085016276084,
      0.6078028873571719,
      0.5652581342900249,
      0.5346907930332869,
      0.48537505160962385,
      0.5706281777159251,
      0.5890926676160221,
      0.47607242808739864,
      0.48387464941252956,
      0.4073703163450097,
      0.3790854863137117,
      0.541409340966543,
      0.7868015220277559
   ],
   "0.9": [
      0.22365690713545205,
      0.2377597298065873,
      0.13154796076984485,
      0.21005488119272897,
      0.25481188143221867,
      0.2898808038671965,
      0.2547208283200552,
      0.2698453392364801,
      0.21972035009431,
      0.192517329370472,
      0.17511058606538907,
      0.27432403669000976,
      0.2877630560135924,
      0.3465604966585506,
      0.29277911318232014,
      0.31109228599634037,
      0.28863802436305624,
      0.3486625488173145,
      0.3054668321118359,
      0.37183589007903783,
      0.2944127478906034,
      0.27324706344956856,
      0.4282097214785083,
      0.35568612176754083,
      0.3555685771146726,
      0.46726178541921515,
      0.3916745895503722,
      0.38570949790825604,
      0.41618104915928633,
      0.3127623914950989,
      0.32894834020871594,
      0.2969747799667451,
      0.2990427819069562,
      0.22964121157971817,
      0.3694257703296841,
      0.2929054043111409,
      0.47922077865497453,
      0.3731004205592476,
      0.3681076908159781,
      0.3306425167941236,
      0.35704970761612226,
      0.39728480806447547,
      0.2896605999026061,
      0.3255082014813739,
      0.2671098075340683,
      0.21228757078726423,
      0.4433913446467126,
      0.59203347435762
   ],
   "0.75": [
      0.07850158889582656,
      0.09173866855080462,
      0.06825896537990714,
      0.07120331639247567,
      0.11074372206188479,
      0.1246374672421374,
      0.1123167690889251,
      0.07983546702272101,
      0.09276528787321152,
      0.07076444765992394,
      0.07095313642496576,
      0.09259134274156681,
      0.11051638531362258,
      0.16516640043688616,
      0.1547332990821685,
      0.19009730823090884,
      0.19730704700390625,
      0.2289385359361828,
      0.1780852226120302,
      0.17458278026530014,
      0.12142807305566,
      0.12650865394626248,
      0.21001478915933536,
      0.2015186082061972,
      0.24511362053274782,
      0.24492567856177705,
      0.17110537503408318,
      0.22438467470275142,
      0.21124493682573572,
      0.18819328187777584,
      0.23914162538321565,
      0.1469895272005497,
      0.12706639036663747,
      0.11815655371956624,
      0.13949323190556503,
      0.15776171311966547,
      0.1395412921178206,
      0.1459117868952451,
      0.13245289044915343,
      0.15578647287817152,
      0.21791251419559246,
      0.2180051146011721,
      0.16123511496021942,
      0.12316538274936312,
      0.15945796757180364,
      0.13908489827679293,
      0.29176331754263124,
      0.34560765525563697
   ]
}