{
  "0.95": 0.9424347826086956,
  "0.9": 0.8772173913043478,
  "0.75": 0.5954782608695652
}