{
  "0.95": 0.9179130434782609,
  "0.9": 0.8436521739130435,
  "0.75": 0.5845217391304348
}