{
   "0.95": [
      0.6537454372299495,
      0.5177250943617269,
      0.8433616037623848,
      0.8655049043059354,
      0.9007143413577309,
      0.935754029355219,
      0.5879399022527153,
      0.5687274305666592,
      0.5953219315148348,
      0.8178009945339626,
      0.7530572142260856,
      0.7369749388285992,
      0.719161111529935,
      0.7407808701324373,
      0.6013852380499591,
      0.5330129179755835,
      0.6197346751155302,
      0.6144493951365253,
      0.7061791558553848,
      0.6711549949957297,
      0.7607449800860668,
      0.7966521316595474,
      0.7884270471717306,
      0.7360315162515373,
      0.7263669778508018,
      0.7304205890733755,
      0.7495502431808859,
      0.7380318804570806,
      0.7376870553109159,
      0.8064484990959176,
      0.7745588031720577,
      0.7372881287333973,
      0.7712961988942075,
      0.690142005557604,
      0.6686448043479603,
      0.5996330464194386,
      0.5989156324571535,
      0.5505352642604052,
      0.5461593213810464,
      0.17786190785508563,
      0.1538601619241852,
      0.12670394564748366,
      0.1647681852834158,
      0.14605447006028804,
      0.1575911664324522,
      0.1595527593742352,
      0.168490049378728,
      0.2581044655943762
   ],
   "0.9": [
      0.4964114528115593,
      0.3901614801115568,
      0.6060041864284862,
      0.6553205375114837,
      0.6871524673347328,
      0.7101838547823307,
      0.43596138362762843,
      0.4220037964773938,
      0.4492666253968488,
      0.5817369722742605,
      0.5639169818926101,
      0.5452191706673851,
      0.5391860587512736,
      0.5539316368632314,
      0.4516951195552867,
      0.3767307814584175,
      0.46575821436673753,
      0.4664534387489476,
      0.5477017814460767,
      0.5098612460580255,
      0.5833955128847246,
      0.6042200344529637,
      0.5829560105950922,
      0.5538456528111741,
      0.5459392371720335,
      0.5673584718598242,
      0.5633770481099446,
      0.523333359569484,
      0.5206638616624798,
      0.5971522338560433,
      0.5695531779814161,
      0.5544517416563551,
      0.5903255167303388,
      0.48982395126910744,
      0.4670311421754707,
      0.42517786616895936,
      0.39435739713591444,
      0.3563512713332097,
      0.38370981444966673,
      0.11578424181821383,
      0.10587509853272513,
      0.09059732240733742,
      0.12623100590697192,
      0.1043312915897436,
      0.11310887381490914,
      0.11467884852561042,
      0.1206238047547606,
      0.20772805062208216
   ],
   "0.75": [
      0.2545577850450487,
      0.19723728769117502,
      0.2895181606445251,
      0.32198599075138906,
      0.34946891122717694,
      0.3647684304705354,
      0.21203584550349694,
      0.21223058983143878,
      0.23369991760110753,
      0.2767605673933805,
      0.2794778586862802,
      0.26362392185123523,
      0.26558477278624737,
      0.2782637893371483,
      0.22920665430757617,
      0.17031490893156648,
      0.21399361480715506,
      0.2167479857340493,
      0.2700680633494677,
      0.24793680145121264,
      0.28673011886259653,
      0.2987841626932644,
      0.2850542147384272,
      0.2732856689340534,
      0.26224329080790354,
      0.24990170005923282,
      0.26896222595738856,
      0.26245119718264526,
      0.24892191019421936,
      0.2649444717104655,
      0.26790116971729716,
      0.22616998068946478,
      0.2642819483426074,
      0.20768084908957232,
      0.18416838862944862,
      0.18428584967013387,
      0.14216700453642092,
      0.13599119803958862,
      0.15172948853159374,
      0.041614915042586194,
      0.04845733480848194,
      0.042156117184364565,
      0.0629729176800229,
      0.05045509357092791,
      0.05492107153141029,
      0.05719954142558898,
      0.05357052568175245,
      0.1005110066846432
   ]
}