{
   "0.95": [
      0.5646000675220662,
      0.5834738908316813,
      0.6280086785940179,
      0.6570276606172827,
      0.6326052508133106,
      0.6587590505470262,
      0.6592696085375948,
      0.7014364799591318,
      0.7303914899467421,
      0.7548332447783758,
      0.8146830161206967,
      0.7638663128068186,
      0.7857190299178208,
      0.7629904445205011,
      0.7293945503027103,
      0.7140973171249366,
      0.7162836674586749,
      0.7225639720547987,
      0.7025132255021947,
      0.6683024463339622,
      0.6914869809937898,
      0.7418864641850943,
      0.7389000453373427,
      0.7239511734713185,
      0.7911315271900081,
      0.7593553092461157,
      0.7067542018365868,
      0.6628133656677756,
      0.6372848515314798,
      0.6525573347410406,
      0.660844931691131,
      0.645808358782303,
      0.6488264661326109,
      0.6459155290275869,
      0.6330348538582232,
      0.6423023497870535,
      0.6605406361698491,
      0.6263209925827617,
      0.6508023673607664,
      0.7023337480678091,
      0.6682923407384092,
      0.6804869455108365,
      0.7758987935359081,
      0.8417529514474342,
      0.8090177298373361,
      0.840215786752159,
      0.8140924997195538,
      0.785119381507885
   ],
   "0.9": [
      0.41442794443795633,
      0.42871376876644884,
      0.4528113168689942,
      0.46337306093824643,
      0.46115701497170414,
      0.47948089216661255,
      0.47968035185413255,
      0.4955287438477964,
      0.5219894294761589,
      0.5218541206060324,
      0.5564502781877564,
      0.5103942976675243,
      0.5328710788874611,
      0.5091757974459413,
      0.5073979591058188,
      0.5030916985775689,
      0.5030149960603038,
      0.483572774461685,
      0.4987862899394014,
      0.4686853551066393,
      0.46409712613070675,
      0.4991440011179655,
      0.5085831267983202,
      0.5123244807943054,
      0.5453136199737322,
      0.5189885759637755,
      0.4875101972537796,
      0.4607590480139385,
      0.44745237779161007,
      0.4527312898627231,
      0.46185883956748514,
      0.4522328961858756,
      0.4647625633406447,
      0.46121509292984547,
      0.44836775181208105,
      0.45930620996898114,
      0.462753848172201,
      0.4414815798756057,
      0.46451412438533374,
      0.4922268056307281,
      0.47433042900175665,
      0.4963746765161356,
      0.5415751723278679,
      0.5953549180508902,
      0.5804450356979742,
      0.6111063113735586,
      0.5959611308953305,
      0.5868967533253514
   ],
   "0.75": [
      0.2013278877909049,
      0.20686607015652525,
      0.21379399104009073,
      0.2126120263758305,
      0.21478486304459052,
      0.2214083761504646,
      0.2215278097383643,
      0.21522787725380008,
      0.22640285396936213,
      0.22015733445398247,
      0.210554233510362,
      0.20034481130058207,
      0.20324965497845837,
      0.1927008273269887,
      0.20041890277246915,
      0.19975928939077842,
      0.17684073328089478,
      0.1766923824367958,
      0.1945855524755669,
      0.1767879278929766,
      0.18340394819746728,
      0.18856463648464036,
      0.19176268593328497,
      0.19763416769298386,
      0.20521593017084702,
      0.2051836740325174,
      0.1958973743519645,
      0.18091919861724007,
      0.17738306760393013,
      0.18463375704809923,
      0.18250859801031746,
      0.18076990961249761,
      0.18927781043494912,
      0.1897625355084031,
      0.17863678012036666,
      0.192083487920561,
      0.19193188942949024,
      0.18329638321165193,
      0.20013226584773194,
      0.2155688063443407,
      0.20204873353386968,
      0.2203669123492539,
      0.2347612917764176,
      0.2655593975419558,
      0.25592210306309865,
      0.28095514432274715,
      0.27166309780862197,
      0.279873737719542
   ]
}