{
   "0.95": [
      0.5455771159427388,
      0.577546523017252,
      0.6397837238258882,
      0.6650781201810958,
      0.6441749932999424,
      0.5999820895778368,
      0.6273946396475647,
      0.6911021319746267,
      0.7088607481731255,
      0.7496539438327587,
      0.7624501942812155,
      0.7281862168317033,
      0.6914360650309557,
      0.7334508704222562,
      0.7329498726474586,
      0.6736057862399191,
      0.7409359665692377,
      0.7975289374417488,
      0.7692623287617794,
      0.8107203138599264,
      0.7585057557551079,
      0.7702543224120586,
      0.7451784136342021,
      0.7209150529183451,
      0.7181808641027388,
      0.7556365780817161,
      0.7070636391282358,
      0.6424632770025889,
      0.6203015257137265,
      0.6615596300776182,
      0.6378435897154089,
      0.613297240796273,
      0.5705332870650551,
      0.5639788861727358,
      0.5601197451333992,
      0.5486598711201904,
      0.5260465460278643,
      0.5891752133642817,
      0.590728090654716,
      0.6184972842347944,
      0.614245394785137,
      0.6349629251419334,
      0.7286301959840347,
      0.7482611951556142,
      0.6585455185086202,
      0.6478387544297146,
      0.7407206945804805,
      0.7636765905504764
   ],
   "0.9": [
      0.40314824712135827,
      0.4215375738737651,
      0.45681963642974605,
      0.4666851604197878,
      0.47097822547871027,
      0.44702261318107717,
      0.4596274732833081,
      0.5076083950403951,
      0.5192791596237615,
      0.5437879002431761,
      0.5490641104492107,
      0.5222905094669162,
      0.49864435574862576,
      0.5248702367128264,
      0.5356171283006629,
      0.49952795386335824,
      0.5655216996290484,
      0.61056879758364,
      0.5784067902213381,
      0.6332798343318111,
      0.5880481717393863,
      0.579377016761717,
      0.561593490910526,
      0.5548120356316496,
      0.5472938771704928,
      0.5633750977192719,
      0.5364767767142892,
      0.46451090502178993,
      0.4652324443900521,
      0.49781674599314424,
      0.489522855170123,
      0.47541881403363606,
      0.43896400602777863,
      0.42161213160806227,
      0.42831953797091143,
      0.4114468237918993,
      0.3823445449509986,
      0.4201247286036138,
      0.4297477021519525,
      0.44387462435001357,
      0.43598237787874344,
      0.45598112159715865,
      0.5225560214289313,
      0.5405622003600435,
      0.47663209393835476,
      0.4698003017999642,
      0.5518410976459589,
      0.572632604035555
   ],
   "0.75": [
      0.19681000905427432,
      0.20878869814965967,
      0.22134289052574008,
      0.22416069386207726,
      0.22620165203419865,
      0.218333608168035,
      0.22705178961961867,
      0.2422148315587069,
      0.24709806132847167,
      0.250633250434293,
      0.25271442191382393,
      0.24333608482801042,
      0.2353312404015099,
      0.2514718095459089,
      0.2591048418196497,
      0.250206247197958,
      0.29563821143515584,
      0.31414311235405595,
      0.29641719487910934,
      0.3336135287650592,
      0.3069065254528796,
      0.28549253256305485,
      0.2794266850510854,
      0.2804194626117625,
      0.2722376016280078,
      0.2744023893885056,
      0.27805793273645957,
      0.23736456938749248,
      0.23625287409332574,
      0.25067781600663713,
      0.2608836164699136,
      0.23757426561811895,
      0.2276566246052407,
      0.21165398207994757,
      0.2075186464038775,
      0.2001336220821425,
      0.18847014430266232,
      0.19306480684946858,
      0.20106058609284058,
      0.20116839247976992,
      0.195083774989089,
      0.2107154518229405,
      0.23127982131361363,
      0.24252470662746345,
      0.2141809002273411,
      0.21660251093894245,
      0.2574382565142003,
      0.2745491701181625
   ]
}