{
  "0.95": 0.9448695652173913,
  "0.9": 0.8831304347826087,
  "0.75": 0.6133913043478261
}