{
   "0.95": [
      1.0,
      0.9916666666666667,
      0.9915254237288136,
      0.9915254237288136,
      0.9661016949152542,
      0.9915254237288136,
      0.9661016949152542,
      0.9830508474576272,
      0.9491525423728814,
      0.9576271186440678,
      0.9830508474576272,
      0.9661016949152542,
      0.940677966101695,
      0.9576271186440678,
      0.9411764705882353,
      0.9495798319327731,
      0.9495798319327731,
      0.9663865546218487,
      0.9495798319327731,
      0.957983193277311,
      0.9663865546218487,
      0.9831932773109243,
      0.975,
      0.957983193277311,
      0.9495798319327731,
      0.9576271186440678,
      0.9661016949152542,
      0.9661016949152542,
      0.9491525423728814,
      0.95,
      0.9421487603305785,
      0.9256198347107438,
      0.925,
      0.9008264462809917,
      0.9173553719008265,
      0.9256198347107438,
      0.9256198347107438,
      0.9256198347107438,
      0.9090909090909091,
      0.9262295081967213,
      0.9426229508196722,
      0.9180327868852459,
      0.9349593495934959,
      0.943089430894309,
      0.9354838709677419,
      0.9512195121951219,
      0.943089430894309,
      0.9426229508196722
   ],
   "0.9": [
      0.9583333333333334,
      0.9416666666666667,
      0.9491525423728814,
      0.9661016949152542,
      0.9322033898305084,
      0.9152542372881356,
      0.9067796610169492,
      0.923728813559322,
      0.8898305084745762,
      0.8813559322033898,
      0.8983050847457628,
      0.9322033898305084,
      0.9067796610169492,
      0.8813559322033898,
      0.865546218487395,
      0.8991596638655462,
      0.8907563025210085,
      0.8907563025210085,
      0.9243697478991597,
      0.9327731092436975,
      0.9243697478991597,
      0.9159663865546218,
      0.9166666666666666,
      0.8991596638655462,
      0.9243697478991597,
      0.9067796610169492,
      0.8559322033898306,
      0.9067796610169492,
      0.8898305084745762,
      0.8916666666666667,
      0.8842975206611571,
      0.8842975206611571,
      0.85,
      0.8512396694214877,
      0.8264462809917356,
      0.8181818181818182,
      0.8429752066115702,
      0.8099173553719008,
      0.8347107438016529,
      0.8770491803278688,
      0.8688524590163934,
      0.860655737704918,
      0.9024390243902439,
      0.9186991869918699,
      0.8951612903225806,
      0.8861788617886179,
      0.9105691056910569,
      0.9016393442622951
   ],
   "0.75": [
      0.7083333333333334,
      0.7583333333333333,
      0.7966101694915254,
      0.711864406779661,
      0.6864406779661016,
      0.6864406779661016,
      0.6271186440677966,
      0.6186440677966102,
      0.6101694915254238,
      0.6440677966101694,
      0.652542372881356,
      0.635593220338983,
      0.6016949152542372,
      0.6016949152542372,
      0.5882352941176471,
      0.6638655462184874,
      0.6386554621848739,
      0.6218487394957983,
      0.6638655462184874,
      0.6302521008403361,
      0.6470588235294118,
      0.6218487394957983,
      0.6083333333333333,
      0.6218487394957983,
      0.6218487394957983,
      0.5677966101694916,
      0.635593220338983,
      0.6186440677966102,
      0.5932203389830508,
      0.6166666666666667,
      0.6115702479338843,
      0.6611570247933884,
      0.575,
      0.5785123966942148,
      0.5867768595041323,
      0.5537190082644629,
      0.512396694214876,
      0.5289256198347108,
      0.5454545454545454,
      0.6557377049180327,
      0.6721311475409836,
      0.6475409836065574,
      0.6747967479674797,
      0.7073170731707317,
      0.6532258064516129,
      0.6747967479674797,
      0.6747967479674797,
      0.6721311475409836
   ]
}