{
   "0.95": [
      0.5629312549374119,
      0.5745741182321087,
      0.6252027838279459,
      0.6593145373502686,
      0.6199372144220415,
      0.6468597013835087,
      0.6637009922897386,
      0.6842900651979422,
      0.7282463121154784,
      0.7438563389438193,
      0.815118300883334,
      0.7515739812059177,
      0.7428736299512536,
      0.6966766586573893,
      0.5899560167322565,
      0.5333982241807546,
      0.5419273741233773,
      0.5145344997371327,
      0.5183060644398534,
      0.5560325559632486,
      0.6071431472334958,
      0.659672927635346,
      0.7199243687946982,
      0.7142637827249545,
      0.7206924770768932,
      0.7241626975735802,
      0.6855590188402628,
      0.6224354877897458,
      0.6002174602148396,
      0.6881840378617178,
      0.6670456986960589,
      0.643630792716459,
      0.6330765985889986,
      0.6056930704328546,
      0.5996149211927723,
      0.6204205298435054,
      0.6275442607382846,
      0.6580601220465028,
      0.6498423946614131,
      0.7026871361031196,
      0.667447371831256,
      0.6787826155478472,
      0.7193514018941746,
      0.7049049278086488,
      0.6331921922737573,
      0.6831690610094436,
      0.727382854887672,
      0.6594538022051726
   ],
   "0.9": [
      0.41226161007101303,
      0.4232166160819419,
      0.4512732876715104,
      0.4689033840352203,
      0.45397093748703227,
      0.47423161402717495,
      0.48518833580242804,
      0.4852428106626297,
      0.5229089523011216,
      0.5173390413622521,
      0.5598256346385299,
      0.5206659785746831,
      0.513461003367207,
      0.46982591133355356,
      0.42539014629191785,
      0.38507828908052993,
      0.40161127190492535,
      0.38101741815212326,
      0.3930594546207222,
      0.42513904800857755,
      0.45911801684970327,
      0.4934483377687673,
      0.5393789031607892,
      0.5348420229333892,
      0.5397371678685287,
      0.5363585867773343,
      0.5186173089058352,
      0.4540215125588214,
      0.4476536126103473,
      0.524077703985695,
      0.5058419951188973,
      0.4836726786149545,
      0.48768701134302644,
      0.445954143512097,
      0.4519567319321464,
      0.45563927147592803,
      0.45501752190985,
      0.4585029977617493,
      0.4634646129233467,
      0.4948974851496916,
      0.47284311195737083,
      0.49180606433850804,
      0.5025586217322082,
      0.49809300588386224,
      0.4534583271329761,
      0.4930574146819479,
      0.5296928185664597,
      0.49273448683821136
   ],
   "0.75": [
      0.20393189232702075,
      0.20554837771328968,
      0.21266570181928782,
      0.22072842765176756,
      0.21373523531099098,
      0.21985252010887457,
      0.2261855651754446,
      0.21698320521035752,
      0.23367561016436694,
      0.2224585745699241,
      0.22154365482991986,
      0.21414577088459794,
      0.20578377494354555,
      0.2030763545952594,
      0.18982489776418837,
      0.17822565576269614,
      0.19112195500646675,
      0.18222067662796348,
      0.20199070792017798,
      0.21517422577898376,
      0.2317677349632052,
      0.24779666318286778,
      0.25782008823773056,
      0.2654211860627612,
      0.2632467401510567,
      0.2567525098668347,
      0.2659919519664631,
      0.2296060958163375,
      0.22811534638668496,
      0.26188247635299167,
      0.2531543358966569,
      0.2319595989250799,
      0.2560757983029888,
      0.2218207558934534,
      0.21388057161286028,
      0.2145619688577841,
      0.2106602934838714,
      0.20270509759316052,
      0.20818752189587836,
      0.22008882386438264,
      0.2023833421232139,
      0.2173005347632008,
      0.22011975022725058,
      0.21999978049922786,
      0.20106346405509218,
      0.2284057917729241,
      0.24171995764925125,
      0.23742134199664844
   ]
}