{
   "0.95": [
      0.9416666666666667,
      0.9583333333333334,
      0.864406779661017,
      0.788135593220339,
      0.8559322033898306,
      0.9491525423728814,
      0.9745762711864406,
      0.9830508474576272,
      0.9745762711864406,
      0.9576271186440678,
      0.9830508474576272,
      0.9830508474576272,
      0.9491525423728814,
      1.0,
      0.9747899159663865,
      0.957983193277311,
      0.9411764705882353,
      0.9243697478991597,
      0.957983193277311,
      0.9495798319327731,
      0.9747899159663865,
      0.9411764705882353,
      0.9583333333333334,
      0.9495798319327731,
      0.9243697478991597,
      0.9152542372881356,
      0.9152542372881356,
      0.8983050847457628,
      0.9067796610169492,
      0.9166666666666666,
      0.9008264462809917,
      0.9256198347107438,
      0.875,
      0.8842975206611571,
      0.9090909090909091,
      0.8760330578512396,
      0.8842975206611571,
      0.8760330578512396,
      0.8925619834710744,
      0.8770491803278688,
      0.9016393442622951,
      0.9180327868852459,
      0.9024390243902439,
      0.9186991869918699,
      0.9032258064516129,
      0.8699186991869918,
      0.9186991869918699,
      0.6721311475409836
   ],
   "0.9": [
      0.875,
      0.95,
      0.7288135593220338,
      0.711864406779661,
      0.7457627118644068,
      0.8728813559322034,
      0.9067796610169492,
      0.940677966101695,
      0.923728813559322,
      0.8728813559322034,
      0.9491525423728814,
      0.9661016949152542,
      0.8389830508474576,
      0.9830508474576272,
      0.9411764705882353,
      0.8991596638655462,
      0.8991596638655462,
      0.8907563025210085,
      0.8991596638655462,
      0.865546218487395,
      0.8571428571428571,
      0.8739495798319328,
      0.8833333333333333,
      0.8823529411764706,
      0.8487394957983193,
      0.788135593220339,
      0.7966101694915254,
      0.7627118644067796,
      0.8050847457627118,
      0.8083333333333333,
      0.8099173553719008,
      0.8016528925619835,
      0.775,
      0.7603305785123967,
      0.8181818181818182,
      0.7933884297520661,
      0.7520661157024794,
      0.7851239669421488,
      0.8347107438016529,
      0.819672131147541,
      0.8360655737704918,
      0.8770491803278688,
      0.8292682926829268,
      0.8699186991869918,
      0.8467741935483871,
      0.8048780487804879,
      0.9024390243902439,
      0.6229508196721312
   ],
   "0.75": [
      0.5166666666666667,
      0.75,
      0.6016949152542372,
      0.3644067796610169,
      0.4322033898305085,
      0.4491525423728814,
      0.6864406779661016,
      0.6186440677966102,
      0.6694915254237288,
      0.6864406779661016,
      0.7627118644067796,
      0.7796610169491526,
      0.652542372881356,
      0.8050847457627118,
      0.7058823529411765,
      0.6554621848739496,
      0.680672268907563,
      0.680672268907563,
      0.6470588235294118,
      0.6134453781512605,
      0.6050420168067226,
      0.5882352941176471,
      0.5,
      0.5294117647058824,
      0.5210084033613446,
      0.4661016949152542,
      0.4661016949152542,
      0.5169491525423728,
      0.559322033898305,
      0.5083333333333333,
      0.6115702479338843,
      0.5950413223140496,
      0.575,
      0.5785123966942148,
      0.49586776859504134,
      0.5206611570247934,
      0.4297520661157025,
      0.5041322314049587,
      0.6033057851239669,
      0.5491803278688525,
      0.4672131147540984,
      0.6557377049180327,
      0.3252032520325203,
      0.6585365853658537,
      0.6209677419354839,
      0.6666666666666666,
      0.6747967479674797,
      0.5163934426229508
   ]
}