{
  "0.95": 0.952,
  "0.9": 0.8944347826086957,
  "0.75": 0.6351304347826087
}