{
   "0.95": [
      1.0,
      0.9916666666666667,
      0.9915254237288136,
      0.9830508474576272,
      0.9745762711864406,
      0.9830508474576272,
      0.9745762711864406,
      0.9915254237288136,
      0.9322033898305084,
      0.9576271186440678,
      0.9830508474576272,
      0.9745762711864406,
      0.940677966101695,
      0.9661016949152542,
      0.9411764705882353,
      0.9327731092436975,
      0.9327731092436975,
      0.9663865546218487,
      0.9495798319327731,
      0.9495798319327731,
      0.9411764705882353,
      0.957983193277311,
      0.9666666666666667,
      0.9495798319327731,
      0.9327731092436975,
      0.9152542372881356,
      0.9152542372881356,
      0.923728813559322,
      0.923728813559322,
      0.9333333333333333,
      0.9090909090909091,
      0.9338842975206612,
      0.8833333333333333,
      0.9008264462809917,
      0.9256198347107438,
      0.9090909090909091,
      0.8925619834710744,
      0.9256198347107438,
      0.9173553719008265,
      0.9098360655737705,
      0.9344262295081968,
      0.9098360655737705,
      0.926829268292683,
      0.9349593495934959,
      0.9193548387096774,
      0.9512195121951219,
      0.943089430894309,
      0.9426229508196722
   ],
   "0.9": [
      0.9666666666666667,
      0.9416666666666667,
      0.9491525423728814,
      0.940677966101695,
      0.9152542372881356,
      0.9322033898305084,
      0.9152542372881356,
      0.8983050847457628,
      0.8813559322033898,
      0.8898305084745762,
      0.8898305084745762,
      0.9322033898305084,
      0.8898305084745762,
      0.864406779661017,
      0.8403361344537815,
      0.8823529411764706,
      0.8823529411764706,
      0.907563025210084,
      0.8907563025210085,
      0.8907563025210085,
      0.8739495798319328,
      0.907563025210084,
      0.9,
      0.865546218487395,
      0.8823529411764706,
      0.8135593220338984,
      0.8220338983050848,
      0.8305084745762712,
      0.847457627118644,
      0.875,
      0.859504132231405,
      0.8842975206611571,
      0.825,
      0.8264462809917356,
      0.8512396694214877,
      0.8347107438016529,
      0.8099173553719008,
      0.8099173553719008,
      0.8512396694214877,
      0.8688524590163934,
      0.8524590163934426,
      0.8524590163934426,
      0.8699186991869918,
      0.9024390243902439,
      0.8629032258064516,
      0.8455284552845529,
      0.9024390243902439,
      0.8852459016393442
   ],
   "0.75": [
      0.75,
      0.7166666666666667,
      0.7203389830508474,
      0.5677966101694916,
      0.5932203389830508,
      0.6186440677966102,
      0.6440677966101694,
      0.635593220338983,
      0.576271186440678,
      0.6271186440677966,
      0.635593220338983,
      0.6016949152542372,
      0.5423728813559322,
      0.6440677966101694,
      0.5882352941176471,
      0.5714285714285714,
      0.6722689075630253,
      0.6386554621848739,
      0.6134453781512605,
      0.5798319327731093,
      0.5798319327731093,
      0.5798319327731093,
      0.5666666666666667,
      0.5462184873949579,
      0.5126050420168067,
      0.4915254237288136,
      0.5,
      0.4745762711864407,
      0.5169491525423728,
      0.6166666666666667,
      0.6115702479338843,
      0.5537190082644629,
      0.575,
      0.5785123966942148,
      0.5867768595041323,
      0.5206611570247934,
      0.48760330578512395,
      0.47107438016528924,
      0.5537190082644629,
      0.639344262295082,
      0.6229508196721312,
      0.6147540983606558,
      0.6504065040650406,
      0.7073170731707317,
      0.6048387096774194,
      0.6585365853658537,
      0.6666666666666666,
      0.5491803278688525
   ]
}