{
   "0.95": [
      0.9833333333333333,
      0.9666666666666667,
      0.9745762711864406,
      0.9830508474576272,
      0.9491525423728814,
      0.9915254237288136,
      0.9915254237288136,
      0.9915254237288136,
      0.9745762711864406,
      0.9830508474576272,
      0.9915254237288136,
      0.9915254237288136,
      0.9745762711864406,
      0.9830508474576272,
      0.9495798319327731,
      0.9663865546218487,
      0.957983193277311,
      0.9747899159663865,
      0.9663865546218487,
      0.9411764705882353,
      0.907563025210084,
      0.9411764705882353,
      0.95,
      0.9495798319327731,
      0.9327731092436975,
      0.8983050847457628,
      0.9152542372881356,
      0.9322033898305084,
      0.940677966101695,
      0.925,
      0.9173553719008265,
      0.9256198347107438,
      0.9416666666666667,
      0.9008264462809917,
      0.9256198347107438,
      0.9008264462809917,
      0.8677685950413223,
      0.9256198347107438,
      0.9256198347107438,
      0.9262295081967213,
      0.9262295081967213,
      0.9180327868852459,
      0.926829268292683,
      0.943089430894309,
      0.9354838709677419,
      0.926829268292683,
      0.9349593495934959,
      0.9180327868852459
   ],
   "0.9": [
      0.925,
      0.9,
      0.8983050847457628,
      0.9661016949152542,
      0.923728813559322,
      0.9152542372881356,
      0.923728813559322,
      0.9661016949152542,
      0.9067796610169492,
      0.923728813559322,
      0.9322033898305084,
      0.923728813559322,
      0.923728813559322,
      0.9067796610169492,
      0.865546218487395,
      0.907563025210084,
      0.8991596638655462,
      0.9159663865546218,
      0.8739495798319328,
      0.865546218487395,
      0.8823529411764706,
      0.8487394957983193,
      0.875,
      0.8739495798319328,
      0.8571428571428571,
      0.8050847457627118,
      0.8220338983050848,
      0.8220338983050848,
      0.8728813559322034,
      0.875,
      0.859504132231405,
      0.9008264462809917,
      0.8666666666666667,
      0.8429752066115702,
      0.8760330578512396,
      0.8264462809917356,
      0.8016528925619835,
      0.8677685950413223,
      0.8429752066115702,
      0.8770491803278688,
      0.8770491803278688,
      0.8442622950819673,
      0.8536585365853658,
      0.9186991869918699,
      0.8870967741935484,
      0.8780487804878049,
      0.8943089430894309,
      0.8852459016393442
   ],
   "0.75": [
      0.7,
      0.6833333333333333,
      0.7203389830508474,
      0.711864406779661,
      0.6610169491525424,
      0.711864406779661,
      0.6864406779661016,
      0.6864406779661016,
      0.6610169491525424,
      0.6949152542372882,
      0.6949152542372882,
      0.6694915254237288,
      0.6694915254237288,
      0.559322033898305,
      0.5882352941176471,
      0.6470588235294118,
      0.6638655462184874,
      0.6470588235294118,
      0.5798319327731093,
      0.5714285714285714,
      0.5630252100840336,
      0.5966386554621849,
      0.6166666666666667,
      0.6050420168067226,
      0.5378151260504201,
      0.5338983050847458,
      0.5338983050847458,
      0.5169491525423728,
      0.576271186440678,
      0.6916666666666667,
      0.6694214876033058,
      0.628099173553719,
      0.5916666666666667,
      0.5619834710743802,
      0.5454545454545454,
      0.5702479338842975,
      0.48760330578512395,
      0.4380165289256198,
      0.5619834710743802,
      0.5819672131147541,
      0.6065573770491803,
      0.5655737704918032,
      0.6422764227642277,
      0.6666666666666666,
      0.6209677419354839,
      0.6016260162601627,
      0.5691056910569106,
      0.5655737704918032
   ]
}