{
  "0.95": 0.8616813294232649,
  "0.9": 0.7380254154447703,
  "0.75": 0.4496578690127077
}