{
  "0.95": 0.9125122189638318,
  "0.9": 0.833822091886608,
  "0.75": 0.4726295210166178
}