{
   "0.95": [
      0.7267417430954085,
      0.867279918876258,
      0.7300300566182979,
      0.8159651236385792,
      0.9128298165221703,
      0.8872728293437607,
      0.8154891835797873,
      0.8609631923073321,
      0.8253715307282222,
      0.7667627166931164,
      0.5372822710568548,
      0.5501221849750884,
      0.44876952770039447,
      0.48151995822849764,
      0.5504486626708155,
      0.6436363738361524,
      0.9267870149656465,
      1.093690815657266,
      1.1426002284009666,
      1.0291533407549147,
      0.8937859104804936,
      0.8096942739401266,
      0.715972251099887,
      0.7105249060649355,
      0.688924572986903,
      0.6881604329376428,
      0.597394135598127,
      0.7070546637242432,
      0.7453598862369873,
      0.9206693314057381,
      0.882487384676743,
      0.6545304321787047,
      0.6118332997106953,
      0.7381792501965375,
      0.8179551760490426,
      0.5216863319058217,
      0.6168344560817336,
      0.6172064368042612,
      0.5672063240797086,
      0.5725159239706352,
      0.695638139504941,
      0.755178697580666,
      0.823598325980746,
      0.7303940031412998,
      0.6324264672025898,
      0.6154205823459917,
      0.584102361191396,
      0.6137271883959341
   ],
   "0.9": [
      0.4388709478988338,
      0.47205194472746603,
      0.37619948152394495,
      0.3724354224430004,
      0.3915616046812141,
      0.4017709468341823,
      0.4036708352109199,
      0.4432670463786138,
      0.39362399818597,
      0.361504758098277,
      0.3021300939514327,
      0.3286936383204652,
      0.31017802030564456,
      0.3552312180460491,
      0.4043087141940419,
      0.47619483260565787,
      0.592409904764945,
      0.7634837383823557,
      0.7008613151825318,
      0.6687886031639007,
      0.5596737132395578,
      0.5313439735061168,
      0.5112728694963431,
      0.432421522866488,
      0.4374042631024682,
      0.4792212593952797,
      0.38859201517261177,
      0.4492993235681597,
      0.5425559872654712,
      0.613482189356502,
      0.5887100817999105,
      0.4464924707637734,
      0.3826335409423437,
      0.44146559780313793,
      0.5246986296716672,
      0.35333709861518947,
      0.39656278405077366,
      0.43869719173459526,
      0.380684191903441,
      0.39875992308055674,
      0.4789518482513225,
      0.5404258579336846,
      0.5458509993450675,
      0.47981312532567955,
      0.41827910079901864,
      0.4112653657222577,
      0.3879484686680974,
      0.42524280961750077
   ],
   "0.75": [
      0.13522484705841947,
      0.15444239724057626,
      0.11810569878694492,
      0.12024944499839982,
      0.11912195257872064,
      0.11203832578726702,
      0.11023407846570325,
      0.10715197722942019,
      0.10787499470068883,
      0.10422815699496288,
      0.11502141367651308,
      0.1273934079687602,
      0.13229096857589492,
      0.17512415693329275,
      0.2012406350123388,
      0.2305425081899115,
      0.30578629088350917,
      0.4067132676905997,
      0.35269122580152684,
      0.3514122029548095,
      0.27688871833622686,
      0.2612229166794879,
      0.23898819686489914,
      0.19730378474754853,
      0.2302176740773817,
      0.23606367310984705,
      0.17416889865032611,
      0.2274996636415875,
      0.27066083835686716,
      0.27295336633791717,
      0.284576898523147,
      0.1879858712395503,
      0.1453613212211939,
      0.18886187730431797,
      0.20007034335060447,
      0.14324857131549867,
      0.14997936517810304,
      0.1800847792058661,
      0.14979374201327939,
      0.15723511390388162,
      0.23478357356007337,
      0.2403015628406384,
      0.24426358834362186,
      0.2113642027666367,
      0.18073961874339475,
      0.18288492303507575,
      0.1719567670462832,
      0.19355703135420044
   ]
}