{
  "0.95": 0.9139784946236559,
  "0.9": 0.8343108504398827,
  "0.75": 0.49364613880742914
}