{
   "0.95": [
      0.8698875890620418,
      0.8936476785222937,
      0.90397904381676,
      0.9470918245099801,
      0.8276418822667916,
      0.777140980291017,
      0.7099715225330562,
      0.7702645991207346,
      0.8508839509890364,
      1.099938671031057,
      0.8240055095231791,
      0.6121501653343662,
      0.6116231751402467,
      0.6297449583828504,
      0.6202979930031707,
      0.6070550381421815,
      0.690251134231385,
      0.6371171724683646,
      0.7432069890745656,
      0.7256104235139622,
      0.6150895770383271,
      0.9555082853337388,
      1.0730871707518574,
      0.8486620635470908,
      0.8749519461981692,
      0.764913059944006,
      0.7151362946086526,
      0.7225614626927693,
      0.9306621388881817,
      0.9900979580804973,
      0.8503931519962363,
      0.8433597800159387,
      0.9716126894490539,
      0.6624552108346271,
      0.7562375413688732,
      0.43074826085657414,
      0.5969102311496982,
      0.6616419445734556,
      0.7247005432506711,
      0.8863144464041868,
      0.8360416302595582,
      0.835257029971902,
      0.9748717019879062,
      0.956390986089094,
      1.018428368446382,
      1.0183069012430115,
      0.637277736653201,
      0.7038930707014401
   ],
   "0.9": [
      0.4572215997056512,
      0.4513679077866474,
      0.38087635802520003,
      0.3824226168260938,
      0.32450638079909905,
      0.3251898263039198,
      0.3158582333025834,
      0.3524119467521723,
      0.3597062844829858,
      0.45964264516623027,
      0.43526265970224753,
      0.34619734719305817,
      0.35638756921840875,
      0.3550137744477842,
      0.36319721703777325,
      0.3586224653383568,
      0.3561180718469344,
      0.36993485910500234,
      0.43695289454619735,
      0.4002192861249294,
      0.3636244016460546,
      0.5814584046898044,
      0.6044605503315736,
      0.47686762455139775,
      0.5431526110093023,
      0.4300307326489817,
      0.44980674006171517,
      0.3874543454631163,
      0.5496070091778045,
      0.5680847072566076,
      0.5190655631148953,
      0.5199339880046154,
      0.5695202445250485,
      0.42223390266860544,
      0.47278802165284867,
      0.29706731918751555,
      0.3619405206058552,
      0.4356283345160634,
      0.4989771425491149,
      0.620554911472186,
      0.5608787572402237,
      0.558892675737358,
      0.5957571504677841,
      0.5375961647988637,
      0.6593477660476107,
      0.6775568748429127,
      0.5051034985766968,
      0.503299394779209
   ],
   "0.75": [
      0.1367718036701062,
      0.13523885531016483,
      0.11880099881347513,
      0.11340367756873695,
      0.10306792768735759,
      0.08902064629083392,
      0.08777299233881808,
      0.09673474776976444,
      0.0981425936917711,
      0.1170235822880588,
      0.13336934612857013,
      0.10334690699822355,
      0.09150310563713926,
      0.10312784736726076,
      0.10824568477536227,
      0.10124996177960502,
      0.09851946372714773,
      0.11256907457835759,
      0.12622645630485443,
      0.1337396556681057,
      0.09870103114860902,
      0.17489047880731257,
      0.138928760022366,
      0.1235554653967198,
      0.13789047707748914,
      0.10971027965777928,
      0.12192511687260674,
      0.11164623416126448,
      0.16327929624529816,
      0.19024210268022562,
      0.19401746022959465,
      0.17235420751544217,
      0.1962325827631957,
      0.15016248268642704,
      0.14642756479094624,
      0.11441244745354077,
      0.12695184921676783,
      0.15207231957452666,
      0.1727568239791125,
      0.20010251872152734,
      0.24979477515653578,
      0.24914111434244166,
      0.2568720382193768,
      0.21764125152539598,
      0.2627454606373176,
      0.24818048291825268,
      0.18331128469143382,
      0.21503375318049142
   ]
}