{
   "0.95": [
      0.8693809687440234,
      0.8931499465116425,
      0.9036787617976451,
      0.946986266581542,
      0.8265778106142457,
      0.775631881995579,
      0.7095330716971778,
      0.7718735484519932,
      0.839301600992031,
      1.1160866031673777,
      0.857406908244036,
      0.6375707319509757,
      0.5776947928351808,
      0.5661074845335081,
      0.5569081126412595,
      0.5961177350732397,
      0.6990061431907331,
      0.7579779717346488,
      0.6410476047958633,
      0.705869465590486,
      0.7733482044795145,
      0.7510650756023826,
      0.8312769543431032,
      0.9128057489833824,
      0.927817626230127,
      0.7484436531747303,
      0.617680207619328,
      0.6789502862974922,
      0.633721860018136,
      0.7519095331415561,
      0.7776500609627949,
      0.7645589671944338,
      0.9640801796421161,
      0.6832541161961805,
      0.7627095274649952,
      0.42685987427670197,
      0.5967958757485099,
      0.6610688087628744,
      0.7324377118208287,
      0.8855864469396828,
      0.8418715491246256,
      0.8333085174874959,
      0.9748717019879063,
      0.9565021165545529,
      1.0186327064114102,
      1.0175848344921203,
      0.6372777366532011,
      0.70389307070144
   ],
   "0.9": [
      0.4569549314745799,
      0.4511720590869028,
      0.3806882387582514,
      0.3824226168260937,
      0.3242949949677953,
      0.3249465533494043,
      0.3154536247560984,
      0.35618131316102974,
      0.3624897292760753,
      0.47055866822932807,
      0.45408350013297716,
      0.37103729411528696,
      0.39392335790875993,
      0.39983914204446885,
      0.3999201669804218,
      0.42484349763509216,
      0.43816939449970893,
      0.5065241294686513,
      0.4444062096773156,
      0.46164295334845895,
      0.4621262361437949,
      0.4581915117393653,
      0.5763672470457384,
      0.5924052810611417,
      0.571301014104454,
      0.5111070000625484,
      0.3902533200658555,
      0.42886559341400354,
      0.42750105158160157,
      0.4897158976774727,
      0.5177709503882406,
      0.48850886241358604,
      0.5699284919528496,
      0.4311385089456751,
      0.4785851284609984,
      0.3056569656019999,
      0.3638678762877128,
      0.4399016019058921,
      0.5052543037261492,
      0.62392500642701,
      0.5700099644092158,
      0.5572628971288036,
      0.5957571504677844,
      0.537445111347603,
      0.6588419771680337,
      0.6775650577298549,
      0.5051034985766965,
      0.502837237473226
   ],
   "0.75": [
      0.13671012093534837,
      0.13471544785061296,
      0.11889333020376684,
      0.11351537152055036,
      0.10310655274468151,
      0.08902448631715427,
      0.08764520009386655,
      0.09506688145786521,
      0.100676437831471,
      0.12662474881946373,
      0.1630770423190894,
      0.14883963355838845,
      0.1754112109176006,
      0.18839450344116332,
      0.20091729106622586,
      0.199774772387939,
      0.24335986660611297,
      0.2742559385180645,
      0.23882986646459847,
      0.25065336675335076,
      0.2291427357110233,
      0.24909248191475472,
      0.2758892307755934,
      0.27215482047501377,
      0.2836606569015491,
      0.24744404158547312,
      0.19281173141076483,
      0.19502985631011555,
      0.19448634572354925,
      0.19047623509268446,
      0.24635870689174721,
      0.19363721322470184,
      0.22610865922033452,
      0.1633170377517579,
      0.16242394395937254,
      0.11533287530396899,
      0.1299984138650946,
      0.15576898146926568,
      0.17085818285541332,
      0.19959131400751687,
      0.25728924054893143,
      0.25026412905639994,
      0.25600403459622506,
      0.21823816193529075,
      0.26274546063731785,
      0.24801913296589653,
      0.1833112846914337,
      0.21473250210197983
   ]
}