{
  "0.95": 0.918377321603128,
  "0.9": 0.8465298142717498,
  "0.75": 0.42473118279569894
}