{
  "0.95": 0.4987012987012987,
  "0.9": 0.43116883116883115,
  "0.75": 0.2727272727272727
}