{
   "0.95": [
      0.75,
      0.4782608695652174,
      0.6666666666666666,
      0.5833333333333334,
      0.5,
      0.4583333333333333,
      0.4583333333333333,
      0.4583333333333333,
      0.48,
      0.52,
      0.6,
      0.52,
      0.52,
      0.5,
      0.38461538461538464,
      0.4230769230769231,
      0.34615384615384615,
      0.4230769230769231,
      0.4230769230769231,
      0.38461538461538464,
      0.38461538461538464,
      0.38461538461538464,
      0.32,
      0.48,
      0.44,
      0.56,
      0.52,
      0.44,
      0.48,
      0.52,
      0.56,
      0.52,
      0.5,
      0.46153846153846156,
      0.46153846153846156,
      0.5,
      0.5769230769230769,
      0.46153846153846156,
      0.5833333333333334,
      0.5833333333333334,
      0.5217391304347826,
      0.5454545454545454,
      0.5454545454545454,
      0.47619047619047616,
      0.6666666666666666,
      0.6666666666666666,
      0.6666666666666666,
      0.5294117647058824
   ],
   "0.9": [
      0.625,
      0.4782608695652174,
      0.5416666666666666,
      0.5416666666666666,
      0.5,
      0.4583333333333333,
      0.375,
      0.4166666666666667,
      0.44,
      0.52,
      0.48,
      0.48,
      0.48,
      0.46153846153846156,
      0.38461538461538464,
      0.4230769230769231,
      0.34615384615384615,
      0.34615384615384615,
      0.34615384615384615,
      0.34615384615384615,
      0.23076923076923078,
      0.2692307692307692,
      0.24,
      0.32,
      0.28,
      0.4,
      0.44,
      0.44,
      0.44,
      0.48,
      0.56,
      0.44,
      0.4230769230769231,
      0.4230769230769231,
      0.46153846153846156,
      0.5,
      0.5384615384615384,
      0.46153846153846156,
      0.5416666666666666,
      0.5416666666666666,
      0.43478260869565216,
      0.45454545454545453,
      0.2727272727272727,
      0.2857142857142857,
      0.5,
      0.6111111111111112,
      0.4444444444444444,
      0.4117647058823529
   ],
   "0.75": [
      0.125,
      0.2608695652173913,
      0.3333333333333333,
      0.3333333333333333,
      0.20833333333333334,
      0.08333333333333333,
      0.16666666666666666,
      0.2916666666666667,
      0.16,
      0.36,
      0.36,
      0.36,
      0.4,
      0.15384615384615385,
      0.15384615384615385,
      0.15384615384615385,
      0.15384615384615385,
      0.19230769230769232,
      0.23076923076923078,
      0.2692307692307692,
      0.23076923076923078,
      0.15384615384615385,
      0.2,
      0.2,
      0.12,
      0.32,
      0.24,
      0.12,
      0.16,
      0.2,
      0.44,
      0.4,
      0.4230769230769231,
      0.34615384615384615,
      0.3076923076923077,
      0.4230769230769231,
      0.2692307692307692,
      0.34615384615384615,
      0.3333333333333333,
      0.4166666666666667,
      0.34782608695652173,
      0.45454545454545453,
      0.18181818181818182,
      0.2857142857142857,
      0.5,
      0.5,
      0.2222222222222222,
      0.29411764705882354
   ]
}