{
  "0.95": 0.5038961038961038,
  "0.9": 0.43636363636363634,
  "0.75": 0.26147186147186147
}