{
   "0.95": [
      0.5737439063670873,
      0.498527561971178,
      0.6319937543652643,
      0.5623887192495025,
      0.5646118306958511,
      0.4990669575870097,
      0.4864195386858598,
      0.4353674767263882,
      0.4820472007912183,
      0.5631744635239668,
      0.5680936175307163,
      0.4985510811462529,
      0.49168150714067826,
      0.43465575481131996,
      0.45608713183953725,
      0.4003947919403568,
      0.26150400540462815,
      0.2613371209934868,
      0.2515772112684552,
      0.21317608096235469,
      0.20334339372293936,
      0.18921160574340395,
      0.14041137322969266,
      0.1790428322187574,
      0.20092744948604807,
      0.24781828688620539,
      0.36423716919363425,
      0.24203922653518056,
      0.27497087808327386,
      0.3126426112764547,
      0.3230938292749402,
      0.2750280488444348,
      0.30780776445839325,
      0.3278522014009517,
      0.35480281552794785,
      0.3779859594994648,
      0.4269021436568733,
      0.3932427511258654,
      0.4929167306677292,
      0.5086097573107041,
      0.6077300582078285,
      0.5886973132985106,
      0.5612174270300788,
      0.4907371634470385,
      0.635675564689364,
      0.6747252779096865,
      0.6928418902117623,
      0.6902512628078079
   ],
   "0.9": [
      0.49897466409547536,
      0.47338446724669786,
      0.5068223146875093,
      0.5131882730726013,
      0.49592984784261096,
      0.3966922503450854,
      0.34197620129046047,
      0.36215124560199513,
      0.36399731822989645,
      0.48125830939003217,
      0.5004618893930849,
      0.44677704250230305,
      0.45675941451323554,
      0.3651813792641061,
      0.3662310738878344,
      0.33190541469923135,
      0.24840367333853916,
      0.19629996949113548,
      0.17295654065217284,
      0.19231135106218383,
      0.1628555793337139,
      0.14805934171669585,
      0.11217698069967179,
      0.13953893656882316,
      0.13909139054106792,
      0.15417464630078048,
      0.22583212351320464,
      0.21520070333385832,
      0.22922420123663728,
      0.2053896157810057,
      0.23428291830155482,
      0.1776854558100593,
      0.22415923313240496,
      0.23640556279497246,
      0.2918173768742236,
      0.33305461984122325,
      0.34874741300661793,
      0.3290577397172785,
      0.412490263225827,
      0.4666139417203077,
      0.5347029723844549,
      0.5145590799670411,
      0.4333630572825279,
      0.29136432710321425,
      0.4557163563028703,
      0.45465270541833924,
      0.46148461308991867,
      0.5292727277992024
   ],
   "0.75": [
      0.07652784462693955,
      0.2596521256181418,
      0.17410481429915026,
      0.2819978885282503,
      0.14454917747038923,
      0.10040801262044267,
      0.10907430321467253,
      0.11718208791624318,
      0.08389966534826615,
      0.18088409595640512,
      0.21504535658577992,
      0.20414791750169614,
      0.20441434386318613,
      0.136158438162079,
      0.11560868439043423,
      0.12453802690634316,
      0.08422372168609082,
      0.12598292847925896,
      0.11365289366485536,
      0.13924130298358678,
      0.09743772216164065,
      0.09265608065441999,
      0.09958243750297897,
      0.0848732694943474,
      0.0779804357851531,
      0.10371665753408602,
      0.12377700220859102,
      0.06509369580442584,
      0.0706981771601488,
      0.07203981684384017,
      0.09959095783883509,
      0.12396594992322686,
      0.15009384805974324,
      0.11024706925961378,
      0.08121649952991171,
      0.13839552576287006,
      0.15066910054105856,
      0.12693774410778222,
      0.21094309174016246,
      0.3055225248532085,
      0.33442361013062916,
      0.33396762517071277,
      0.1954882250254878,
      0.25258330493935593,
      0.34624047732353136,
      0.32615010538580125,
      0.2157450203351724,
      0.3363054509350434
   ]
}