{
  "0.95": 0.49177489177489175,
  "0.9": 0.45541125541125543,
  "0.75": 0.2727272727272727
}