{
   "0.95": [
      0.8125,
      0.5217391304347826,
      0.5416666666666666,
      0.625,
      0.625,
      0.5833333333333334,
      0.5833333333333334,
      0.5416666666666666,
      0.52,
      0.6,
      0.6,
      0.52,
      0.44,
      0.4230769230769231,
      0.5384615384615384,
      0.5384615384615384,
      0.5769230769230769,
      0.5769230769230769,
      0.5769230769230769,
      0.5,
      0.5384615384615384,
      0.5769230769230769,
      0.52,
      0.52,
      0.52,
      0.52,
      0.52,
      0.44,
      0.52,
      0.48,
      0.48,
      0.48,
      0.46153846153846156,
      0.5,
      0.5,
      0.5,
      0.5384615384615384,
      0.46153846153846156,
      0.4583333333333333,
      0.5833333333333334,
      0.6521739130434783,
      0.5909090909090909,
      0.45454545454545453,
      0.6190476190476191,
      0.5555555555555556,
      0.7222222222222222,
      0.7222222222222222,
      0.5882352941176471
   ],
   "0.9": [
      0.75,
      0.5217391304347826,
      0.5,
      0.4583333333333333,
      0.5416666666666666,
      0.5833333333333334,
      0.5833333333333334,
      0.5416666666666666,
      0.52,
      0.6,
      0.56,
      0.48,
      0.4,
      0.34615384615384615,
      0.5,
      0.4230769230769231,
      0.5769230769230769,
      0.46153846153846156,
      0.5384615384615384,
      0.4230769230769231,
      0.4230769230769231,
      0.5769230769230769,
      0.4,
      0.44,
      0.48,
      0.44,
      0.52,
      0.4,
      0.52,
      0.48,
      0.48,
      0.48,
      0.4230769230769231,
      0.46153846153846156,
      0.34615384615384615,
      0.4230769230769231,
      0.46153846153846156,
      0.23076923076923078,
      0.375,
      0.5,
      0.6086956521739131,
      0.5,
      0.45454545454545453,
      0.6190476190476191,
      0.5555555555555556,
      0.5,
      0.5555555555555556,
      0.47058823529411764
   ],
   "0.75": [
      0.4375,
      0.2608695652173913,
      0.375,
      0.375,
      0.5416666666666666,
      0.5833333333333334,
      0.5833333333333334,
      0.5416666666666666,
      0.52,
      0.56,
      0.4,
      0.28,
      0.24,
      0.19230769230769232,
      0.2692307692307692,
      0.4230769230769231,
      0.34615384615384615,
      0.4230769230769231,
      0.4230769230769231,
      0.3076923076923077,
      0.19230769230769232,
      0.2692307692307692,
      0.2,
      0.2,
      0.32,
      0.36,
      0.24,
      0.36,
      0.24,
      0.32,
      0.16,
      0.32,
      0.15384615384615385,
      0.15384615384615385,
      0.2692307692307692,
      0.2692307692307692,
      0.11538461538461539,
      0.23076923076923078,
      0.25,
      0.2916666666666667,
      0.5217391304347826,
      0.5,
      0.45454545454545453,
      0.6190476190476191,
      0.2222222222222222,
      0.3888888888888889,
      0.3333333333333333,
      0.35294117647058826
   ]
}