{
   "0.95": [
      0.75,
      0.6086956521739131,
      0.5833333333333334,
      0.625,
      0.5833333333333334,
      0.5833333333333334,
      0.5833333333333334,
      0.5833333333333334,
      0.52,
      0.64,
      0.6,
      0.52,
      0.56,
      0.46153846153846156,
      0.46153846153846156,
      0.46153846153846156,
      0.2692307692307692,
      0.38461538461538464,
      0.34615384615384615,
      0.4230769230769231,
      0.4230769230769231,
      0.46153846153846156,
      0.48,
      0.48,
      0.52,
      0.52,
      0.48,
      0.4,
      0.44,
      0.52,
      0.44,
      0.44,
      0.38461538461538464,
      0.4230769230769231,
      0.3076923076923077,
      0.4230769230769231,
      0.5384615384615384,
      0.5,
      0.5833333333333334,
      0.5,
      0.5217391304347826,
      0.4090909090909091,
      0.36363636363636365,
      0.38095238095238093,
      0.6111111111111112,
      0.5555555555555556,
      0.6111111111111112,
      0.5882352941176471
   ],
   "0.9": [
      0.6875,
      0.4782608695652174,
      0.5416666666666666,
      0.5833333333333334,
      0.5416666666666666,
      0.5,
      0.5833333333333334,
      0.5,
      0.48,
      0.64,
      0.56,
      0.48,
      0.52,
      0.46153846153846156,
      0.46153846153846156,
      0.46153846153846156,
      0.23076923076923078,
      0.3076923076923077,
      0.34615384615384615,
      0.34615384615384615,
      0.38461538461538464,
      0.46153846153846156,
      0.48,
      0.48,
      0.48,
      0.48,
      0.48,
      0.4,
      0.4,
      0.48,
      0.44,
      0.36,
      0.38461538461538464,
      0.4230769230769231,
      0.23076923076923078,
      0.38461538461538464,
      0.4230769230769231,
      0.46153846153846156,
      0.5416666666666666,
      0.5,
      0.5217391304347826,
      0.4090909090909091,
      0.36363636363636365,
      0.38095238095238093,
      0.5555555555555556,
      0.5555555555555556,
      0.4444444444444444,
      0.4117647058823529
   ],
   "0.75": [
      0.3125,
      0.30434782608695654,
      0.4166666666666667,
      0.5,
      0.4166666666666667,
      0.375,
      0.375,
      0.375,
      0.4,
      0.44,
      0.4,
      0.32,
      0.32,
      0.3076923076923077,
      0.2692307692307692,
      0.2692307692307692,
      0.19230769230769232,
      0.23076923076923078,
      0.23076923076923078,
      0.2692307692307692,
      0.23076923076923078,
      0.23076923076923078,
      0.2,
      0.08,
      0.08,
      0.16,
      0.36,
      0.32,
      0.24,
      0.2,
      0.24,
      0.28,
      0.2692307692307692,
      0.11538461538461539,
      0.19230769230769232,
      0.2692307692307692,
      0.23076923076923078,
      0.2692307692307692,
      0.4166666666666667,
      0.375,
      0.21739130434782608,
      0.18181818181818182,
      0.13636363636363635,
      0.23809523809523808,
      0.2777777777777778,
      0.2777777777777778,
      0.1111111111111111,
      0.11764705882352941
   ]
}