{
   "0.95": [
      0.8542854400946182,
      0.7385999602653862,
      0.670250909950232,
      0.605702679877851,
      0.6188096680541154,
      0.8693402115947815,
      0.8142650507595857,
      0.6630078811126864,
      0.6011858287321891,
      0.7873799999354152,
      0.6808700467740798,
      0.61173891349305,
      0.6008511216657877,
      0.5278804716611308,
      0.5348943745611447,
      0.38739744868029563,
      0.25749462131168843,
      0.4935714809754747,
      0.4474461495431873,
      0.4976632853962514,
      0.4637823852204047,
      0.5862379557647517,
      0.5814858639614445,
      0.7128799393320198,
      1.0675758141471763,
      0.8951143742625866,
      1.1377811925300758,
      0.8124395565094797,
      0.7713323803135633,
      1.095511664151263,
      1.2005931063150799,
      0.9712323597357242,
      0.8317761429377871,
      0.6873500216431988,
      0.39226148884905765,
      0.4886153061782917,
      0.5161656994713042,
      0.4423403279018499,
      0.8137830975869108,
      0.7636336406479598,
      0.7394896444751157,
      0.7423434275467764,
      0.7219870892675561,
      0.47494695400865605,
      0.8178728249596816,
      0.6897321709327466,
      0.7653932690233479,
      0.7653150541956208
   ],
   "0.9": [
      0.7508170585890793,
      0.6014399886290346,
      0.5695015148502354,
      0.4533209993139352,
      0.4961390951648246,
      0.7677103805529644,
      0.7394846816571413,
      0.580111714492483,
      0.5578371181822517,
      0.7312402398529138,
      0.6453418225553522,
      0.5152821171024541,
      0.5473389104642713,
      0.47691203860791626,
      0.47337743788661174,
      0.3476885128824808,
      0.22690072077120887,
      0.4114909316822088,
      0.4279171936534427,
      0.39788703733168307,
      0.41766918698358174,
      0.543996455257341,
      0.5314554785952013,
      0.5788784041933822,
      0.8461220168320338,
      0.6561572272268654,
      1.0484195815469795,
      0.7189571456498316,
      0.6690447263452493,
      0.9734431959960944,
      0.9941875964659311,
      0.7942665134903446,
      0.638959147164154,
      0.6302720905341703,
      0.34133881497907315,
      0.4357144893820287,
      0.4183413212643783,
      0.3694740064751108,
      0.7280665840929939,
      0.6768524461715144,
      0.6286724024917889,
      0.6364073179616457,
      0.6517723992757147,
      0.4520781031728747,
      0.7558015904676549,
      0.5756365964008637,
      0.4985276024880672,
      0.5592871304618402
   ],
   "0.75": [
      0.24139972454910696,
      0.2961159989727872,
      0.3140984047333046,
      0.3409534816813848,
      0.23859948420758975,
      0.3880775407764156,
      0.44954698563833045,
      0.22664596932142428,
      0.2900742357853353,
      0.40146941917140305,
      0.32123739485416536,
      0.21882632421886736,
      0.22443289136399389,
      0.18896160292913777,
      0.17841710226739943,
      0.20403943528500287,
      0.1470401362870268,
      0.27307887059336283,
      0.3160390980470731,
      0.19602287913203986,
      0.2360589399495512,
      0.24175455102263294,
      0.16221142104030029,
      0.10746275841170166,
      0.12159226007428008,
      0.13240230976787293,
      0.3448939127510827,
      0.3702117991027748,
      0.2137901740437586,
      0.443183243943317,
      0.5207987837361084,
      0.49224947837765204,
      0.46919162235225337,
      0.17870778715939725,
      0.17048086769430518,
      0.17251654307321931,
      0.17754378754680575,
      0.14664054306464624,
      0.4431502719921503,
      0.5206786556141239,
      0.41337400888982084,
      0.3607302826011176,
      0.3059318108812132,
      0.23110410978000753,
      0.5013289806790305,
      0.36811760531378235,
      0.2236329530914258,
      0.3021585983277123
   ]
}