{
   "0.95": [
      0.6444057174003,
      0.5247092420209182,
      0.628821909699988,
      0.6177310314281622,
      0.5854547372335543,
      0.515018914974592,
      0.40003547231030495,
      0.35532125490985284,
      0.43181093377564655,
      0.534714474718307,
      0.4737609521385548,
      0.4135147910835972,
      0.45182864678968787,
      0.4440929690765099,
      0.5047739887272417,
      0.37649296843824465,
      0.34812093131409094,
      0.4491835180912942,
      0.3732807357929204,
      0.3438725231910017,
      0.3705287841773772,
      0.40606764282858687,
      0.3219399747430973,
      0.31404696397248,
      0.387706477870795,
      0.44284313342825254,
      0.4136816790217492,
      0.3996730939866189,
      0.390494917365977,
      0.49175616972680725,
      0.5360077583152348,
      0.604105672484758,
      0.6578894754506827,
      0.7053363226367848,
      0.41656321876932856,
      0.3719360501956798,
      0.5001339731589468,
      0.40540050696081703,
      0.4934256698141916,
      0.5423721671064775,
      0.5768946841654912,
      0.5446076817458664,
      0.5596900729303623,
      0.4821376176246555,
      0.6404431080112756,
      0.6650251879752327,
      0.6821187904214573,
      0.6807166933435082
   ],
   "0.9": [
      0.5227635212303403,
      0.4848256006194529,
      0.5157290991724369,
      0.5867828990088179,
      0.4848402296011919,
      0.35944342990750294,
      0.23285274117036636,
      0.2736502870224763,
      0.30345970820101087,
      0.42340440696919046,
      0.38940647725000493,
      0.3843211117914805,
      0.4101809591485316,
      0.3986728189093888,
      0.40635037741832997,
      0.3558456485813698,
      0.28260227790786224,
      0.40201991684798927,
      0.3029882246275897,
      0.24462268539070062,
      0.26317118357444774,
      0.3064299146336426,
      0.21705137394547092,
      0.19704735071488294,
      0.23632310911664925,
      0.26486894892981666,
      0.3762196791791275,
      0.32433731567260277,
      0.31655491684877135,
      0.43747042421705257,
      0.4836179493835511,
      0.4947742147001013,
      0.5049314431781545,
      0.5663682846248018,
      0.33725063709540265,
      0.32342404574596406,
      0.4232990424054771,
      0.3336272566321652,
      0.41071982837293985,
      0.47431784620342915,
      0.5218892468987756,
      0.44678078882960365,
      0.4089873694273661,
      0.27219017108723137,
      0.46036043619471967,
      0.49160747117646847,
      0.4660392853617464,
      0.5137027027835722
   ],
   "0.75": [
      0.12946707375736363,
      0.25959595393401225,
      0.17595584730467076,
      0.28108013452877084,
      0.16552151822032646,
      0.10443796835189265,
      0.066963553935396,
      0.1159579052336575,
      0.08908569200290255,
      0.19539952696901244,
      0.19121207207941177,
      0.18460300082519973,
      0.20625024712957613,
      0.15710532477546887,
      0.08298896048131234,
      0.2363009138735124,
      0.13480226057749006,
      0.2733802909474859,
      0.22251819829834088,
      0.12266040550659932,
      0.13458831365818033,
      0.13454263278507073,
      0.07727178414874597,
      0.09438817938809499,
      0.09148835341675031,
      0.11250893853659434,
      0.12689618463472505,
      0.19959896420542064,
      0.20442200416025938,
      0.22915460560660372,
      0.22312908598411485,
      0.28419818095476357,
      0.3510125238675988,
      0.22783506454094946,
      0.17660072970024546,
      0.18606769662258893,
      0.14201263990992383,
      0.11391059958804134,
      0.2177147159760885,
      0.3158992832547526,
      0.28374450594630657,
      0.33625163038870864,
      0.1931656163412505,
      0.2349729449437685,
      0.3435984074279294,
      0.3288814573030816,
      0.22581169661962086,
      0.3596364098326489
   ]
}