{
   "0.95": [
      0.6811818898515483,
      0.5826849061453853,
      0.09973875032430077,
      0.34271503592718894,
      0.11322458938801269,
      0.001401696549111326,
      0.0,
      0.026638966291789155,
      0.0031187589305597114,
      0.6360450956273457,
      0.282890457134722,
      0.37813274799571966,
      0.33320415269512543,
      0.4632238990404374,
      0.4567369915752514,
      0.5240214333598726,
      0.6836403326050935,
      0.7925363583287794,
      0.5349413430364424,
      0.4857878187326583,
      0.405931227185226,
      0.4624059575562273,
      0.37483888283538674,
      0.34425678646523483,
      0.3571146123321919,
      0.3625709079999126,
      0.34333819688981587,
      0.3326208324823663,
      0.46913952449344587,
      0.5106425465884896,
      0.5769938716620664,
      0.6773410341641709,
      0.7910882775668746,
      0.913449680029896,
      0.5966533243836339,
      0.6786170902879943,
      0.616829961135057,
      0.560830391978719,
      0.3941459395435864,
      0.9005655679106084,
      0.8044089978686026,
      0.30991392763790143,
      0.08222089388598769,
      0.0,
      0.5128632497083792,
      0.7787886846969989,
      0.7072246236347366,
      0.5313758286895691
   ],
   "0.9": [
      0.6168916440470394,
      0.5393799575728426,
      0.0661996818623658,
      0.18176468297442883,
      0.0,
      0.0,
      0.0,
      0.0,
      0.0019375779165959012,
      0.5660545537638513,
      0.2228984813606773,
      0.33600558248944995,
      0.2951645300855223,
      0.3331885897507125,
      0.38736581210820625,
      0.3842901897399407,
      0.6387814595197654,
      0.7410986688705443,
      0.484543585140468,
      0.41340409040311127,
      0.3462591439722262,
      0.4346379446736682,
      0.3212071108264701,
      0.28465769780177874,
      0.24815125124367723,
      0.23502002478344292,
      0.29117180276740345,
      0.2739649822004961,
      0.42794412887886757,
      0.45392455640476015,
      0.546236127046534,
      0.6255204341661498,
      0.7280548538908818,
      0.8144254979731964,
      0.4175738277171381,
      0.4979071260869313,
      0.4577829250075042,
      0.3307524611521742,
      0.37088465581996066,
      0.8480686902943967,
      0.6326060728177204,
      0.13507725464870002,
      0.0,
      0.0,
      0.4606336288185446,
      0.5864181340577966,
      0.5917470260537089,
      0.44442604351159487
   ],
   "0.75": [
      0.38671329899035206,
      0.38140368103386774,
      0.004482520425725721,
      0.007568308440127842,
      0.0,
      0.0,
      0.0,
      0.0,
      0.0,
      0.42174690716171914,
      0.0,
      0.05721963749069222,
      0.12288978985532623,
      0.16353446244839345,
      0.1505410667118226,
      0.34941174770418637,
      0.3770534956164841,
      0.6227516216965482,
      0.3631516335863412,
      0.19696292881241909,
      0.25140713658967256,
      0.2263157444664581,
      0.15458245195983739,
      0.12638339590355208,
      0.14067842533588312,
      0.12912294296430377,
      0.1381039636770348,
      0.21753513152564186,
      0.20958235082252513,
      0.32543213614103145,
      0.32843790417902613,
      0.44502197669937593,
      0.42981238655176884,
      0.25788769556539454,
      0.21174823786194116,
      0.3016849246292049,
      0.08511511760497728,
      0.26470200762195534,
      0.29172558923601266,
      0.4574230381007422,
      0.060161862320171955,
      0.0,
      0.0,
      0.0,
      0.1855673612104097,
      0.4406778780433109,
      0.1874576515867681,
      0.3201673274352757
   ]
}