{
  "0.95": 0.541991341991342,
  "0.9": 0.48398268398268396,
  "0.75": 0.33766233766233766
}