{
   "0.95": [
      1.0778755611616895,
      0.6979324010991527,
      0.7898342737814176,
      0.6954669558117377,
      0.5522641029980289,
      0.5095495159476979,
      0.4374797699802851,
      0.5806537448121434,
      0.5042490377830127,
      0.7740344795101982,
      0.4592493125858689,
      0.575038812252167,
      0.5652389488251397,
      0.5191828037779229,
      0.5541912588357385,
      0.5240784470696557,
      0.5863990204021043,
      0.6088639747666799,
      0.46257990708610963,
      0.5973867525568342,
      0.5531258557128669,
      0.49542706611464193,
      0.5127562059508332,
      0.5673191553141664,
      0.565199227526415,
      0.7888586010652547,
      0.4865377508065686,
      0.5309516954590582,
      0.5101963499211323,
      0.4612471135237501,
      0.47622219342216243,
      0.4422126885234644,
      0.3974468281342246,
      0.4390107529525848,
      0.5112270330743603,
      0.6257690545299286,
      0.6854028251540007,
      0.7414746533546579,
      0.8038260304967924,
      0.9973309970594947,
      0.6464201136647468,
      0.8272344369925915,
      0.7680761302266023,
      0.7934440402784723,
      0.8007038081440812,
      0.6645288255278513,
      0.6884785819710112,
      0.7632383085455253
   ],
   "0.9": [
      0.31007479113004666,
      0.32800768389973545,
      0.39944723388499315,
      0.40698479378181085,
      0.3686615449838068,
      0.3421934626501869,
      0.2381113201403408,
      0.2682564813482451,
      0.3355623794376002,
      0.25452331858011573,
      0.2696409142431846,
      0.3123781765050158,
      0.3701587701994747,
      0.41016706351121457,
      0.40649434234619863,
      0.41225334136043795,
      0.4717610782460776,
      0.4912188704841906,
      0.3399882639907451,
      0.46307805242424493,
      0.3461962278590942,
      0.3676537328312715,
      0.4122363322523651,
      0.3874889266165654,
      0.4055305144998712,
      0.44832777449017963,
      0.3385266055595289,
      0.3646671614638679,
      0.34841008832607834,
      0.3374813906060858,
      0.3832037644448087,
      0.32644177560099596,
      0.28373258452336947,
      0.29141989357536185,
      0.33722252754173077,
      0.3910535021703594,
      0.5060637684399202,
      0.5651555481249677,
      0.5713365116227144,
      0.6161055845806611,
      0.4392083585865688,
      0.5252186476200276,
      0.43868312337900806,
      0.4833194580774985,
      0.5178312876683907,
      0.4671744192083988,
      0.4816226107450549,
      0.5330296631101767
   ],
   "0.75": [
      0.0876316503066123,
      0.09046360582054246,
      0.11491442175736925,
      0.08703662920730741,
      0.12382123270682359,
      0.1318253362363758,
      0.08653007113668056,
      0.07431082579616911,
      0.1187927124242351,
      0.09429427452841217,
      0.12783591515004272,
      0.14531166642994456,
      0.18377519370459466,
      0.21397233994465395,
      0.21864228480455636,
      0.24690781504343925,
      0.26985917084629574,
      0.2767646880875629,
      0.17582908143238246,
      0.1939619649858582,
      0.15397905660991434,
      0.1709141487865092,
      0.21809380719057048,
      0.2048390837572339,
      0.2362543184035398,
      0.24741297012368432,
      0.1336905579441979,
      0.174137660148079,
      0.1613823673229714,
      0.16698724093211284,
      0.18722740067563595,
      0.1646477579215209,
      0.15587507431304334,
      0.1415064688672442,
      0.14741206899001133,
      0.1910746328454989,
      0.2094159881635372,
      0.18091241876932337,
      0.21736978279591446,
      0.13782381650519102,
      0.1913854725428309,
      0.27640628779106347,
      0.25525401871060144,
      0.2449020140696851,
      0.2462115876194633,
      0.1889753985763401,
      0.2545134170368857,
      0.26264919615200105
   ]
}