{
   "0.95": [
      0.9302325581395349,
      0.9302325581395349,
      0.9069767441860465,
      0.8604651162790697,
      0.8837209302325582,
      0.9069767441860465,
      0.8372093023255814,
      0.8604651162790697,
      0.8837209302325582,
      0.9534883720930233,
      0.8604651162790697,
      0.8604651162790697,
      0.8837209302325582,
      0.9302325581395349,
      0.8837209302325582,
      0.813953488372093,
      0.9069767441860465,
      0.8372093023255814,
      0.8604651162790697,
      0.813953488372093,
      0.8604651162790697,
      0.813953488372093,
      0.813953488372093,
      0.9069767441860465,
      0.9047619047619048,
      0.7857142857142857,
      0.7857142857142857,
      0.7857142857142857,
      0.8571428571428571,
      0.7380952380952381,
      0.7142857142857143,
      0.7857142857142857,
      0.8333333333333334,
      0.7142857142857143,
      0.7857142857142857,
      0.8333333333333334,
      0.8333333333333334,
      0.8095238095238095,
      0.8809523809523809,
      0.9523809523809523,
      0.8604651162790697,
      0.8837209302325582,
      0.8604651162790697,
      0.8604651162790697,
      0.8333333333333334,
      0.8095238095238095,
      0.6744186046511628,
      0.7906976744186046
   ],
   "0.9": [
      0.7906976744186046,
      0.7209302325581395,
      0.8372093023255814,
      0.813953488372093,
      0.7906976744186046,
      0.8604651162790697,
      0.7441860465116279,
      0.7209302325581395,
      0.6976744186046512,
      0.6511627906976745,
      0.627906976744186,
      0.7441860465116279,
      0.7906976744186046,
      0.7674418604651163,
      0.7906976744186046,
      0.5581395348837209,
      0.8372093023255814,
      0.813953488372093,
      0.7209302325581395,
      0.6511627906976745,
      0.813953488372093,
      0.6511627906976745,
      0.7906976744186046,
      0.7906976744186046,
      0.8333333333333334,
      0.7380952380952381,
      0.7619047619047619,
      0.5952380952380952,
      0.7142857142857143,
      0.6904761904761905,
      0.5714285714285714,
      0.6666666666666666,
      0.7142857142857143,
      0.6904761904761905,
      0.6428571428571429,
      0.7857142857142857,
      0.7857142857142857,
      0.8095238095238095,
      0.7857142857142857,
      0.8333333333333334,
      0.7441860465116279,
      0.813953488372093,
      0.7209302325581395,
      0.6744186046511628,
      0.6666666666666666,
      0.7142857142857143,
      0.627906976744186,
      0.6046511627906976
   ],
   "0.75": [
      0.3023255813953488,
      0.2558139534883721,
      0.3488372093023256,
      0.11627906976744186,
      0.20930232558139536,
      0.5348837209302325,
      0.09302325581395349,
      0.23255813953488372,
      0.3023255813953488,
      0.20930232558139536,
      0.3488372093023256,
      0.3488372093023256,
      0.3023255813953488,
      0.37209302325581395,
      0.2558139534883721,
      0.13953488372093023,
      0.2558139534883721,
      0.4186046511627907,
      0.4186046511627907,
      0.27906976744186046,
      0.2558139534883721,
      0.2558139534883721,
      0.32558139534883723,
      0.3488372093023256,
      0.38095238095238093,
      0.2619047619047619,
      0.2857142857142857,
      0.3333333333333333,
      0.2857142857142857,
      0.2619047619047619,
      0.30952380952380953,
      0.35714285714285715,
      0.35714285714285715,
      0.3333333333333333,
      0.2857142857142857,
      0.5,
      0.5476190476190477,
      0.47619047619047616,
      0.38095238095238093,
      0.42857142857142855,
      0.4186046511627907,
      0.5116279069767442,
      0.46511627906976744,
      0.5116279069767442,
      0.42857142857142855,
      0.3333333333333333,
      0.46511627906976744,
      0.46511627906976744
   ]
}