{
   "0.95": [
      0.8306819379848354,
      0.6863097727658387,
      0.7102975250274736,
      0.592589594496147,
      0.5785226915170825,
      0.7489578486810157,
      0.4337237104500457,
      0.45378779240910566,
      0.5586639245022346,
      0.6594227252511449,
      0.48759199352916405,
      0.6225363760877723,
      0.560511113331572,
      0.5596549295677077,
      0.5020211674566131,
      0.34541199334394385,
      0.5372785612664962,
      0.5296109245115761,
      0.46069523366427395,
      0.4186027519515525,
      0.5948421034787902,
      0.6979325892287574,
      0.596972953781049,
      0.630270401180887,
      0.7469279830031651,
      0.6406900907670975,
      0.569326741523022,
      0.610631027072016,
      0.586950197029683,
      0.5491091532540595,
      0.5429248155728461,
      0.6044080458657161,
      0.5719764982623514,
      0.585053626755792,
      0.596188385043755,
      0.7039306352996555,
      0.7423762251761933,
      0.746058394246964,
      0.7741469415462969,
      0.9623904390512259,
      0.639950363418789,
      0.8178816433826982,
      0.78162807820768,
      0.8353104633473651,
      0.8623536297600534,
      0.6965923686520168,
      0.6657466320584061,
      0.746197410467977
   ],
   "0.9": [
      0.3175155106759521,
      0.32550158526381096,
      0.3769018889036387,
      0.3851141474724559,
      0.35691647087417966,
      0.34943366145748816,
      0.2526174172465629,
      0.2613963498594665,
      0.31213557570129713,
      0.2720188054414873,
      0.22348232825700554,
      0.33914791333909483,
      0.34975653108421945,
      0.36797054039061117,
      0.29913228980683226,
      0.23597782719156393,
      0.3668406118549081,
      0.3191094238371401,
      0.28702555750793507,
      0.23591035800399207,
      0.39123229934938064,
      0.2930750681808471,
      0.42020260028426193,
      0.3905948474202939,
      0.4941312215723006,
      0.4704113334707326,
      0.3607854711707738,
      0.32693087342798643,
      0.3805988701766165,
      0.3790493954718284,
      0.36678301852918166,
      0.35758162319680037,
      0.33585816890464226,
      0.4322832862770267,
      0.3858898056597341,
      0.44748644663453346,
      0.51578711715354,
      0.5577000213666571,
      0.5166050560127976,
      0.6421894959931257,
      0.421104925511155,
      0.5178058148184297,
      0.45067104439053485,
      0.4879411227424652,
      0.5044737243233591,
      0.4858412024877022,
      0.49444009511315395,
      0.5330104377770514
   ],
   "0.75": [
      0.08048883313940071,
      0.08745293679287161,
      0.11401228168811048,
      0.077664117192815,
      0.10563062766015574,
      0.14141020349401945,
      0.08615422977055792,
      0.07957334877437196,
      0.10048856031116232,
      0.08812920902713665,
      0.08658784106701725,
      0.09093300984154816,
      0.11596285271607863,
      0.10520637364821947,
      0.1024555716835428,
      0.09130612760706579,
      0.09652205721668894,
      0.11425224618315034,
      0.0872882145690041,
      0.06859031811059903,
      0.09336480214739257,
      0.08057148493941106,
      0.08724557321663659,
      0.07807424875970571,
      0.08588145667179449,
      0.10271806104541373,
      0.08249633058327165,
      0.0807425711376998,
      0.08171508833726417,
      0.0975090463104569,
      0.13320026582994945,
      0.10502262552038101,
      0.1136291441416455,
      0.13830956574120598,
      0.10278172519604502,
      0.16264922147287797,
      0.20839490923162926,
      0.14397817323729162,
      0.13193914320236538,
      0.12777958595902533,
      0.17748312954083797,
      0.2680776474123707,
      0.2504421978624109,
      0.2405855391903117,
      0.24144716325352644,
      0.18452802274076943,
      0.28260737014463055,
      0.2860456572250945
   ]
}