{
  "0.95": 0.8597262952101662,
  "0.9": 0.7580645161290323,
  "0.75": 0.4335288367546432
}