{
   "0.95": [
      0.7209302325581395,
      0.4418604651162791,
      0.9302325581395349,
      0.9302325581395349,
      0.9069767441860465,
      0.8837209302325582,
      0.8372093023255814,
      0.8837209302325582,
      0.9302325581395349,
      0.9767441860465116,
      0.8837209302325582,
      0.9302325581395349,
      0.9767441860465116,
      0.9534883720930233,
      0.8837209302325582,
      0.8604651162790697,
      0.8604651162790697,
      0.9069767441860465,
      0.8604651162790697,
      1.0,
      0.8372093023255814,
      0.813953488372093,
      0.8604651162790697,
      0.9302325581395349,
      0.8333333333333334,
      0.9047619047619048,
      0.9047619047619048,
      0.8333333333333334,
      0.9285714285714286,
      0.8809523809523809,
      0.9047619047619048,
      0.7619047619047619,
      0.7619047619047619,
      0.7619047619047619,
      0.6666666666666666,
      0.6666666666666666,
      0.7380952380952381,
      0.8809523809523809,
      0.7619047619047619,
      0.9523809523809523,
      0.5813953488372093,
      0.9069767441860465,
      0.9534883720930233,
      0.9534883720930233,
      0.9285714285714286,
      0.9285714285714286,
      0.9302325581395349,
      0.9302325581395349
   ],
   "0.9": [
      0.5116279069767442,
      0.023255813953488372,
      0.7906976744186046,
      0.7906976744186046,
      0.8604651162790697,
      0.8372093023255814,
      0.7906976744186046,
      0.8372093023255814,
      0.8837209302325582,
      0.9534883720930233,
      0.813953488372093,
      0.8372093023255814,
      0.8837209302325582,
      0.9302325581395349,
      0.7209302325581395,
      0.813953488372093,
      0.7674418604651163,
      0.7906976744186046,
      0.7441860465116279,
      0.8837209302325582,
      0.627906976744186,
      0.6744186046511628,
      0.6744186046511628,
      0.8837209302325582,
      0.7380952380952381,
      0.8809523809523809,
      0.7857142857142857,
      0.7857142857142857,
      0.8333333333333334,
      0.7619047619047619,
      0.7380952380952381,
      0.6428571428571429,
      0.7142857142857143,
      0.6428571428571429,
      0.6190476190476191,
      0.5952380952380952,
      0.6666666666666666,
      0.7619047619047619,
      0.7142857142857143,
      0.8571428571428571,
      0.5116279069767442,
      0.8837209302325582,
      0.8372093023255814,
      0.813953488372093,
      0.8333333333333334,
      0.8095238095238095,
      0.813953488372093,
      0.813953488372093
   ],
   "0.75": [
      0.046511627906976744,
      0.0,
      0.2558139534883721,
      0.0,
      0.0,
      0.0,
      0.5348837209302325,
      0.7441860465116279,
      0.627906976744186,
      0.6511627906976745,
      0.5348837209302325,
      0.5116279069767442,
      0.7441860465116279,
      0.6976744186046512,
      0.627906976744186,
      0.5116279069767442,
      0.5813953488372093,
      0.5116279069767442,
      0.6046511627906976,
      0.5116279069767442,
      0.3023255813953488,
      0.4418604651162791,
      0.4418604651162791,
      0.5813953488372093,
      0.40476190476190477,
      0.4523809523809524,
      0.5238095238095238,
      0.47619047619047616,
      0.5238095238095238,
      0.38095238095238093,
      0.40476190476190477,
      0.5,
      0.5476190476190477,
      0.4523809523809524,
      0.4523809523809524,
      0.40476190476190477,
      0.47619047619047616,
      0.4523809523809524,
      0.5238095238095238,
      0.0,
      0.37209302325581395,
      0.6976744186046512,
      0.0,
      0.0,
      0.6904761904761905,
      0.5714285714285714,
      0.5581395348837209,
      0.4883720930232558
   ]
}