{
   "0.95": [
      0.8450794345435862,
      1.3140286752956105,
      1.1841882880916927,
      1.0762740715073262,
      1.1986416145378127,
      0.8425607590627691,
      0.8961158023410972,
      1.2894119435603457,
      0.8111567240430692,
      1.415104445855635,
      0.8180863098057727,
      1.2596033960722839,
      1.2992171516872595,
      1.1212918507451468,
      1.0310665232428342,
      0.9327913323080347,
      0.9518474504218821,
      1.0494865496817931,
      0.75925600902126,
      1.00396487205519,
      0.7840635215799103,
      0.8248698781028088,
      0.7682387497246306,
      0.8798100374548976,
      0.688085238670696,
      0.8572632652102083,
      0.746628061723529,
      0.7530694017818548,
      0.7252987500095899,
      0.7839212780806889,
      0.840716548498075,
      0.7341065005050222,
      0.8867597127162432,
      0.81087184356338,
      0.838497793586469,
      0.8862449036569784,
      0.9535823127175193,
      0.8097278660076102,
      0.9026720618001078,
      0.6528461203096703,
      1.0342801323866133,
      0.9227809055287142,
      0.7200375859292418,
      0.7068357638359428,
      0.5984749936982557,
      0.8270934961680065,
      0.7871940623336792,
      0.7918250979289122
   ],
   "0.9": [
      0.6584769673485067,
      0.8842551840631857,
      0.965451487964612,
      0.8175329527130013,
      0.9089971301118752,
      0.46796099829669446,
      0.8315085006409507,
      0.8827694524416361,
      0.6525916557034983,
      0.9217942131161334,
      0.5413986811380851,
      0.7754619573091714,
      1.0520614411453757,
      0.9637264624956241,
      0.8918394198527628,
      0.740098013393555,
      0.7097238260842568,
      0.8278574928924136,
      0.6104458205425072,
      0.6971522406796473,
      0.5075489958801906,
      0.577427151184868,
      0.5421575015433523,
      0.6379921496110802,
      0.5017323598833894,
      0.6618458798126823,
      0.5529662583182935,
      0.6093727405399715,
      0.6078345283423711,
      0.5647457971025686,
      0.6156380573416719,
      0.608776574804639,
      0.7117604155864469,
      0.7041497018818337,
      0.7439189176613502,
      0.7437611175253005,
      0.8298908287891514,
      0.6281692817523268,
      0.7459844169337206,
      0.3830580574414901,
      0.9515796686434651,
      0.7554144057125026,
      0.46735175295135023,
      0.5000048028046151,
      0.47035418986204286,
      0.6210409964593874,
      0.6533461930769199,
      0.6617563498399782
   ],
   "0.75": [
      0.3598220645847391,
      0.38532971094111157,
      0.6382304955383434,
      0.4120614782503938,
      0.17133938414542774,
      0.0,
      0.674607672136781,
      0.39653663516962934,
      0.43038216192822004,
      0.4254570973852243,
      0.2948635511034952,
      0.35846615398319576,
      0.6306527331439966,
      0.6456892839057342,
      0.5776194098899102,
      0.4865053052114535,
      0.469604215027058,
      0.4590145306408041,
      0.3394096097336854,
      0.2949678144886264,
      0.2174315181454087,
      0.250268630204043,
      0.2854986341608983,
      0.2756390157502296,
      0.23772200619981695,
      0.27135145018124646,
      0.23072065429110022,
      0.2975579669477929,
      0.27968572829316274,
      0.23038284222398175,
      0.22943180286754705,
      0.32884640726436687,
      0.44969731978621785,
      0.4685208271314543,
      0.5411734960113358,
      0.49541676932015233,
      0.5976108912381292,
      0.41066582978243493,
      0.49308788863498315,
      0.08937592221617853,
      0.6022402536310951,
      0.42553362631127545,
      0.24372299667569022,
      0.18047381956659023,
      0.29137639257799847,
      0.37029794574604097,
      0.4028174784281134,
      0.38103650166038033
   ]
}