{
   "0.95": [
      1.117427810974069,
      1.22858078043463,
      1.124313059634413,
      1.1087867338705153,
      0.9361571050966201,
      1.483214306341765,
      1.1629475156839106,
      0.8147908531596014,
      0.8404877356685604,
      0.6870361317943805,
      0.6362164828974175,
      0.6665172821350944,
      0.48960976761542696,
      0.5861811653201249,
      0.5200596424562173,
      0.6884061187831203,
      0.5813002632966903,
      0.6592380835109151,
      0.8141575169998739,
      0.730276037083047,
      0.7479614657005766,
      0.6045260751883789,
      0.700819127622196,
      0.6699892427893828,
      0.635236342275612,
      0.7052210753418231,
      0.5183192377496031,
      0.5650982079417511,
      0.6339377147679908,
      0.5873900028656943,
      0.5718258040654302,
      0.7362806403644531,
      0.6037738566483501,
      0.49999044457991826,
      0.9426579676654492,
      0.8475015219397963,
      1.1101431838322815,
      0.9258390315569711,
      0.883577687437397,
      1.8181130657581481,
      1.2527202001076925,
      2.1926465783002382,
      1.8032755129021152,
      2.0800482185295786,
      2.1898391077503656,
      1.9030714521283398,
      2.4481441022369266,
      2.1817343776108085
   ],
   "0.9": [
      0.48558055859712096,
      0.48314015629047485,
      0.49114246231764835,
      0.39552248643341875,
      0.44087209868270627,
      0.5652042359932912,
      0.5893077396989339,
      0.6112540534319173,
      0.39230130300263755,
      0.32787737536132444,
      0.4180738491597943,
      0.5471219818192036,
      0.3653103842632216,
      0.46798742242285596,
      0.3926717871281412,
      0.47727332442703485,
      0.439850995435878,
      0.5294799040316829,
      0.4661636952009835,
      0.6363391225283008,
      0.5832971937326141,
      0.42715997851812115,
      0.5713718360544408,
      0.47105246570311093,
      0.531426090834472,
      0.5474784888236007,
      0.4089627206760565,
      0.44143003995565183,
      0.496669242540814,
      0.4954270750786289,
      0.4737955110747764,
      0.5204006642017611,
      0.50399035716302,
      0.3961921276808495,
      0.7315066032958836,
      0.6722009945841241,
      0.8355270443495105,
      0.8354379645258803,
      0.7093888731965505,
      1.3438162022164664,
      0.9688194407751134,
      1.8812621111619565,
      1.3427280884302046,
      1.3551863670701978,
      1.6264213999399515,
      1.548006705360793,
      2.0409539935626344,
      1.7937578689532865
   ],
   "0.75": [
      0.20460129167590074,
      0.21866939551150963,
      0.2029966341579179,
      0.12587202376958453,
      0.16874477785589986,
      0.2592205919092978,
      0.2991061558992817,
      0.39069584342747676,
      0.17780634383876093,
      0.1563935064198766,
      0.192267006843782,
      0.2645147428227975,
      0.22154106708783158,
      0.2897041063810244,
      0.21021602934095532,
      0.2418290398837006,
      0.24140587709098088,
      0.29430998260617436,
      0.26267407822753214,
      0.26396826770004955,
      0.2558969867293164,
      0.17418994890163844,
      0.2432799410029254,
      0.21410543931152812,
      0.2911824268252938,
      0.3064888977764773,
      0.2287925031641524,
      0.28232263232474264,
      0.2831895351368074,
      0.3322778316667734,
      0.2858113310683216,
      0.3271217233051733,
      0.24401078606589427,
      0.2261136805978911,
      0.4316963950515197,
      0.37324846655895294,
      0.46729895796476345,
      0.42049612009767756,
      0.36856791752514945,
      0.6967110104799789,
      0.5486938757652898,
      1.0137407919332737,
      0.7803500003613724,
      0.722884381797454,
      0.7887860272982136,
      0.8633317028042712,
      1.174173510966583,
      1.0901780553046465
   ]
}