{
  "0.95": 0.8455522971652004,
  "0.9": 0.7326490713587488,
  "0.75": 0.3396871945259042
}