{
  "0.95": 0.8435972629521017,
  "0.9": 0.7658846529814272,
  "0.75": 0.5078201368523949
}