{
  "0.95": 0.8387096774193549,
  "0.9": 0.6964809384164223,
  "0.75": 0.364613880742913
}