{
  "0.95": 0.8998044965786901,
  "0.9": 0.7869012707722385,
  "0.75": 0.41886608015640275
}