{
  "0.95": 0.8040078201368523,
  "0.9": 0.6906158357771262,
  "0.75": 0.426197458455523
}