{
   "0.95": [
      1.134791811836716,
      1.3320486304038728,
      1.1715334315519497,
      1.1399064939634262,
      0.8883054010741779,
      1.339283687768963,
      1.1305641536018423,
      0.9269020672625833,
      0.8730351845308917,
      0.7866119863142208,
      0.7224956649529672,
      0.8048594044231778,
      0.6103548487245903,
      0.6871639229626545,
      0.6271417946629454,
      0.7307466531692167,
      0.7796228810892456,
      0.8694107590881225,
      0.8748569533566298,
      0.9059698989583982,
      0.8907112560154495,
      0.7040548420191259,
      0.816395858594463,
      0.7627648340538018,
      0.7676522573843164,
      0.9003634675065976,
      0.6726326438496061,
      0.7772075939529666,
      0.7666409435244091,
      0.7945383827370793,
      0.7743038612909944,
      0.8973892268583468,
      0.7350609929449169,
      0.6266372959425591,
      1.3561874488562105,
      1.0197070758870685,
      1.240322033100289,
      1.093796245180253,
      1.11749539549768,
      1.8543404938117058,
      1.323204756284149,
      2.449888894108641,
      1.863907618515465,
      2.1562368577706117,
      2.2525224966988127,
      2.0660201434387924,
      2.492150343987201,
      2.191478446022935
   ],
   "0.9": [
      0.5361239693312684,
      0.5608339253985436,
      0.4777425902327029,
      0.4180358399884321,
      0.47177236320531574,
      0.5934551345906767,
      0.5963506298290857,
      0.6965376451542983,
      0.4600705902951903,
      0.42159083529365327,
      0.48598029249557406,
      0.584805583965473,
      0.43393670438839316,
      0.510999010695912,
      0.4489939020728682,
      0.5619899447114937,
      0.49923747052017003,
      0.6071762873437866,
      0.5821364154961084,
      0.7009159331693884,
      0.6432297958273047,
      0.48122366995839216,
      0.5889440549911134,
      0.5055872510911107,
      0.5371525916859602,
      0.6177240137169655,
      0.47641562341858396,
      0.5067444901848229,
      0.5747589400050165,
      0.5653574109246831,
      0.5517888589034753,
      0.6065846673950123,
      0.5177151051176659,
      0.47313634407769745,
      0.9008319643524547,
      0.7629167957819651,
      0.942138422575808,
      0.9204356232581015,
      0.7510119518506867,
      1.3195394031400363,
      0.9655335584702165,
      1.8286828837346905,
      1.357533723821483,
      1.3683271726760255,
      1.6908368107026437,
      1.5483447524646283,
      2.0563939086403735,
      1.7845749267737643
   ],
   "0.75": [
      0.22356903697353228,
      0.22659835763864467,
      0.19859396407445698,
      0.15982146920247214,
      0.18909850921870142,
      0.25227972093741263,
      0.2880208823018117,
      0.37270833068138265,
      0.19543873145979315,
      0.16931726737632893,
      0.21277571963232886,
      0.2606657819335759,
      0.20220808103760612,
      0.2823216752108765,
      0.23126683180086477,
      0.28049593446134674,
      0.26276718478892996,
      0.31205034978678053,
      0.27888782549087,
      0.3165857387050302,
      0.2959008354387916,
      0.22781297750533294,
      0.273592076696576,
      0.2407419762768065,
      0.31009434203637876,
      0.315774600326143,
      0.2508208142928414,
      0.288499151753404,
      0.31480015314008863,
      0.3415962947778764,
      0.3069416740764883,
      0.3404982851514137,
      0.2699947588126512,
      0.24807090570699591,
      0.4636536239642658,
      0.3734314200516281,
      0.467618756554441,
      0.4237210495781622,
      0.38152022341789416,
      0.73039077726062,
      0.5376144022979661,
      1.0045672608266079,
      0.7207739817665344,
      0.7305047783557543,
      0.7856673000325743,
      0.8595200425891586,
      1.2130202408224466,
      1.1236249691129647
   ]
}