{
   "0.95": [
      1.0413550719456908,
      2.191679819543174,
      2.312760124785857,
      1.7206722993527888,
      1.3506898999539,
      1.065176615317135,
      1.0103538374601913,
      1.2392518301093718,
      1.0305183010144516,
      1.3690123723195362,
      0.8766717975486222,
      1.3874774437895394,
      1.461475261356149,
      1.3416320092564238,
      1.2510004525107659,
      1.1380804384041554,
      1.1294578290210109,
      1.2047354723192079,
      0.9402361162292661,
      1.0689495816817658,
      0.8727465025680333,
      0.8967531302057696,
      0.8659068528224201,
      0.9799060309614154,
      0.8009412134485923,
      0.898761527988581,
      0.8623760209466027,
      0.8393145874378855,
      0.8344519156085655,
      0.8885454594839695,
      0.8946405868323524,
      0.8413531258172341,
      1.0544279221451316,
      0.9010580714238107,
      0.9046030776586096,
      1.022555970594376,
      1.0901447204933963,
      1.1579164228815633,
      1.0997968970542684,
      1.1019379092997073,
      1.1879633344954488,
      1.1613287013534677,
      0.8615880402576194,
      0.7703747723784877,
      0.8325129851666216,
      0.9252225665287682,
      0.8749232172443584,
      0.9375297426506565
   ],
   "0.9": [
      0.7435961252059189,
      1.425730180122671,
      1.7409189349234155,
      1.3186454979507556,
      1.024231792231055,
      0.7897827836779027,
      0.7653094511970966,
      0.9435197389537207,
      0.799000266668993,
      1.09031785706374,
      0.6448145686906417,
      0.9199869304369034,
      1.100808387564612,
      1.0599041115649412,
      0.9975450703277001,
      0.8910116061914609,
      0.8686965190479737,
      0.9206687070074685,
      0.7299321998164259,
      0.761069633547262,
      0.6127993512000719,
      0.6573919412039498,
      0.6537160779807465,
      0.68550294444836,
      0.5918093696703577,
      0.7239090275382711,
      0.6087695478773681,
      0.6733526625014423,
      0.6581810687017199,
      0.6487979569285955,
      0.6543195284982599,
      0.6812491540023901,
      0.7781874755088259,
      0.7440339310715469,
      0.7526512534625469,
      0.8100610725735773,
      0.8507188149606938,
      0.8751185519661369,
      0.849712235032433,
      0.7308617923300617,
      0.933377419623628,
      0.8469926570229016,
      0.5859504329227216,
      0.5089398084667804,
      0.6858136959680073,
      0.7625345858934319,
      0.7307699730369434,
      0.7155408355647995
   ],
   "0.75": [
      0.39455975718376624,
      0.5912043827349351,
      0.9308789863661082,
      0.7128447801446969,
      0.5099086064136626,
      0.3639304850319948,
      0.4246989743390899,
      0.4948990829307,
      0.43637992413756643,
      0.5319021021130392,
      0.31326925743419104,
      0.46071374682993904,
      0.5499282099820424,
      0.542325092867835,
      0.5367306488133122,
      0.4873750594878289,
      0.45936354058545376,
      0.47103097990336246,
      0.35754132212520806,
      0.35883329650185997,
      0.28428755645572246,
      0.3041634242955036,
      0.31124539074199975,
      0.32629284143068443,
      0.25845708889911145,
      0.3207978346641034,
      0.27497506303210334,
      0.3024149566979789,
      0.300710894881344,
      0.2816158788266788,
      0.2980680762854061,
      0.35146416616165094,
      0.43801983110246134,
      0.443091260082681,
      0.43063311795687,
      0.45179865186907076,
      0.5228394721314632,
      0.44772911732484444,
      0.4473125863409749,
      0.3447884147557382,
      0.5197952764630217,
      0.43445986828452277,
      0.25822783652893294,
      0.18630681668330512,
      0.42372384386807255,
      0.5157629879571661,
      0.4845205242205479,
      0.4052581729647622
   ]
}