{
  "0.95": 0.8890518084066471,
  "0.9": 0.7570869990224829,
  "0.75": 0.4144672531769306
}