{
   "0.95": [
      0.8221669114948117,
      0.7755612411755246,
      0.721498065423611,
      0.7521421378791874,
      0.7712588059515891,
      0.7750040426670229,
      0.6544536960888789,
      0.6131585977996103,
      0.6703686489475159,
      0.7413038971836423,
      0.6123838401015985,
      0.6463886193782294,
      0.6763176294615063,
      0.650448349213445,
      0.5627111075549734,
      0.5393567850794931,
      0.6087810974401031,
      0.6002119003028151,
      0.6166003923596763,
      0.597695833337411,
      0.639000681368348,
      0.7267059879543987,
      0.7429543906391564,
      0.7369762901073054,
      0.8370508712188655,
      0.796807250781954,
      0.7130606860254687,
      0.7215250963643925,
      0.8127493272228333,
      0.7913566934012242,
      0.8687181321370285,
      0.797368009970353,
      0.7502944205202661,
      0.9490636824545826,
      0.86441740366351,
      0.9064696430880728,
      0.982354457406953,
      1.0047188821904491,
      1.1374030426496502,
      1.1082875885711299,
      0.8952826821725093,
      1.0349411897964425,
      1.1368917051152467,
      1.2326775170191044,
      1.142679934270459,
      1.001827156605273,
      0.9910487037091669,
      1.0146089383366852
   ],
   "0.9": [
      0.4232995199285966,
      0.38689268732919274,
      0.43350038598991575,
      0.411894576238249,
      0.39320733529408436,
      0.4491200643608301,
      0.3294285312266966,
      0.38326310415370884,
      0.43020365781892106,
      0.4355211655312498,
      0.3833513948069513,
      0.44109807385314337,
      0.41357528830327933,
      0.45944952018407875,
      0.40124788203219564,
      0.32944291766632516,
      0.3799986031398326,
      0.3683792126426399,
      0.3826926230827357,
      0.35696340380649433,
      0.4631438706905609,
      0.41894762155045506,
      0.44116132774661326,
      0.43003944792386173,
      0.47435120483723703,
      0.5025332478779981,
      0.4565896636310112,
      0.4484579390120586,
      0.4980829295692448,
      0.48626210306510625,
      0.5295045939131963,
      0.506255624380863,
      0.4726388945387789,
      0.5913510362252469,
      0.5389435040046314,
      0.5826817621679582,
      0.6501516843654515,
      0.6647744129765002,
      0.6427614516052518,
      0.7276447302412411,
      0.5723959976598989,
      0.6578512488875997,
      0.5815433791870486,
      0.6518991657767467,
      0.7093783430772928,
      0.643960234134018,
      0.6534524973494481,
      0.6560362511477505
   ],
   "0.75": [
      0.1470316826071464,
      0.1297148676095565,
      0.17895308579308564,
      0.12808614734431809,
      0.14830237080051023,
      0.17945019010718063,
      0.13518487977567112,
      0.14248126486058177,
      0.17839511404932926,
      0.15629938659515488,
      0.17349574548267357,
      0.16112746448408694,
      0.17715069863881167,
      0.18058835914547552,
      0.17845204519063132,
      0.12807091343709084,
      0.1356820503173006,
      0.1334811130696438,
      0.16728078390379308,
      0.12800488208365776,
      0.14927678659140284,
      0.14123303783548966,
      0.13979061238656598,
      0.12422698653556467,
      0.12660641243078796,
      0.12741833041038939,
      0.1371298782281438,
      0.12688278169911127,
      0.12435287260574654,
      0.12517592441995473,
      0.16654379357881346,
      0.1415421808616448,
      0.16022636267404203,
      0.18006916151717986,
      0.15570008271386032,
      0.19033209362050535,
      0.22017234829826135,
      0.1883186577045736,
      0.19144934125758156,
      0.20827839935565703,
      0.20992724080364744,
      0.29134685400595595,
      0.25985075897509363,
      0.26216772775846053,
      0.2540303645985489,
      0.21151750986911874,
      0.2735547100996082,
      0.30686893650354236
   ]
}