{
  "0.95": 0.8572825024437928,
  "0.9": 0.738514173998045,
  "0.75": 0.48289345063538613
}