{
   "0.95": [
      1.0708289265806539,
      0.7822525461908885,
      0.811886776883001,
      0.767816868021995,
      0.7573092822929814,
      0.669392561748011,
      0.6457068991331161,
      0.6465314950297396,
      0.6535284785908584,
      0.7471743928729343,
      0.6270906845336275,
      0.6340473973223046,
      0.6296039764932143,
      0.6673769202849502,
      0.7595757415976311,
      0.6683705902200852,
      0.8028383225457559,
      0.8006049224603147,
      0.6658980390456881,
      0.7878811509135348,
      0.6626006845210034,
      0.6468149591546505,
      0.6906241927261008,
      0.7103282427625507,
      0.7205369194269601,
      0.8080442308849863,
      0.6964566242335049,
      0.6845454789947888,
      0.5926344964020707,
      0.6099698913714282,
      0.6713417221028373,
      0.7422656960816987,
      0.6679678368195262,
      0.737977039633958,
      0.7150314717535197,
      0.8356246494805496,
      0.9145293001203882,
      1.045369399579039,
      1.158194160881605,
      1.1140514294395507,
      0.8912063993273567,
      1.0571856233034265,
      1.1240127500818025,
      1.186004005946148,
      1.08740689455627,
      0.9236486761971956,
      0.96382571285593,
      0.9938107253004768
   ],
   "0.9": [
      0.4210004503725611,
      0.40319340035980644,
      0.4537522122343934,
      0.44514089606849705,
      0.3932316789331537,
      0.3986815778351558,
      0.3256530406185157,
      0.38942783446427937,
      0.42580746145761633,
      0.4280189549234574,
      0.3764752245386552,
      0.4201892795394297,
      0.47257334386679384,
      0.4820086561813932,
      0.49316423338139376,
      0.5040313876385528,
      0.5434289468939489,
      0.5650516204877104,
      0.42059769025912414,
      0.5034270574521577,
      0.4206921986437308,
      0.436336266565709,
      0.4727280119341674,
      0.4502147623806107,
      0.47213972262016146,
      0.48719552296117313,
      0.4182342285383391,
      0.4316828994829374,
      0.42117344375835086,
      0.4368928409318618,
      0.4700704389366486,
      0.4692999445185356,
      0.4450288103898055,
      0.46758961910802,
      0.48299537967534073,
      0.5369614409379476,
      0.6233200986632299,
      0.6766985109252609,
      0.6809056972687972,
      0.6948854862723554,
      0.5951465248642224,
      0.6589113314365,
      0.5788171816670418,
      0.6483450206548874,
      0.6918685674783122,
      0.5876811905108539,
      0.6281539988192455,
      0.629859824038883
   ],
   "0.75": [
      0.14842534564174711,
      0.13603255598106567,
      0.18608908599746887,
      0.13702420801949977,
      0.16624753265091077,
      0.17648644363112304,
      0.13075056209423863,
      0.1458198781386337,
      0.17452976619986124,
      0.1553023835094579,
      0.1742558513261032,
      0.19291121846397355,
      0.2149211594000854,
      0.254174777063682,
      0.2520751430978439,
      0.2816108033353598,
      0.27781934691052157,
      0.2948757821400176,
      0.21120972812365588,
      0.2447333732328851,
      0.20214712778010735,
      0.2093284512831611,
      0.22975666328878736,
      0.21571252155275994,
      0.22818812201695765,
      0.2607568365295485,
      0.18952812780330824,
      0.2091718624433208,
      0.20544129630858854,
      0.19305947319854747,
      0.21672777808650012,
      0.20153450847213986,
      0.2032958525499483,
      0.2142065513827708,
      0.21558806130238722,
      0.24687886510098062,
      0.24416186093928974,
      0.23369640216822335,
      0.25266748878673856,
      0.21869909839131974,
      0.2276739144373477,
      0.30133540011681487,
      0.26262748481242143,
      0.26684315708698764,
      0.2519054684941437,
      0.21645657528972861,
      0.2490108761865867,
      0.2768100641717517
   ]
}