{
   "0.95": [
      0.5298943990283581,
      0.6033857418353546,
      0.622614037379644,
      0.6346567598342298,
      0.5896292011594054,
      0.5885358833264412,
      0.641297183931245,
      0.6772575235663244,
      0.6883324519129859,
      0.6699340352649259,
      0.6629587391262909,
      0.6486175685622027,
      0.616933610779983,
      0.5740391193719316,
      0.5580063887284059,
      0.5536998459345338,
      0.5697975012580456,
      0.5529508265182053,
      0.5655643750074575,
      0.6100308566548736,
      0.6431061912395633,
      0.6778067407054733,
      0.6642678451439906,
      0.6707906217416509,
      0.6257855018739563,
      0.6583007454058077,
      0.6571230945349638,
      0.6723423548586113,
      0.7106016259441222,
      0.6784861739582316,
      0.6331618865928843,
      0.6167967982208288,
      0.6455983823948045,
      0.5986160201767711,
      0.5748802349191942,
      0.5694320079121783,
      0.5502272611904818,
      0.5894390717898229,
      0.6149676860819722,
      0.6365894535605704,
      0.6424795721300183,
      0.6713322897238082,
      0.6693428422153184,
      0.6728966233994833,
      0.7064484148390588,
      0.7171453125621031,
      0.6971784036058729,
      0.6823158660586871
   ],
   "0.9": [
      0.3990447372799847,
      0.4404881913669045,
      0.44840897339929076,
      0.469751063166904,
      0.4644912007311521,
      0.46731114700539345,
      0.5044488524258708,
      0.5355864775734207,
      0.5553526008926198,
      0.535600189611805,
      0.5232112224166744,
      0.5210042790792381,
      0.49853824137626,
      0.4635139535751671,
      0.4350958562792736,
      0.4411274188475194,
      0.43412470831736005,
      0.418943251475903,
      0.4351343715069852,
      0.47599134001490584,
      0.4987134289642829,
      0.5190057216632753,
      0.5331701640694609,
      0.5388245242840618,
      0.5072070440795009,
      0.5295635029951339,
      0.5329140361487039,
      0.548552387796331,
      0.5923911073805416,
      0.5506407061308597,
      0.49713322532350085,
      0.493089429650841,
      0.5132123827882032,
      0.47654975803286953,
      0.4267478619340472,
      0.40910192194809586,
      0.41870688109502496,
      0.4280409319516595,
      0.4470347914006259,
      0.46321544372058665,
      0.4790815043197066,
      0.49527530017651916,
      0.5155395095244988,
      0.5235734773727465,
      0.5344360841868411,
      0.5523600904382477,
      0.5403038807959428,
      0.5171326251918894
   ],
   "0.75": [
      0.16827753907117118,
      0.17045071533319275,
      0.17833967387761956,
      0.1843958210624463,
      0.1797507297723436,
      0.19829060614084917,
      0.20336058612579863,
      0.20661766627373956,
      0.20821324397433116,
      0.20878642684187707,
      0.23072521979887198,
      0.23840082117166878,
      0.21967261621674333,
      0.22526958516391274,
      0.2208666091595401,
      0.23429573135305826,
      0.23432114379252453,
      0.2202925877038545,
      0.2418303515216676,
      0.26110830612112385,
      0.2749534071679072,
      0.28268839790922584,
      0.31232072270470784,
      0.3116260857759744,
      0.2923840862998265,
      0.29168512587540446,
      0.29944515618343825,
      0.30068073665572775,
      0.2970964347611538,
      0.2948424687208595,
      0.2627994028006139,
      0.25866348780743986,
      0.2642576099122769,
      0.24486498709651858,
      0.1919308059028951,
      0.17758953527279087,
      0.18693026817227693,
      0.1853406915147004,
      0.19807788954130817,
      0.197764337961321,
      0.1981613815812146,
      0.20368407051330412,
      0.1963083681888433,
      0.20613554203414033,
      0.21715619538592879,
      0.22100195272191403,
      0.21567908253623477,
      0.2173407385597727
   ]
}