{
  "0.95": 0.9621127702250947,
  "0.9": 0.9420548250501448,
  "0.75": 0.5616224648985959
}