{
   "0.95": [
      0.7300386401358736,
      0.7730216963680481,
      0.7936278843995931,
      0.719893794940832,
      0.6618054762144036,
      0.6559900713818907,
      0.7089440327255503,
      0.7341700328760141,
      0.7293598780910642,
      0.7079141192590725,
      0.6985709967523178,
      0.6782019749688537,
      0.6519874913308018,
      0.6204792002772527,
      0.6343402657855738,
      0.6554977735356681,
      0.6984862612770845,
      0.6853907038068944,
      0.7342618160022636,
      0.704511778761706,
      0.7253594273931214,
      0.7435549847632397,
      0.7271551897673271,
      0.7198131438350464,
      0.6668015200765823,
      0.7243570411545592,
      0.7456431370949735,
      0.7337254243182978,
      0.7560098221287614,
      0.7470952240983992,
      0.7326467722881462,
      0.7066280584737067,
      0.6906171219350199,
      0.6318942610248177,
      0.6115830128849467,
      0.572480489670783,
      0.5369979298737697,
      0.5777849199492177,
      0.5798095273565669,
      0.6310313349729458,
      0.6552779440942144,
      0.7091877515159625,
      0.7224896407774023,
      0.7370724680051274,
      0.7848511980335179,
      0.7916771587721608,
      0.7742348627076721,
      0.7544903221566489
   ],
   "0.9": [
      0.5796060431809197,
      0.6161636395852704,
      0.6247856234026181,
      0.5785339905746344,
      0.5498643957619354,
      0.5422485375250626,
      0.5666780693509958,
      0.5881833842634024,
      0.5996128981589494,
      0.5719453357217701,
      0.5576356799326981,
      0.561755567351237,
      0.5374428033047891,
      0.5142049438189946,
      0.5014413270797657,
      0.5351675630174557,
      0.5401968240699275,
      0.5403585512337424,
      0.5607698794149223,
      0.544531339226949,
      0.5408352795647162,
      0.5653495770155129,
      0.5875310660123231,
      0.5808101471772266,
      0.553604855346655,
      0.5829329016546075,
      0.6218061930984898,
      0.6051268985761398,
      0.6578519265786518,
      0.6346973714390474,
      0.6089170250009003,
      0.5882435778834354,
      0.5652443650438015,
      0.5189572791219699,
      0.454774897328082,
      0.4116869404569411,
      0.42347411617561986,
      0.4284168583709603,
      0.4214461144198006,
      0.45114966088146224,
      0.47832405565217934,
      0.5178023859769945,
      0.564652364102752,
      0.5792764065008907,
      0.5925249235568946,
      0.6174258156048953,
      0.6028637008155274,
      0.5678038932522146
   ],
   "0.75": [
      0.27363837920866374,
      0.2463987198402046,
      0.2531739735704175,
      0.22887351800630518,
      0.21754029932648486,
      0.2361321286447637,
      0.2359815312237973,
      0.23667559359682272,
      0.2303623425911453,
      0.22766944912753137,
      0.25619962590399203,
      0.2691544760771319,
      0.25016445275410676,
      0.26533409918596845,
      0.2683934139927818,
      0.3043620385800857,
      0.317621740413831,
      0.2939350241829676,
      0.33323610604953496,
      0.3103461118054354,
      0.3333342971956805,
      0.3334256461150289,
      0.35471528018375903,
      0.3364040250652405,
      0.31191321810294326,
      0.33936452307444076,
      0.34913804236181517,
      0.3411520659772912,
      0.3287516482809686,
      0.3515204573771967,
      0.3165100844164129,
      0.33127473084411885,
      0.3068998049762764,
      0.2717469931513717,
      0.20802393983279388,
      0.17926682412195466,
      0.18554514099269703,
      0.18462813843668194,
      0.1904734541968149,
      0.19083112942615424,
      0.19783548083642516,
      0.21304996299612583,
      0.20329820656462033,
      0.22937848394887528,
      0.24536673528199107,
      0.2425743368265778,
      0.2465332086359269,
      0.2454813714916714
   ]
}