{
   "0.95": [
      0.5083992611693734,
      0.5036397942144744,
      0.514148448918091,
      0.5555583927875289,
      0.6041819190510408,
      0.5995531107872992,
      0.681513515183152,
      0.7660823251291806,
      0.5856588294612773,
      0.4804989909700043,
      0.45222906580704403,
      0.5095626165529514,
      0.6081930139846684,
      0.6278695284379814,
      0.6585526426955226,
      0.7561520391317318,
      0.7414845848580207,
      0.7914817446981206,
      0.8294320251525653,
      0.8146107539370915,
      0.7681337040318034,
      0.7452465084763007,
      0.755676822204967,
      0.7344162116304637,
      0.6746208447783667,
      0.7023491279090036,
      0.6893023196428539,
      0.6764936710757227,
      0.6911036261248793,
      0.636220678747809,
      0.5735983380278393,
      0.5905169471448972,
      0.6246529232823349,
      0.6377241108185955,
      0.5386711609288987,
      0.5654963547878814,
      0.6248682510457408,
      0.6910751562636233,
      0.6972127684561105,
      0.7530639574467826,
      0.7847741615081841,
      0.6728487029172151,
      0.753187810478476,
      0.7643569570284001,
      0.9340560065762046,
      1.0275908478229823,
      1.149490364638177,
      1.1467328575215392
   ],
   "0.9": [
      0.3416669356125232,
      0.3419073077711039,
      0.36077921352976544,
      0.39645257926907806,
      0.4460647351928839,
      0.4407773091814447,
      0.5159299924444225,
      0.5980696067341845,
      0.4505844769815414,
      0.3535361835220322,
      0.30213153884031835,
      0.3109585652126702,
      0.3530348825383592,
      0.4288095193081817,
      0.4420474897206229,
      0.5328744417330322,
      0.5702609248664624,
      0.6216765762400795,
      0.6726392214880241,
      0.663713021143536,
      0.6294151010757868,
      0.6133112377721142,
      0.6285073874914753,
      0.5990844308986972,
      0.5325647029208403,
      0.5521879764468377,
      0.5465744787249947,
      0.5476314749688098,
      0.5366523694252435,
      0.5063262916772838,
      0.4549937829209283,
      0.42958134470853654,
      0.4654313870990385,
      0.4482249352454248,
      0.39780985309091915,
      0.31194914704228416,
      0.4132288839219642,
      0.47736305500936715,
      0.448678133987954,
      0.41191764120888485,
      0.48210369458446434,
      0.4775615701402934,
      0.5680060145732233,
      0.5917052950835602,
      0.7131719612584326,
      0.7887449524757831,
      0.8782050297103606,
      0.8768886626108812
   ],
   "0.75": [
      0.16006611213361854,
      0.15951110848393674,
      0.1774166570355708,
      0.19849459050772575,
      0.2228099941588173,
      0.2298759695704247,
      0.2735732078417682,
      0.31828253268725937,
      0.23618070663519167,
      0.1802255663893297,
      0.14888064760272002,
      0.14962522432669487,
      0.16161592350526421,
      0.1765259074558887,
      0.19551288373486397,
      0.2360911095591883,
      0.28314202588903475,
      0.317982371824494,
      0.35007131361438126,
      0.3665850605526067,
      0.34111850608467803,
      0.33996153595799633,
      0.3473046873147774,
      0.33961083003848536,
      0.2943293651723135,
      0.30267471434336773,
      0.3131203863470278,
      0.32716078343823685,
      0.30047872796629094,
      0.2800705507895942,
      0.2546454270143596,
      0.2278040764314378,
      0.19433078860931122,
      0.18021433571480008,
      0.11764538339503344,
      0.09587763076769494,
      0.12038751329217902,
      0.13884244701536794,
      0.1500650884627228,
      0.1955383400499193,
      0.21056529042465688,
      0.22169950221427492,
      0.29075536023275217,
      0.30498087802881535,
      0.36848292140951,
      0.4048144976937046,
      0.44815989092732345,
      0.44502452693625466
   ]
}