{
   "0.95": [
      0.978494623655914,
      0.967741935483871,
      0.967741935483871,
      0.967741935483871,
      0.978494623655914,
      0.956989247311828,
      0.967741935483871,
      0.989247311827957,
      0.989247311827957,
      0.989247311827957,
      0.978494623655914,
      0.978494623655914,
      0.967741935483871,
      0.978494623655914,
      0.967741935483871,
      0.978494623655914,
      0.9680851063829787,
      0.968421052631579,
      0.9680851063829787,
      0.9574468085106383,
      0.9361702127659575,
      0.967391304347826,
      0.9456521739130435,
      0.967741935483871,
      0.9354838709677419,
      0.9361702127659575,
      0.9680851063829787,
      0.956989247311828,
      0.9468085106382979,
      0.9354838709677419,
      0.9247311827956989,
      0.946236559139785,
      0.9042553191489362,
      0.9042553191489362,
      0.9680851063829787,
      0.9574468085106383,
      0.9574468085106383,
      0.9680851063829787,
      0.9680851063829787,
      0.9680851063829787,
      0.9787234042553191,
      0.9787234042553191,
      0.9680851063829787,
      0.9680851063829787,
      0.9680851063829787,
      0.9680851063829787,
      0.9680851063829787,
      0.9574468085106383
   ],
   "0.9": [
      0.978494623655914,
      0.967741935483871,
      0.956989247311828,
      0.946236559139785,
      0.956989247311828,
      0.9354838709677419,
      0.946236559139785,
      0.956989247311828,
      0.989247311827957,
      0.989247311827957,
      0.978494623655914,
      0.967741935483871,
      0.946236559139785,
      0.9354838709677419,
      0.9139784946236559,
      0.9354838709677419,
      0.925531914893617,
      0.9368421052631579,
      0.9361702127659575,
      0.9148936170212766,
      0.9148936170212766,
      0.9565217391304348,
      0.9347826086956522,
      0.946236559139785,
      0.9139784946236559,
      0.925531914893617,
      0.9468085106382979,
      0.956989247311828,
      0.9361702127659575,
      0.9032258064516129,
      0.9032258064516129,
      0.9032258064516129,
      0.8829787234042553,
      0.8829787234042553,
      0.9148936170212766,
      0.9361702127659575,
      0.9468085106382979,
      0.9574468085106383,
      0.9361702127659575,
      0.9574468085106383,
      0.9680851063829787,
      0.9574468085106383,
      0.9574468085106383,
      0.9361702127659575,
      0.9680851063829787,
      0.9468085106382979,
      0.9574468085106383,
      0.9574468085106383
   ],
   "0.75": [
      0.6451612903225806,
      0.45161290322580644,
      0.41935483870967744,
      0.3548387096774194,
      0.3870967741935484,
      0.5053763440860215,
      0.46236559139784944,
      0.4731182795698925,
      0.46236559139784944,
      0.40860215053763443,
      0.5161290322580645,
      0.5591397849462365,
      0.3870967741935484,
      0.44086021505376344,
      0.44086021505376344,
      0.5483870967741935,
      0.6382978723404256,
      0.6,
      0.7340425531914894,
      0.7446808510638298,
      0.7978723404255319,
      0.8478260869565217,
      0.8369565217391305,
      0.8064516129032258,
      0.8172043010752689,
      0.7978723404255319,
      0.8191489361702128,
      0.8494623655913979,
      0.7872340425531915,
      0.8064516129032258,
      0.6881720430107527,
      0.7311827956989247,
      0.7446808510638298,
      0.6595744680851063,
      0.5212765957446809,
      0.4148936170212766,
      0.425531914893617,
      0.3191489361702128,
      0.2872340425531915,
      0.35106382978723405,
      0.43617021276595747,
      0.43617021276595747,
      0.2765957446808511,
      0.39361702127659576,
      0.5319148936170213,
      0.5212765957446809,
      0.5,
      0.3829787234042553
   ]
}