{
   "0.95": [
      0.989247311827957,
      0.989247311827957,
      0.978494623655914,
      0.978494623655914,
      0.978494623655914,
      0.978494623655914,
      0.978494623655914,
      0.978494623655914,
      0.978494623655914,
      0.989247311827957,
      0.967741935483871,
      0.989247311827957,
      0.978494623655914,
      0.989247311827957,
      1.0,
      1.0,
      0.9893617021276596,
      0.9789473684210527,
      0.9787234042553191,
      0.9574468085106383,
      0.9574468085106383,
      0.9782608695652174,
      0.967391304347826,
      0.967741935483871,
      0.967741935483871,
      0.9787234042553191,
      0.9787234042553191,
      0.978494623655914,
      0.9680851063829787,
      0.978494623655914,
      0.956989247311828,
      0.956989247311828,
      0.9574468085106383,
      0.9787234042553191,
      0.9787234042553191,
      0.9787234042553191,
      0.9680851063829787,
      0.9680851063829787,
      0.9787234042553191,
      0.9787234042553191,
      0.9787234042553191,
      0.9787234042553191,
      0.9680851063829787,
      0.9680851063829787,
      0.9680851063829787,
      0.9680851063829787,
      0.9680851063829787,
      0.9680851063829787
   ],
   "0.9": [
      0.956989247311828,
      0.967741935483871,
      0.946236559139785,
      0.9139784946236559,
      0.9032258064516129,
      0.946236559139785,
      0.967741935483871,
      0.978494623655914,
      0.967741935483871,
      0.989247311827957,
      0.967741935483871,
      0.978494623655914,
      0.978494623655914,
      0.978494623655914,
      0.978494623655914,
      0.967741935483871,
      0.9787234042553191,
      0.9789473684210527,
      0.9468085106382979,
      0.925531914893617,
      0.9361702127659575,
      0.9565217391304348,
      0.9347826086956522,
      0.956989247311828,
      0.967741935483871,
      0.9680851063829787,
      0.9787234042553191,
      0.978494623655914,
      0.9680851063829787,
      0.967741935483871,
      0.946236559139785,
      0.946236559139785,
      0.9574468085106383,
      0.9574468085106383,
      0.9468085106382979,
      0.9680851063829787,
      0.9574468085106383,
      0.9574468085106383,
      0.9468085106382979,
      0.9574468085106383,
      0.9680851063829787,
      0.9574468085106383,
      0.9574468085106383,
      0.9574468085106383,
      0.9680851063829787,
      0.9574468085106383,
      0.9680851063829787,
      0.9574468085106383
   ],
   "0.75": [
      0.6559139784946236,
      0.4946236559139785,
      0.40860215053763443,
      0.3225806451612903,
      0.3763440860215054,
      0.5806451612903226,
      0.5483870967741935,
      0.6021505376344086,
      0.5268817204301075,
      0.5483870967741935,
      0.6989247311827957,
      0.7741935483870968,
      0.5698924731182796,
      0.4731182795698925,
      0.5591397849462365,
      0.5591397849462365,
      0.6063829787234043,
      0.49473684210526314,
      0.43617021276595747,
      0.3829787234042553,
      0.46808510638297873,
      0.5869565217391305,
      0.5869565217391305,
      0.7419354838709677,
      0.7634408602150538,
      0.8723404255319149,
      0.8723404255319149,
      0.9032258064516129,
      0.8404255319148937,
      0.8602150537634409,
      0.7634408602150538,
      0.7419354838709677,
      0.851063829787234,
      0.776595744680851,
      0.5851063829787234,
      0.5106382978723404,
      0.46808510638297873,
      0.3191489361702128,
      0.40425531914893614,
      0.425531914893617,
      0.4787234042553192,
      0.40425531914893614,
      0.2872340425531915,
      0.3404255319148936,
      0.5,
      0.43617021276595747,
      0.4148936170212766,
      0.3404255319148936
   ]
}