{
   "0.95": [
      0.5391538287648995,
      0.6083939865110031,
      0.6291145108993019,
      0.6363459921056738,
      0.5914989949610876,
      0.588961774809176,
      0.6409995101775307,
      0.6763930869207009,
      0.6868167403677403,
      0.6647826091897313,
      0.6602269858235772,
      0.645700828097319,
      0.6161042353766228,
      0.6158439170454596,
      0.6057778900173463,
      0.6463043087596908,
      0.6710203489028997,
      0.6481364010426242,
      0.6259429608706012,
      0.6246849885772688,
      0.6477937958583779,
      0.688586895422714,
      0.70367174573031,
      0.6972848853287478,
      0.6640644087148682,
      0.6717460568336211,
      0.6727133856850417,
      0.6664517703538162,
      0.6485393325907237,
      0.6384142225188061,
      0.6482089220490909,
      0.6601323440386563,
      0.6644142917750167,
      0.6582536261275465,
      0.633757905777582,
      0.6117847413775571,
      0.6192984685410751,
      0.6448364572097302,
      0.6116056747214872,
      0.6226705416859114,
      0.6278494724893998,
      0.6614623490090087,
      0.6609966852077783,
      0.6660203588999791,
      0.700832850017231,
      0.7090711549305339,
      0.6897893860154288,
      0.6758220512068619
   ],
   "0.9": [
      0.40538300438570696,
      0.4459963855329666,
      0.4515095789313647,
      0.46947802381227227,
      0.46530415751255516,
      0.4673682181144436,
      0.5053004802028056,
      0.5355772715681655,
      0.5560285368419889,
      0.5335174587785654,
      0.5217370862643969,
      0.5214882136567831,
      0.5005091672510893,
      0.49035922409975624,
      0.4787342215471883,
      0.51278292908281,
      0.5260262238845136,
      0.4983969582734643,
      0.4730063165038038,
      0.4695751983573943,
      0.500523008480121,
      0.5396271830446538,
      0.5609470074060642,
      0.5528483570842393,
      0.5470892544040948,
      0.5596487671634848,
      0.5625489485887814,
      0.5533727436944008,
      0.5347723295361174,
      0.5126718547087857,
      0.5098939971128172,
      0.5205239224012723,
      0.5302390140349017,
      0.503816411266155,
      0.4656102947804966,
      0.4302137341152632,
      0.4506971253176564,
      0.4573754721887394,
      0.4493996781107067,
      0.4587899238266744,
      0.47339067387018036,
      0.4903587790094388,
      0.5091549226079596,
      0.5194340009984009,
      0.5307619110308383,
      0.5476089296525212,
      0.5383381269552616,
      0.5136865080506745
   ],
   "0.75": [
      0.1668351695799369,
      0.16733480308646106,
      0.17573042174905923,
      0.17967550371247656,
      0.17550661000566697,
      0.19409868266926822,
      0.19861304132144952,
      0.20001809372806914,
      0.20005335257988224,
      0.19951425861282412,
      0.22284091020107294,
      0.2343472643178487,
      0.208999209928662,
      0.20847949993940235,
      0.219930638078203,
      0.23013113375676128,
      0.22178266794080145,
      0.20056568796043445,
      0.19277015760106572,
      0.19917757324922206,
      0.21078875795513796,
      0.2177106492441931,
      0.21689440536409715,
      0.24274665824393957,
      0.2504884740883171,
      0.2927364145161251,
      0.32716976806743725,
      0.32567153824326445,
      0.2971829135864137,
      0.2729447282700692,
      0.2532707326092024,
      0.24143861968767014,
      0.2539969165756886,
      0.2476798844963843,
      0.20864810446546136,
      0.19216773089369033,
      0.18627067582270349,
      0.18400683018380679,
      0.19043065279082605,
      0.1914529701040252,
      0.1942230236357495,
      0.20193099691862734,
      0.19334440163503858,
      0.20492872432707102,
      0.2162608892980321,
      0.21855801986881762,
      0.21361788908367987,
      0.21307558134835744
   ]
}