{
   "0.95": [
      0.989247311827957,
      0.989247311827957,
      0.978494623655914,
      0.967741935483871,
      0.978494623655914,
      0.978494623655914,
      0.989247311827957,
      0.989247311827957,
      0.989247311827957,
      0.989247311827957,
      0.978494623655914,
      0.989247311827957,
      0.978494623655914,
      0.989247311827957,
      0.978494623655914,
      0.978494623655914,
      0.9574468085106383,
      0.9578947368421052,
      0.9468085106382979,
      0.9361702127659575,
      0.9574468085106383,
      0.9782608695652174,
      0.9565217391304348,
      0.956989247311828,
      0.946236559139785,
      0.9574468085106383,
      0.9574468085106383,
      0.956989247311828,
      0.9361702127659575,
      0.9032258064516129,
      0.9139784946236559,
      0.9354838709677419,
      0.925531914893617,
      0.9148936170212766,
      0.9680851063829787,
      0.9680851063829787,
      0.9680851063829787,
      0.9787234042553191,
      0.9787234042553191,
      0.9787234042553191,
      0.9787234042553191,
      0.9787234042553191,
      0.9680851063829787,
      0.9680851063829787,
      0.9680851063829787,
      0.9680851063829787,
      0.9680851063829787,
      0.9680851063829787
   ],
   "0.9": [
      0.956989247311828,
      0.967741935483871,
      0.956989247311828,
      0.946236559139785,
      0.9354838709677419,
      0.946236559139785,
      0.967741935483871,
      0.978494623655914,
      0.978494623655914,
      0.989247311827957,
      0.967741935483871,
      0.978494623655914,
      0.967741935483871,
      0.956989247311828,
      0.9032258064516129,
      0.9032258064516129,
      0.8829787234042553,
      0.8736842105263158,
      0.9042553191489362,
      0.8723404255319149,
      0.8723404255319149,
      0.9456521739130435,
      0.9239130434782609,
      0.9354838709677419,
      0.9247311827956989,
      0.925531914893617,
      0.9468085106382979,
      0.9354838709677419,
      0.9042553191489362,
      0.8817204301075269,
      0.8709677419354839,
      0.9032258064516129,
      0.8936170212765957,
      0.8936170212765957,
      0.9042553191489362,
      0.9361702127659575,
      0.9361702127659575,
      0.9468085106382979,
      0.9148936170212766,
      0.9574468085106383,
      0.9680851063829787,
      0.9680851063829787,
      0.9574468085106383,
      0.9680851063829787,
      0.9680851063829787,
      0.9680851063829787,
      0.9680851063829787,
      0.9680851063829787
   ],
   "0.75": [
      0.6129032258064516,
      0.46236559139784944,
      0.3870967741935484,
      0.3010752688172043,
      0.3655913978494624,
      0.5483870967741935,
      0.5161290322580645,
      0.5483870967741935,
      0.46236559139784944,
      0.40860215053763443,
      0.5698924731182796,
      0.6021505376344086,
      0.3763440860215054,
      0.40860215053763443,
      0.3655913978494624,
      0.40860215053763443,
      0.5106382978723404,
      0.5263157894736842,
      0.6276595744680851,
      0.6276595744680851,
      0.7021276595744681,
      0.7282608695652174,
      0.782608695652174,
      0.7741935483870968,
      0.7311827956989247,
      0.7553191489361702,
      0.7340425531914894,
      0.7204301075268817,
      0.6702127659574468,
      0.6666666666666666,
      0.6129032258064516,
      0.6236559139784946,
      0.648936170212766,
      0.7127659574468085,
      0.5,
      0.425531914893617,
      0.4787234042553192,
      0.26595744680851063,
      0.2872340425531915,
      0.35106382978723405,
      0.3723404255319149,
      0.3617021276595745,
      0.24468085106382978,
      0.2978723404255319,
      0.44680851063829785,
      0.39361702127659576,
      0.3404255319148936,
      0.2978723404255319
   ]
}