{
  "0.95": 0.9757075997325607,
  "0.9": 0.9596612435926009,
  "0.75": 0.5656340539335859
}