{
   "0.95": [
      0.010752688172043012,
      0.010752688172043012,
      0.010752688172043012,
      0.010752688172043012,
      0.010752688172043012,
      0.010752688172043012,
      0.010752688172043012,
      0.010752688172043012,
      0.010752688172043012,
      0.021505376344086023,
      0.6129032258064516,
      0.8494623655913979,
      0.946236559139785,
      0.946236559139785,
      0.9354838709677419,
      0.9354838709677419,
      0.8936170212765957,
      0.9052631578947369,
      0.9468085106382979,
      0.9468085106382979,
      0.9468085106382979,
      0.9565217391304348,
      0.9347826086956522,
      0.946236559139785,
      0.9247311827956989,
      0.9468085106382979,
      0.9574468085106383,
      0.946236559139785,
      0.9148936170212766,
      0.8709677419354839,
      0.8494623655913979,
      0.9032258064516129,
      0.8617021276595744,
      0.8829787234042553,
      0.8829787234042553,
      0.9042553191489362,
      0.9361702127659575,
      0.925531914893617,
      0.9042553191489362,
      0.7872340425531915,
      0.6063829787234043,
      0.0425531914893617,
      0.02127659574468085,
      0.010638297872340425,
      0.010638297872340425,
      0.010638297872340425,
      0.010638297872340425,
      0.010638297872340425
   ],
   "0.9": [
      0.010752688172043012,
      0.010752688172043012,
      0.010752688172043012,
      0.010752688172043012,
      0.010752688172043012,
      0.010752688172043012,
      0.010752688172043012,
      0.0,
      0.0,
      0.010752688172043012,
      0.021505376344086023,
      0.0967741935483871,
      0.6236559139784946,
      0.8817204301075269,
      0.8387096774193549,
      0.8817204301075269,
      0.851063829787234,
      0.8421052631578947,
      0.9042553191489362,
      0.9042553191489362,
      0.9042553191489362,
      0.9130434782608695,
      0.9130434782608695,
      0.9354838709677419,
      0.8817204301075269,
      0.8829787234042553,
      0.8936170212765957,
      0.8924731182795699,
      0.8723404255319149,
      0.8064516129032258,
      0.7526881720430108,
      0.7634408602150538,
      0.7872340425531915,
      0.8191489361702128,
      0.8085106382978723,
      0.7446808510638298,
      0.851063829787234,
      0.8723404255319149,
      0.6914893617021277,
      0.11702127659574468,
      0.07446808510638298,
      0.02127659574468085,
      0.010638297872340425,
      0.010638297872340425,
      0.010638297872340425,
      0.010638297872340425,
      0.010638297872340425,
      0.010638297872340425
   ],
   "0.75": [
      0.0,
      0.0,
      0.0,
      0.0,
      0.0,
      0.0,
      0.0,
      0.0,
      0.0,
      0.0,
      0.010752688172043012,
      0.021505376344086023,
      0.06451612903225806,
      0.08602150537634409,
      0.13978494623655913,
      0.21505376344086022,
      0.5531914893617021,
      0.7157894736842105,
      0.7446808510638298,
      0.7659574468085106,
      0.7021276595744681,
      0.7282608695652174,
      0.75,
      0.6021505376344086,
      0.6344086021505376,
      0.6595744680851063,
      0.7021276595744681,
      0.7204301075268817,
      0.6063829787234043,
      0.5698924731182796,
      0.5698924731182796,
      0.5268817204301075,
      0.5425531914893617,
      0.5212765957446809,
      0.40425531914893614,
      0.1276595744680851,
      0.10638297872340426,
      0.10638297872340426,
      0.0851063829787234,
      0.09574468085106383,
      0.031914893617021274,
      0.010638297872340425,
      0.010638297872340425,
      0.0,
      0.010638297872340425,
      0.010638297872340425,
      0.010638297872340425,
      0.010638297872340425
   ]
}