{
  "0.95": 0.9652328950300869,
  "0.9": 0.9358145754401604,
  "0.75": 0.5114776019612213
}