{
  "0.95": 0.5823490082460441,
  "0.9": 0.4833964787162915,
  "0.75": 0.2745709828393136
}