{
   "0.95": [
      0.4008741118956615,
      0.40695664985621505,
      0.5105508655989016,
      0.4934625394189808,
      0.40672455833464766,
      0.42290071891041603,
      0.3897175577904427,
      0.4415778836673036,
      0.4013032159741651,
      0.4199486840643804,
      0.5034896269245598,
      0.45719161967681005,
      0.4875127755367845,
      0.4542801418097335,
      0.4515658312831973,
      0.4178017574484891,
      0.43718622783133976,
      0.4828382520086764,
      0.43786145592128356,
      0.4955308130763925,
      0.4977001233678049,
      0.5825415428597596,
      0.5849112585217509,
      0.603313316684431,
      0.6142651695369313,
      0.6357761356885697,
      0.5710610018941281,
      0.5789330525422918,
      0.5595936310412393,
      0.6191260610880822,
      0.6153212935067264,
      0.5596032529654852,
      0.4798234214314024,
      0.45198236115198587,
      0.4370223914565384,
      0.4228435850637836,
      0.40143122485629634,
      0.4314242292632907,
      0.4175012708171634,
      0.4448701955717153,
      0.43306128522479853,
      0.39780721596296126,
      0.4471325238246209,
      0.45158461267962186,
      0.3852773808593033,
      0.3629369493362094,
      0.3924700967892131,
      0.35735061600258244
   ],
   "0.9": [
      0.27097388603886136,
      0.28354535874443987,
      0.32547376450052545,
      0.31964110876077995,
      0.2894299580254737,
      0.303121784986573,
      0.28085284589045534,
      0.31995748961399395,
      0.2900167991904783,
      0.29260775818617674,
      0.35320225474180766,
      0.32876231257145566,
      0.3527648688779719,
      0.31907660500393903,
      0.3370522350077913,
      0.3081923034638897,
      0.3324083486874636,
      0.35197288465192184,
      0.34437942452069503,
      0.3901760268910235,
      0.39905259620161443,
      0.420335393770836,
      0.4552785325970374,
      0.4534540979305369,
      0.4779446568841015,
      0.48732366232824,
      0.4720884628918331,
      0.40779677856839575,
      0.39669997020385916,
      0.48209913258878084,
      0.4743240605698809,
      0.4295990540397167,
      0.3822254906050948,
      0.35058703397899016,
      0.3381901832868785,
      0.32606611368448724,
      0.27876415712122904,
      0.31016064576457497,
      0.29773758299592173,
      0.30930132758509116,
      0.31013375629052753,
      0.2909394051760187,
      0.31234838074259,
      0.30687741097558474,
      0.2699390079821388,
      0.263108006565607,
      0.2895296338082941,
      0.2683216774259309
   ],
   "0.75": [
      0.12422890893904334,
      0.12701772240889198,
      0.13511632732444126,
      0.1511032951781434,
      0.13470958867431876,
      0.13926006873732452,
      0.124666713887847,
      0.14274561821116766,
      0.13094103973139268,
      0.13419872117971413,
      0.13982638958977292,
      0.15367406922293755,
      0.149762244167161,
      0.13718815562378525,
      0.15660037036656912,
      0.15453608284677048,
      0.1619313507197325,
      0.17123273620852314,
      0.19800569020427725,
      0.22067429869288802,
      0.22183504118172373,
      0.23291952767439544,
      0.25232783160672,
      0.24690277451510342,
      0.2496906713710707,
      0.23582646705684068,
      0.27727034023763675,
      0.21426956314622717,
      0.21084982383964407,
      0.2592534099235354,
      0.2475059142020428,
      0.2048846148752243,
      0.21604126506356716,
      0.19979905891904343,
      0.17454581165179983,
      0.14818256820225045,
      0.1464205775088087,
      0.154268893366815,
      0.14155483743449734,
      0.14653335296892311,
      0.14315725158871945,
      0.14148551002661566,
      0.14248158813179004,
      0.1445782426913146,
      0.1319124776508134,
      0.13427191130746524,
      0.1379572685403427,
      0.1359062878687645
   ]
}