{
  "0.95": 0.9095652173913044,
  "0.9": 0.8415652173913043,
  "0.75": 0.5725217391304348
}