{
   "0.95": [
      0.9166666666666666,
      0.9083333333333333,
      0.9491525423728814,
      0.9745762711864406,
      0.9067796610169492,
      0.9576271186440678,
      0.9322033898305084,
      0.923728813559322,
      0.923728813559322,
      0.9322033898305084,
      0.9322033898305084,
      0.9067796610169492,
      0.9152542372881356,
      0.9067796610169492,
      0.907563025210084,
      0.9411764705882353,
      0.9495798319327731,
      0.9243697478991597,
      0.9243697478991597,
      0.9411764705882353,
      0.9243697478991597,
      0.957983193277311,
      0.9416666666666667,
      0.9243697478991597,
      0.9243697478991597,
      0.940677966101695,
      0.923728813559322,
      0.9322033898305084,
      0.8898305084745762,
      0.9083333333333333,
      0.9256198347107438,
      0.8925619834710744,
      0.9,
      0.8512396694214877,
      0.8512396694214877,
      0.8842975206611571,
      0.8677685950413223,
      0.8842975206611571,
      0.859504132231405,
      0.8852459016393442,
      0.8934426229508197,
      0.860655737704918,
      0.9024390243902439,
      0.9105691056910569,
      0.8951612903225806,
      0.8699186991869918,
      0.8861788617886179,
      0.8770491803278688
   ],
   "0.9": [
      0.8166666666666667,
      0.8166666666666667,
      0.8813559322033898,
      0.8898305084745762,
      0.8305084745762712,
      0.8813559322033898,
      0.8389830508474576,
      0.8728813559322034,
      0.864406779661017,
      0.8305084745762712,
      0.8728813559322034,
      0.8559322033898306,
      0.8389830508474576,
      0.8389830508474576,
      0.8235294117647058,
      0.8823529411764706,
      0.8823529411764706,
      0.8487394957983193,
      0.8823529411764706,
      0.8571428571428571,
      0.8487394957983193,
      0.8907563025210085,
      0.8833333333333333,
      0.8235294117647058,
      0.8571428571428571,
      0.864406779661017,
      0.8305084745762712,
      0.8305084745762712,
      0.8050847457627118,
      0.8833333333333333,
      0.8347107438016529,
      0.8512396694214877,
      0.7916666666666666,
      0.7851239669421488,
      0.7851239669421488,
      0.7933884297520661,
      0.7355371900826446,
      0.768595041322314,
      0.7851239669421488,
      0.7950819672131147,
      0.7950819672131147,
      0.7622950819672131,
      0.8292682926829268,
      0.8780487804878049,
      0.8145161290322581,
      0.7886178861788617,
      0.8373983739837398,
      0.819672131147541
   ],
   "0.75": [
      0.5166666666666667,
      0.6083333333333333,
      0.6016949152542372,
      0.635593220338983,
      0.6016949152542372,
      0.6271186440677966,
      0.4830508474576271,
      0.6016949152542372,
      0.5,
      0.5084745762711864,
      0.5677966101694916,
      0.652542372881356,
      0.6186440677966102,
      0.6271186440677966,
      0.5798319327731093,
      0.5966386554621849,
      0.5882352941176471,
      0.6134453781512605,
      0.6386554621848739,
      0.6554621848739496,
      0.6050420168067226,
      0.6134453781512605,
      0.6166666666666667,
      0.6302521008403361,
      0.6386554621848739,
      0.559322033898305,
      0.6186440677966102,
      0.5932203389830508,
      0.6016949152542372,
      0.625,
      0.5867768595041323,
      0.6033057851239669,
      0.6083333333333333,
      0.5371900826446281,
      0.5371900826446281,
      0.512396694214876,
      0.5619834710743802,
      0.5785123966942148,
      0.5619834710743802,
      0.6311475409836066,
      0.6229508196721312,
      0.5327868852459017,
      0.5691056910569106,
      0.6178861788617886,
      0.6129032258064516,
      0.5853658536585366,
      0.6178861788617886,
      0.6229508196721312
   ]
}