{
   "0.95": [
      0.9083333333333333,
      0.9,
      0.9491525423728814,
      0.9745762711864406,
      0.9152542372881356,
      0.9576271186440678,
      0.9322033898305084,
      0.923728813559322,
      0.923728813559322,
      0.9322033898305084,
      0.9322033898305084,
      0.9152542372881356,
      0.9152542372881356,
      0.8983050847457628,
      0.9159663865546218,
      0.9327731092436975,
      0.957983193277311,
      0.9663865546218487,
      0.9159663865546218,
      0.9411764705882353,
      0.8907563025210085,
      0.9411764705882353,
      0.925,
      0.9159663865546218,
      0.8739495798319328,
      0.8898305084745762,
      0.8898305084745762,
      0.923728813559322,
      0.923728813559322,
      0.9166666666666666,
      0.9256198347107438,
      0.9256198347107438,
      0.8833333333333333,
      0.8429752066115702,
      0.8677685950413223,
      0.8842975206611571,
      0.859504132231405,
      0.8677685950413223,
      0.8760330578512396,
      0.8852459016393442,
      0.8934426229508197,
      0.860655737704918,
      0.8861788617886179,
      0.8943089430894309,
      0.8790322580645161,
      0.8455284552845529,
      0.8617886178861789,
      0.860655737704918
   ],
   "0.9": [
      0.8166666666666667,
      0.8,
      0.8813559322033898,
      0.8898305084745762,
      0.8389830508474576,
      0.8813559322033898,
      0.847457627118644,
      0.8728813559322034,
      0.864406779661017,
      0.8305084745762712,
      0.8728813559322034,
      0.847457627118644,
      0.8389830508474576,
      0.8220338983050848,
      0.8571428571428571,
      0.8487394957983193,
      0.8907563025210085,
      0.8907563025210085,
      0.865546218487395,
      0.8907563025210085,
      0.8235294117647058,
      0.865546218487395,
      0.8416666666666667,
      0.8487394957983193,
      0.8067226890756303,
      0.7966101694915254,
      0.7796610169491526,
      0.7796610169491526,
      0.7966101694915254,
      0.8583333333333333,
      0.8347107438016529,
      0.8677685950413223,
      0.8083333333333333,
      0.7933884297520661,
      0.768595041322314,
      0.8016528925619835,
      0.768595041322314,
      0.7603305785123967,
      0.7851239669421488,
      0.7950819672131147,
      0.7950819672131147,
      0.7540983606557377,
      0.8130081300813008,
      0.8617886178861789,
      0.7983870967741935,
      0.7723577235772358,
      0.8211382113821138,
      0.7950819672131147
   ],
   "0.75": [
      0.475,
      0.5833333333333334,
      0.5932203389830508,
      0.635593220338983,
      0.6016949152542372,
      0.6271186440677966,
      0.4830508474576271,
      0.6016949152542372,
      0.5,
      0.5084745762711864,
      0.576271186440678,
      0.6440677966101694,
      0.6016949152542372,
      0.5677966101694916,
      0.5714285714285714,
      0.6386554621848739,
      0.6554621848739496,
      0.6302521008403361,
      0.6302521008403361,
      0.680672268907563,
      0.6386554621848739,
      0.5798319327731093,
      0.5583333333333333,
      0.5294117647058824,
      0.5210084033613446,
      0.5,
      0.5169491525423728,
      0.4576271186440678,
      0.4915254237288136,
      0.6083333333333333,
      0.6363636363636364,
      0.5537190082644629,
      0.6333333333333333,
      0.6033057851239669,
      0.5371900826446281,
      0.49586776859504134,
      0.5702479338842975,
      0.6033057851239669,
      0.5702479338842975,
      0.6229508196721312,
      0.5983606557377049,
      0.5163934426229508,
      0.5691056910569106,
      0.6097560975609756,
      0.5887096774193549,
      0.5691056910569106,
      0.6097560975609756,
      0.5901639344262295
   ]
}