{
  "0.95": 0.9109565217391304,
  "0.9": 0.8346086956521739,
  "0.75": 0.5921739130434782
}