{
  "0.95": 0.906608695652174,
  "0.9": 0.8462608695652174,
  "0.75": 0.6502608695652173
}