{
   "0.95": [
      0.8916666666666667,
      0.8916666666666667,
      0.9152542372881356,
      0.9322033898305084,
      0.8728813559322034,
      0.9322033898305084,
      0.9322033898305084,
      0.923728813559322,
      0.8983050847457628,
      0.9491525423728814,
      0.940677966101695,
      0.923728813559322,
      0.9152542372881356,
      0.9152542372881356,
      0.9159663865546218,
      0.9411764705882353,
      0.9747899159663865,
      0.9663865546218487,
      0.9495798319327731,
      0.9495798319327731,
      0.9159663865546218,
      0.957983193277311,
      0.9333333333333333,
      0.9159663865546218,
      0.9327731092436975,
      0.9322033898305084,
      0.940677966101695,
      0.9322033898305084,
      0.8983050847457628,
      0.925,
      0.9421487603305785,
      0.9256198347107438,
      0.875,
      0.8842975206611571,
      0.8760330578512396,
      0.859504132231405,
      0.8347107438016529,
      0.8760330578512396,
      0.859504132231405,
      0.8934426229508197,
      0.9016393442622951,
      0.8688524590163934,
      0.9024390243902439,
      0.9024390243902439,
      0.8951612903225806,
      0.8536585365853658,
      0.8536585365853658,
      0.8524590163934426
   ],
   "0.9": [
      0.8166666666666667,
      0.85,
      0.8559322033898306,
      0.8389830508474576,
      0.788135593220339,
      0.8305084745762712,
      0.847457627118644,
      0.8389830508474576,
      0.8389830508474576,
      0.864406779661017,
      0.9067796610169492,
      0.8898305084745762,
      0.847457627118644,
      0.8559322033898306,
      0.8235294117647058,
      0.865546218487395,
      0.8991596638655462,
      0.8907563025210085,
      0.8739495798319328,
      0.907563025210084,
      0.8403361344537815,
      0.865546218487395,
      0.875,
      0.8571428571428571,
      0.8571428571428571,
      0.8305084745762712,
      0.8389830508474576,
      0.7966101694915254,
      0.8220338983050848,
      0.8833333333333333,
      0.9008264462809917,
      0.8842975206611571,
      0.8416666666666667,
      0.8099173553719008,
      0.8016528925619835,
      0.8099173553719008,
      0.7933884297520661,
      0.7768595041322314,
      0.7851239669421488,
      0.8278688524590164,
      0.8442622950819673,
      0.7868852459016393,
      0.8536585365853658,
      0.8699186991869918,
      0.8145161290322581,
      0.7886178861788617,
      0.8130081300813008,
      0.8032786885245902
   ],
   "0.75": [
      0.38333333333333336,
      0.48333333333333334,
      0.5,
      0.5423728813559322,
      0.5254237288135594,
      0.5508474576271186,
      0.5,
      0.5423728813559322,
      0.5084745762711864,
      0.5,
      0.6016949152542372,
      0.5423728813559322,
      0.559322033898305,
      0.423728813559322,
      0.5714285714285714,
      0.5966386554621849,
      0.6302521008403361,
      0.680672268907563,
      0.6890756302521008,
      0.6218487394957983,
      0.5966386554621849,
      0.6134453781512605,
      0.6,
      0.6470588235294118,
      0.5798319327731093,
      0.4745762711864407,
      0.576271186440678,
      0.4661016949152542,
      0.5084745762711864,
      0.65,
      0.5950413223140496,
      0.5619834710743802,
      0.6416666666666667,
      0.6115702479338843,
      0.5867768595041323,
      0.5371900826446281,
      0.5454545454545454,
      0.512396694214876,
      0.5785123966942148,
      0.6311475409836066,
      0.6065573770491803,
      0.5573770491803278,
      0.6341463414634146,
      0.6747967479674797,
      0.6048387096774194,
      0.6178861788617886,
      0.6585365853658537,
      0.639344262295082
   ]
}