{
   "0.95": [
      0.39497213689670274,
      0.4027813948554344,
      0.5055567926779826,
      0.49266366050057114,
      0.40539746615075606,
      0.42103428937688425,
      0.38899394672163196,
      0.4405449280855716,
      0.4010221854485193,
      0.41758224822685935,
      0.5003889357772681,
      0.4489012681729272,
      0.49082431434214735,
      0.4851556011947449,
      0.4700148764719787,
      0.470827228325068,
      0.5107367990756833,
      0.43854659383595246,
      0.45280067915155703,
      0.45669012655832075,
      0.4509790839351488,
      0.5292926824744516,
      0.4900418200013457,
      0.470770858751774,
      0.48895126575305337,
      0.5035743794204641,
      0.44180354825544943,
      0.3857547036518269,
      0.387006328167038,
      0.41277925784435265,
      0.4439723942804012,
      0.4000145334404987,
      0.3814370913357824,
      0.383958745316135,
      0.3872818546956347,
      0.40128698106896976,
      0.3712572264756997,
      0.4211124276514439,
      0.412355031766412,
      0.43442160542795105,
      0.4370537610079398,
      0.3980155108819803,
      0.46469224271547355,
      0.4875773483333482,
      0.44923897081568265,
      0.42512443751947193,
      0.4744810086798188,
      0.4273257088428668
   ],
   "0.9": [
      0.2670788539261187,
      0.2833558324996276,
      0.3253924511450942,
      0.31799501170930694,
      0.28792149657645005,
      0.2984782782239178,
      0.27954071646052536,
      0.31832982760869305,
      0.2882906450159985,
      0.28935973944089266,
      0.34795877620804594,
      0.3219226591636111,
      0.3508945767664403,
      0.3344477120636352,
      0.35006540471815184,
      0.3331099313931827,
      0.3445648539460571,
      0.31999174621689025,
      0.350832944087235,
      0.33289269053002574,
      0.32212772490323816,
      0.3964708918694365,
      0.3597273653303294,
      0.3670676622122003,
      0.36854017492748853,
      0.3582923593355835,
      0.31522373590123554,
      0.28829256586669827,
      0.28850580850960683,
      0.3044570303806754,
      0.3106206933241975,
      0.2946899667996456,
      0.2886188854226263,
      0.2863276407919043,
      0.2881783107418304,
      0.2877956429150091,
      0.2636206021501977,
      0.2909944204688411,
      0.29133488563181165,
      0.3071117353533316,
      0.31145196610104375,
      0.2919317922018246,
      0.3251228222981537,
      0.3311679101989471,
      0.31337373053266354,
      0.3078328271301418,
      0.3482324703994547,
      0.31795989711666606
   ],
   "0.75": [
      0.12613939512118166,
      0.12864613762860763,
      0.13481610838472802,
      0.15061965577743658,
      0.13410620409470936,
      0.138283047302987,
      0.1241913553303871,
      0.14261723653160813,
      0.12985985393075233,
      0.13188119452592856,
      0.13609271187053257,
      0.15465615996432597,
      0.15292690574605913,
      0.143534203440162,
      0.15907767208825752,
      0.13740277145990018,
      0.11784353521300606,
      0.129885952531682,
      0.14393495276783522,
      0.15552457913528117,
      0.1398761491099371,
      0.13991857663761587,
      0.15754316092536724,
      0.18228414195286433,
      0.18600001223200813,
      0.16723668922022691,
      0.16146949232939026,
      0.1508985000675652,
      0.15237344767585675,
      0.15022534317924874,
      0.15070445144225508,
      0.1385451051455209,
      0.15172595362489405,
      0.1374840587904621,
      0.1362503872076774,
      0.1418570800748677,
      0.12928315815241798,
      0.13568209259037717,
      0.1388403684021736,
      0.14295756313423313,
      0.1438152841327218,
      0.1423048633706751,
      0.14759734534485208,
      0.1559348934493353,
      0.15238593923488455,
      0.15593242494474205,
      0.16453886129173506,
      0.15981800919960293
   ]
}