{
   "0.95": [
      0.14478756184061,
      0.08989961909044024,
      0.3941685328877316,
      0.60445622182996,
      0.7332316515504129,
      0.9388332910995643,
      1.1501189034936001,
      1.0172848603946607,
      0.7240403133502852,
      0.6185316589092855,
      0.6564427694414928,
      0.6428907737521857,
      0.5994282681619406,
      0.5802484583004429,
      0.6272543471390993,
      0.5964869396968046,
      0.592227497477822,
      0.6463881269345335,
      0.6282800931466934,
      0.6098942645301053,
      0.6032007548028373,
      0.6268750018718575,
      0.6357763342034338,
      0.6341203424083715,
      0.6921870054855748,
      0.7033482917151156,
      0.7178765567067652,
      0.7221911480634597,
      0.7279121054264456,
      0.7228270346496151,
      0.6842902814851378,
      0.6744688014131994,
      0.6517974842051336,
      0.5985919411429337,
      0.5960490431127387,
      0.5768081859423977,
      0.619669268886436,
      0.4880263570752291,
      0.40784263772289375,
      0.05910210312491077,
      0.03297323230181409,
      0.023184349641921925,
      0.019928646775978942,
      0.02083138711756947,
      0.02629698871149328,
      0.04336596809804732,
      0.05110095397642375,
      0.06258000461787108
   ],
   "0.9": [
      0.09399440559200475,
      0.05427901529988847,
      0.266790229449818,
      0.432852478963514,
      0.46220701998272146,
      0.5836883171784162,
      0.7326645912602326,
      0.6814541881601572,
      0.5104727668994643,
      0.43451655396504824,
      0.3973266843553547,
      0.37321627834298904,
      0.3912540372138227,
      0.4140609564873529,
      0.443733275815689,
      0.40779446337853015,
      0.43767450513940803,
      0.4865710136670879,
      0.5087452252314703,
      0.4917479277149354,
      0.48402695120415906,
      0.510115974103011,
      0.5189119010930343,
      0.5055304441716378,
      0.5340742997943084,
      0.5192875430498266,
      0.5387419827333676,
      0.4714224205162372,
      0.4604840445274578,
      0.5766897487954111,
      0.505894967511967,
      0.5207977402540214,
      0.5051800519855046,
      0.4428979743059517,
      0.43772003921164804,
      0.4056995029351187,
      0.3923204984160017,
      0.3125337866983406,
      0.25023101103818673,
      0.03319345812309567,
      0.0189379919194326,
      0.015980150496926672,
      0.013568911716452855,
      0.014298275338369625,
      0.017351873072630433,
      0.031129744536584947,
      0.033208547178106215,
      0.03975001419427608
   ],
   "0.75": [
      0.04638846116873174,
      0.026306701417202018,
      0.11475692037830296,
      0.17030877791297486,
      0.19656007901912714,
      0.23310999475180352,
      0.2939726738152893,
      0.2806318793791157,
      0.22645332300712104,
      0.19316764731711628,
      0.1870855495454116,
      0.1570352781626148,
      0.14723916935381204,
      0.15136749017877432,
      0.1508704407708486,
      0.15324586220978423,
      0.24123905378308458,
      0.27598270627658494,
      0.3052700465870051,
      0.2631794886169979,
      0.26055860579782447,
      0.2506152904567352,
      0.26546821001665594,
      0.25934557304622724,
      0.28729401390340076,
      0.26668032468615815,
      0.29789913813887814,
      0.2660360470095892,
      0.24175626624263055,
      0.274438372692951,
      0.2760126880147959,
      0.22365461734576744,
      0.2173067619101826,
      0.19899079865277813,
      0.1448772272298859,
      0.16275775791085864,
      0.08897766232354333,
      0.09424107352742638,
      0.09526149849228319,
      0.01208832839096258,
      0.008566688925593886,
      0.007276816622781031,
      0.005701449469886134,
      0.005405343451762956,
      0.007682606013124671,
      0.015517507782328965,
      0.016315444285422125,
      0.020070176501092003
   ]
}