{
  "0.95": 0.9059130434782608,
  "0.9": 0.8276521739130435,
  "0.75": 0.5768695652173913
}