{
   "0.95": [
      0.9333333333333333,
      0.9416666666666667,
      0.9491525423728814,
      0.9576271186440678,
      0.9661016949152542,
      0.9661016949152542,
      0.9661016949152542,
      0.9830508474576272,
      0.9576271186440678,
      0.940677966101695,
      0.923728813559322,
      0.9322033898305084,
      0.9491525423728814,
      0.9491525423728814,
      0.9411764705882353,
      0.9495798319327731,
      0.957983193277311,
      0.8907563025210085,
      0.9159663865546218,
      0.8991596638655462,
      0.907563025210084,
      0.8823529411764706,
      0.875,
      0.8907563025210085,
      0.865546218487395,
      0.8305084745762712,
      0.8559322033898306,
      0.8728813559322034,
      0.8983050847457628,
      0.8833333333333333,
      0.8842975206611571,
      0.8842975206611571,
      0.9166666666666666,
      0.859504132231405,
      0.8512396694214877,
      0.8181818181818182,
      0.8429752066115702,
      0.8512396694214877,
      0.859504132231405,
      0.9016393442622951,
      0.8688524590163934,
      0.8852459016393442,
      0.9024390243902439,
      0.9105691056910569,
      0.9112903225806451,
      0.9186991869918699,
      0.9186991869918699,
      0.9098360655737705
   ],
   "0.9": [
      0.9083333333333333,
      0.9166666666666666,
      0.9322033898305084,
      0.9322033898305084,
      0.9322033898305084,
      0.940677966101695,
      0.9491525423728814,
      0.9322033898305084,
      0.9322033898305084,
      0.9067796610169492,
      0.8559322033898306,
      0.8389830508474576,
      0.8813559322033898,
      0.9152542372881356,
      0.8991596638655462,
      0.8739495798319328,
      0.8907563025210085,
      0.8319327731092437,
      0.8739495798319328,
      0.8487394957983193,
      0.8403361344537815,
      0.7983193277310925,
      0.8083333333333333,
      0.8487394957983193,
      0.7983193277310925,
      0.7457627118644068,
      0.7542372881355932,
      0.7711864406779662,
      0.7711864406779662,
      0.85,
      0.7933884297520661,
      0.8512396694214877,
      0.8,
      0.7933884297520661,
      0.7851239669421488,
      0.7603305785123967,
      0.7603305785123967,
      0.743801652892562,
      0.71900826446281,
      0.7540983606557377,
      0.7704918032786885,
      0.8278688524590164,
      0.8699186991869918,
      0.9024390243902439,
      0.8709677419354839,
      0.9024390243902439,
      0.8780487804878049,
      0.8688524590163934
   ],
   "0.75": [
      0.8083333333333333,
      0.85,
      0.8559322033898306,
      0.8813559322033898,
      0.8898305084745762,
      0.847457627118644,
      0.9067796610169492,
      0.847457627118644,
      0.7711864406779662,
      0.652542372881356,
      0.635593220338983,
      0.6610169491525424,
      0.6101694915254238,
      0.652542372881356,
      0.6218487394957983,
      0.6302521008403361,
      0.6722689075630253,
      0.6386554621848739,
      0.6386554621848739,
      0.6470588235294118,
      0.6134453781512605,
      0.5546218487394958,
      0.5583333333333333,
      0.5462184873949579,
      0.5126050420168067,
      0.5169491525423728,
      0.5169491525423728,
      0.5084745762711864,
      0.5338983050847458,
      0.5916666666666667,
      0.6198347107438017,
      0.6115702479338843,
      0.5833333333333334,
      0.5537190082644629,
      0.49586776859504134,
      0.5702479338842975,
      0.5619834710743802,
      0.5537190082644629,
      0.5454545454545454,
      0.5491803278688525,
      0.5409836065573771,
      0.5901639344262295,
      0.6178861788617886,
      0.6910569105691057,
      0.8145161290322581,
      0.7642276422764228,
      0.7317073170731707,
      0.6557377049180327
   ]
}