{
   "0.95": [
      0.43964344548827994,
      0.4327155882048884,
      0.4970305951545399,
      0.48279371973229884,
      0.4063914521539322,
      0.4369431534506932,
      0.41994755054053057,
      0.43963694822832894,
      0.41495240347928347,
      0.4369731182011978,
      0.5203073626606182,
      0.4959140849433589,
      0.49242441963543027,
      0.4734977352203703,
      0.46871011031998827,
      0.471552598136568,
      0.5030358607752008,
      0.5533191024758453,
      0.5127817704768785,
      0.5553487945424737,
      0.5376839105364338,
      0.5769734778821273,
      0.5399000318974939,
      0.5389637921106235,
      0.5688940375994017,
      0.635497657049373,
      0.587010162264919,
      0.5386416693542996,
      0.5934192332475012,
      0.6457572005213846,
      0.6613379809250165,
      0.6020602773672311,
      0.5225181826895913,
      0.5042040339927394,
      0.4912327194715328,
      0.4798525852061059,
      0.4572161058770688,
      0.4579569608261775,
      0.4346804423755233,
      0.45342030471912315,
      0.45506265008682395,
      0.4255744176514702,
      0.5041360621505218,
      0.5278499354010611,
      0.5145703434273492,
      0.4965660383720092,
      0.5447377210426466,
      0.5147866332446253
   ],
   "0.9": [
      0.327941545826717,
      0.33259367010286983,
      0.3685783315906425,
      0.3361165946450404,
      0.3024451418975848,
      0.3172250650382527,
      0.3031527614866173,
      0.33612717047370033,
      0.31280356718275354,
      0.3234557681748547,
      0.376182057751632,
      0.34527564177263703,
      0.35272365992662985,
      0.3485355774592275,
      0.36135191663244903,
      0.3419138331648994,
      0.3694085977590827,
      0.40413397666593237,
      0.38744142830793293,
      0.4164523811355472,
      0.4137093997568437,
      0.40163380349691347,
      0.4049239550177474,
      0.3847334194411838,
      0.40029097538833225,
      0.4661708626495927,
      0.4432921759935308,
      0.39426022474221484,
      0.44348160334767545,
      0.5166323635025163,
      0.48479908997298765,
      0.4464762450922202,
      0.4091477739400976,
      0.379705489709835,
      0.37600598372672533,
      0.3780562405655538,
      0.32868671434786,
      0.33607622880106813,
      0.32084958970217387,
      0.3358793734224928,
      0.3442668360224522,
      0.3148701545073516,
      0.35841797790939606,
      0.36122414088392263,
      0.3575420291451435,
      0.368576912931464,
      0.40887270618659877,
      0.40158168167381925
   ],
   "0.75": [
      0.15712268120803144,
      0.15566375275999542,
      0.18004825456312493,
      0.17619298825611424,
      0.15351872852157178,
      0.16080559971069588,
      0.1542636514947699,
      0.1704808465609257,
      0.16290569663077178,
      0.15603306393225616,
      0.17655084202992594,
      0.17159033858677195,
      0.1671483349591792,
      0.15782571338662663,
      0.20029041098233943,
      0.17879445069831054,
      0.20422603454932758,
      0.21880237750296502,
      0.2306555208237039,
      0.23084218955566474,
      0.2157466505419599,
      0.2196985041754481,
      0.2184197421732375,
      0.2150587655928126,
      0.20082170111323253,
      0.21816260396274076,
      0.24775048554234536,
      0.19237261699856334,
      0.21151329180894748,
      0.2583664795998201,
      0.2535878360843202,
      0.2273019703736772,
      0.23543264902475333,
      0.20953813719482636,
      0.18707251455345178,
      0.18674236342976538,
      0.17634008174252003,
      0.1662754646866297,
      0.1664223428505536,
      0.16995473840423272,
      0.16149695844036624,
      0.16403820537663966,
      0.179429630349423,
      0.1970794758063616,
      0.19632710210688395,
      0.20500585741362762,
      0.22803067921643294,
      0.22695579393137338
   ]
}