{
   "0.95": [
      1.8647037413539098,
      1.4576661923896626,
      1.60138735153884,
      1.4525356151633828,
      1.6208044697025314,
      1.6333965038126068,
      1.7683801074758594,
      1.3792651164209253,
      1.480339983184632,
      1.6376516558646033,
      1.652286476279385,
      1.8983116976899665,
      1.9111971326809198,
      1.5839925389885108,
      2.1002905698407015,
      1.9344568225367684,
      1.9568678010847496,
      1.600327434207161,
      1.6703109443515187,
      1.5187223813171307,
      1.4541273211308858,
      1.8302355682838296,
      1.9010065099932032,
      1.7764397990012346,
      1.3549677225971617,
      1.3941932120526384,
      1.283863221055726,
      1.4763671603551254,
      1.2214297114444068,
      1.3652677854970379,
      1.578117476688406,
      1.1824577969806038,
      1.6221229446830014,
      1.4582064027210375,
      1.4446647909754282,
      1.3793029025156835,
      1.4799657176227123,
      1.330517404823323,
      1.4249054115041273,
      1.708108538568319,
      1.3602458910156436,
      1.8275613306802005,
      1.328841803886847,
      1.2527288503689908,
      1.2638170874802854,
      1.4931478162863296,
      1.4543327709877314,
      1.5232961989764646
   ],
   "0.9": [
      1.2954015358749174,
      1.01762658092032,
      1.1985983172985284,
      1.0576266180232863,
      1.3001888256643095,
      1.2554851795356512,
      1.4587655005182265,
      1.1973477189698876,
      1.2387242000212004,
      1.3778893589964818,
      1.2418131836970772,
      1.3646828160271958,
      1.4648505170405621,
      1.2776838410000149,
      1.683456980132443,
      1.5143446246822752,
      1.4623328256383819,
      1.2355317434006645,
      1.3070244548338439,
      1.2438278542752053,
      1.1160473331347958,
      1.3803639590653645,
      1.4182356206350972,
      1.3381811218071429,
      1.0928101632323544,
      1.0542760864746246,
      1.0255251589201486,
      1.258740033146328,
      1.0172217781124753,
      1.0249623275601993,
      1.2082304338868712,
      0.8876171443598716,
      1.2271305441066684,
      1.1346772390960855,
      1.0317939773369929,
      0.9901456418600466,
      0.9284679341075456,
      0.9192344678053495,
      1.0879207886610132,
      1.240980507270765,
      1.2003443953414634,
      1.5237499642543262,
      1.0034652676367843,
      0.9261725575762535,
      1.0190931408810993,
      1.3013265983319255,
      1.174714612808573,
      1.1276206014657022
   ],
   "0.75": [
      0.6785899996083106,
      0.5471787147485112,
      0.6958144272393161,
      0.5863571195926517,
      0.512530121796992,
      0.5959143200981954,
      0.6405429436255375,
      0.511830852760736,
      0.5657312230191474,
      0.6395115618476177,
      0.6674895392272758,
      0.7284897093219507,
      0.7914633318989983,
      0.655060377965823,
      0.8174303578169344,
      0.7151775595357678,
      0.7586679765714011,
      0.6702656989280317,
      0.7034460755787943,
      0.637384202937783,
      0.5869324433015547,
      0.7276707214262732,
      0.7432029696764503,
      0.7073346044908885,
      0.5404712329917459,
      0.47214394486370376,
      0.5006084135012565,
      0.5535655849196721,
      0.4778384994376997,
      0.5191840700455599,
      0.5816180821683073,
      0.46779087772073025,
      0.6547194787048292,
      0.611725312512687,
      0.5059281292022059,
      0.41997627412064487,
      0.39117274332885477,
      0.3645113331366441,
      0.4340414558492695,
      0.46335962580875606,
      0.48189553429983767,
      0.6194856275491474,
      0.48359245381122956,
      0.39821961650291443,
      0.42436068311674385,
      0.5845586492980533,
      0.6320084585188644,
      0.6026898414622177
   ]
}