{
  "0.95": 0.9800865800865801,
  "0.9": 0.9402597402597402,
  "0.75": 0.6458874458874458
}