{
   "0.95": [
      1.0,
      1.0,
      1.0,
      1.0,
      1.0,
      1.0,
      1.0,
      1.0,
      1.0,
      1.0,
      0.96,
      0.96,
      0.96,
      1.0,
      1.0,
      1.0,
      1.0,
      0.9615384615384616,
      0.9615384615384616,
      0.9230769230769231,
      0.8846153846153846,
      0.9230769230769231,
      0.96,
      0.96,
      1.0,
      1.0,
      0.96,
      0.96,
      1.0,
      0.92,
      0.92,
      0.96,
      0.9230769230769231,
      0.9615384615384616,
      1.0,
      1.0,
      0.9615384615384616,
      0.9615384615384616,
      0.9583333333333334,
      1.0,
      1.0,
      1.0,
      1.0,
      1.0,
      0.9444444444444444,
      1.0,
      0.9444444444444444,
      1.0
   ],
   "0.9": [
      1.0,
      0.9565217391304348,
      0.9166666666666666,
      0.9166666666666666,
      0.9166666666666666,
      0.9583333333333334,
      1.0,
      1.0,
      1.0,
      0.96,
      0.96,
      0.96,
      0.96,
      1.0,
      1.0,
      1.0,
      1.0,
      0.8846153846153846,
      0.9230769230769231,
      0.8076923076923077,
      0.8076923076923077,
      0.8461538461538461,
      0.88,
      0.92,
      0.92,
      0.92,
      0.92,
      0.92,
      0.96,
      0.92,
      0.8,
      0.92,
      0.8846153846153846,
      0.8461538461538461,
      0.9615384615384616,
      0.9230769230769231,
      0.9230769230769231,
      0.9230769230769231,
      0.9166666666666666,
      0.9583333333333334,
      1.0,
      1.0,
      0.8181818181818182,
      0.9047619047619048,
      0.8888888888888888,
      0.8888888888888888,
      0.8888888888888888,
      0.8823529411764706
   ],
   "0.75": [
      0.8125,
      0.5652173913043478,
      0.6666666666666666,
      0.625,
      0.6666666666666666,
      0.5833333333333334,
      0.5833333333333334,
      0.5416666666666666,
      0.72,
      0.72,
      0.72,
      0.72,
      0.76,
      0.6538461538461539,
      0.6923076923076923,
      0.6538461538461539,
      0.6538461538461539,
      0.5769230769230769,
      0.6153846153846154,
      0.5769230769230769,
      0.6153846153846154,
      0.8076923076923077,
      0.76,
      0.72,
      0.64,
      0.72,
      0.72,
      0.8,
      0.68,
      0.6,
      0.6,
      0.64,
      0.6923076923076923,
      0.5,
      0.46153846153846156,
      0.38461538461538464,
      0.4230769230769231,
      0.38461538461538464,
      0.375,
      0.5416666666666666,
      0.6956521739130435,
      0.5454545454545454,
      0.5,
      0.6666666666666666,
      0.6666666666666666,
      0.8333333333333334,
      0.7222222222222222,
      0.6470588235294118
   ]
}