{
  "0.95": 0.9809523809523809,
  "0.9": 0.9506493506493506,
  "0.75": 0.5948051948051948
}