{
   "0.95": [
      1.8657437986931005,
      1.4600740806111778,
      1.5991208457464858,
      1.4527096884126958,
      1.6219639313792185,
      1.6338294936297961,
      1.7694872554824408,
      1.39333692877265,
      1.4911221855290455,
      1.637639339096415,
      1.6449529308111699,
      1.8877499816349192,
      1.79118908807419,
      1.4247766505173136,
      1.7342444999056705,
      1.6419874091085553,
      1.8830885195576677,
      1.6288963529874545,
      1.5026574681407008,
      1.417741581615032,
      1.5735757395899006,
      1.2790184393688089,
      1.4762529425583006,
      1.5505063570954325,
      1.4804613802280706,
      1.4012918315057499,
      1.3727431571642492,
      1.3461062341056462,
      1.2228576267519755,
      1.2870484649270992,
      1.4115086281774387,
      1.2714414347157386,
      1.3267223261213528,
      1.3253773763028993,
      1.4900776137653704,
      1.5596749912474153,
      1.5331024621209803,
      1.3493730979027927,
      1.408169049015656,
      1.7101236702793583,
      1.352996707781929,
      1.8239928060150024,
      1.3288418038868468,
      1.2529997129408608,
      1.2556128005511793,
      1.496236330360604,
      1.4646296117525486,
      1.5295155794202837
   ],
   "0.9": [
      1.2956857156377937,
      1.0193721248771632,
      1.1969018944897356,
      1.0568145698317837,
      1.2936741933536042,
      1.2558272821487118,
      1.4616625903061555,
      1.1999151508363373,
      1.2140231979613303,
      1.3879386285480042,
      1.21913221667403,
      1.3250597890072027,
      1.4839690010957445,
      1.1398896965803584,
      1.411084652840203,
      1.3834646215284,
      1.3886130164294055,
      1.2773106329178603,
      1.0547281044627628,
      1.017080606504735,
      1.0955948584604198,
      0.9299682123470768,
      1.1867944130762698,
      1.1675845994622422,
      1.0125089851726656,
      1.0070083847073552,
      1.054291921751771,
      0.9304162997708483,
      0.8347570732917606,
      0.9802623569633331,
      1.121557415923018,
      1.0720968661170753,
      1.1315019523128524,
      1.0130392682188605,
      1.0320746027890855,
      1.0902436898203964,
      0.9305997711457952,
      0.9281125570762156,
      1.084839776999646,
      1.2409059979246944,
      1.1983331594513063,
      1.5242213862229066,
      1.003353551132547,
      0.9265794386070058,
      1.0019570035858125,
      1.3038921405319546,
      1.183031725338451,
      1.132120675499447
   ],
   "0.75": [
      0.6789398113212209,
      0.5479884965004443,
      0.694615989598683,
      0.5800564343447768,
      0.5123964440626653,
      0.5960766986347079,
      0.6394395015515749,
      0.5123187148144212,
      0.5604524894629137,
      0.6344130895778715,
      0.6600233925349256,
      0.7030992868710723,
      0.766143657677235,
      0.5616213101277189,
      0.6145496693448567,
      0.5833131194228999,
      0.5482719609887587,
      0.5329359353656679,
      0.39512418747669914,
      0.3937201652930969,
      0.3504457672919363,
      0.416987895644976,
      0.38382475854612563,
      0.4377094095718935,
      0.37219317367579013,
      0.32723254405631474,
      0.3897486704577536,
      0.4134456255690354,
      0.4027183508049366,
      0.4700354831922738,
      0.3985139768073828,
      0.31871718877034827,
      0.4280860625688952,
      0.4377659198148132,
      0.4273121930239119,
      0.4565538730921326,
      0.38280978639797447,
      0.37779028307472556,
      0.4307171074753069,
      0.4659872508253234,
      0.48246853314436394,
      0.6183200977713847,
      0.4838200009882483,
      0.3983057187663557,
      0.42139902901315907,
      0.5857569826709957,
      0.6367488326060122,
      0.6050668119679424
   ]
}