{
   "0.95": [
      0.0,
      0.391304347826087,
      1.0,
      0.125,
      0.4166666666666667,
      0.9583333333333334,
      1.0,
      0.9583333333333334,
      1.0,
      1.0,
      0.08,
      0.04,
      1.0,
      1.0,
      1.0,
      1.0,
      0.9615384615384616,
      1.0,
      1.0,
      1.0,
      1.0,
      1.0,
      1.0,
      1.0,
      1.0,
      1.0,
      1.0,
      1.0,
      0.96,
      0.96,
      0.96,
      0.92,
      0.8846153846153846,
      0.8461538461538461,
      0.8846153846153846,
      0.8076923076923077,
      1.0,
      0.8076923076923077,
      0.5833333333333334,
      1.0,
      1.0,
      0.2727272727272727,
      0.045454545454545456,
      1.0,
      0.0,
      0.05555555555555555,
      0.0,
      0.0
   ],
   "0.9": [
      0.0,
      0.08695652173913043,
      0.041666666666666664,
      0.08333333333333333,
      0.041666666666666664,
      0.375,
      1.0,
      0.9583333333333334,
      0.04,
      0.0,
      0.08,
      0.04,
      0.24,
      1.0,
      1.0,
      0.9615384615384616,
      0.9230769230769231,
      0.8846153846153846,
      0.9615384615384616,
      0.9615384615384616,
      0.9230769230769231,
      0.9615384615384616,
      1.0,
      0.96,
      0.88,
      0.96,
      1.0,
      0.96,
      0.96,
      0.92,
      0.88,
      0.84,
      0.8076923076923077,
      0.6923076923076923,
      0.8461538461538461,
      0.5384615384615384,
      0.9615384615384616,
      0.6923076923076923,
      0.2916666666666667,
      0.875,
      0.9565217391304348,
      0.045454545454545456,
      0.045454545454545456,
      0.047619047619047616,
      0.0,
      0.05555555555555555,
      0.0,
      0.0
   ],
   "0.75": [
      0.0,
      0.043478260869565216,
      0.041666666666666664,
      0.041666666666666664,
      0.041666666666666664,
      0.041666666666666664,
      0.0,
      0.0,
      0.04,
      0.0,
      0.08,
      0.04,
      0.08,
      0.9615384615384616,
      0.8846153846153846,
      0.7307692307692307,
      0.6538461538461539,
      0.6153846153846154,
      0.6923076923076923,
      0.7692307692307693,
      0.7307692307692307,
      0.7692307692307693,
      0.8,
      0.68,
      0.64,
      0.6,
      0.64,
      0.8,
      0.8,
      0.68,
      0.44,
      0.52,
      0.5769230769230769,
      0.46153846153846156,
      0.38461538461538464,
      0.34615384615384615,
      0.4230769230769231,
      0.15384615384615385,
      0.08333333333333333,
      0.041666666666666664,
      0.13043478260869565,
      0.045454545454545456,
      0.045454545454545456,
      0.047619047619047616,
      0.0,
      0.05555555555555555,
      0.0,
      0.0
   ]
}