{
  "0.95": 0.9748917748917749,
  "0.9": 0.9264069264069265,
  "0.75": 0.6311688311688312
}