{
   "0.95": [
      0.0629267194176367,
      1.6198984202161237,
      2.4940683379814277,
      4.042161925585835,
      8.728019756840482,
      1.2158772067541872,
      37.643736733130254,
      3.0006539140344226,
      7.780333336824767,
      15.149244063437836,
      19.108032050724894,
      14.49678581037046,
      17.46975184200375,
      3.8358758247827067,
      2.5736489038313817,
      1.6591414824341761,
      1.6821618178900903,
      1.905503279739115,
      2.2427918432056533,
      2.305983535769065,
      1.6885877431350031,
      2.010526631869211,
      2.144798014793481,
      1.7119086086745883,
      2.099198224683853,
      1.8324405064562204,
      1.810887281392309,
      2.1974608331013026,
      1.9232903984543743,
      1.7579697236144003,
      1.8087022170036082,
      1.4808496253234387,
      1.4252176423817704,
      1.4791814833482635,
      2.1237302426564098,
      1.031273665786679,
      3.008997058344675,
      0.860991194353928,
      1.0927247820475323,
      3.8474973455790527,
      2.240600216408882,
      2.26136820287672,
      1.2343321412768757,
      1.6086824523756391,
      2.036195983075317,
      0.0815686110233326,
      0.03907448272301678,
      0.10764679985438202
   ],
   "0.9": [
      0.060135061720425896,
      0.1227619554136862,
      0.10469399977010982,
      0.239664965260121,
      0.12985034702251594,
      0.1302498528508751,
      16.604688129625444,
      2.2103564598383927,
      3.701098284059208,
      12.211292221378969,
      8.4014067318752,
      13.343770553590806,
      12.216081753695823,
      2.613667805076866,
      1.9855371601619185,
      1.3601909513693715,
      1.3985438721263221,
      1.5950995718402627,
      1.8477755430515876,
      1.9686968621818768,
      1.3607666266829321,
      1.589076869105889,
      1.8933367875756,
      1.40741241985787,
      1.6273652800000085,
      1.432288082271693,
      1.4629027623552853,
      1.8693269452264092,
      1.7537097473464842,
      1.5372292924040283,
      1.3932355159639438,
      1.1588141610495095,
      1.1888870531953466,
      1.1830986290577916,
      1.56410318769036,
      0.795053704636098,
      1.8562352906342547,
      0.5800056400904847,
      0.7585304844983956,
      1.6860196131017957,
      0.9974981448152089,
      0.5869506061083644,
      0.27369386496369297,
      0.4595780206075063,
      0.031187970118338303,
      0.048576797430793746,
      0.022644112330654446,
      0.06527855266133935
   ],
   "0.75": [
      0.015033765430106474,
      0.02409989641022916,
      0.02733002097217796,
      0.0625637433017957,
      0.12985034702251594,
      0.036107355787469674,
      0.579511506042688,
      0.0333420606547826,
      0.9366961416578968,
      2.4394759865233047,
      2.2193610369309718,
      4.52729321169472,
      6.489930449229959,
      1.102572798130327,
      0.8930413184468594,
      0.6229198930807298,
      0.6694354640022727,
      0.8154040949132708,
      0.9518245631958502,
      0.9993539063626848,
      0.7921102775406237,
      0.9815486967466949,
      1.0526983944410326,
      0.7281253275888305,
      0.7835942688511996,
      0.5885591586635593,
      0.7291115251987007,
      0.7428356265635025,
      0.7372964022825855,
      0.6820068470597457,
      0.7265309790756038,
      0.6732807730430852,
      0.6646431959264614,
      0.6738924883313488,
      0.692473771150103,
      0.4309284190140686,
      0.6215817193566261,
      0.23654911209917673,
      0.35269479353189576,
      0.29246369933758337,
      0.026584395363742734,
      0.03610735578746967,
      0.27369386496369297,
      0.27369386496369297,
      0.031187970118338303,
      0.048576797430793746,
      0.022644112330654446,
      0.06238255910428872
   ]
}