{
   "0.95": [
      1.0,
      1.0,
      1.0,
      1.0,
      0.9583333333333334,
      1.0,
      1.0,
      1.0,
      1.0,
      0.96,
      0.96,
      0.96,
      0.96,
      0.9615384615384616,
      1.0,
      1.0,
      1.0,
      1.0,
      1.0,
      0.9615384615384616,
      1.0,
      0.9615384615384616,
      1.0,
      0.96,
      1.0,
      1.0,
      1.0,
      1.0,
      0.96,
      1.0,
      0.96,
      0.96,
      0.9615384615384616,
      0.9615384615384616,
      1.0,
      0.9615384615384616,
      0.9615384615384616,
      0.9615384615384616,
      0.9166666666666666,
      1.0,
      1.0,
      1.0,
      0.9545454545454546,
      1.0,
      1.0,
      0.9444444444444444,
      0.8888888888888888,
      1.0
   ],
   "0.9": [
      1.0,
      0.9565217391304348,
      0.875,
      0.9166666666666666,
      0.875,
      1.0,
      1.0,
      1.0,
      0.96,
      0.96,
      0.96,
      0.96,
      0.92,
      0.9230769230769231,
      1.0,
      1.0,
      1.0,
      0.9230769230769231,
      0.9230769230769231,
      0.8846153846153846,
      0.8461538461538461,
      0.9230769230769231,
      0.96,
      0.96,
      0.96,
      0.96,
      1.0,
      1.0,
      0.96,
      0.96,
      0.92,
      0.92,
      0.9230769230769231,
      0.9230769230769231,
      1.0,
      0.9615384615384616,
      0.8846153846153846,
      0.9230769230769231,
      0.875,
      0.9166666666666666,
      1.0,
      1.0,
      0.8636363636363636,
      0.9047619047619048,
      0.8333333333333334,
      0.9444444444444444,
      0.8888888888888888,
      0.8235294117647058
   ],
   "0.75": [
      0.625,
      0.7391304347826086,
      0.6666666666666666,
      0.7083333333333334,
      0.5,
      0.6666666666666666,
      0.5833333333333334,
      0.625,
      0.68,
      0.76,
      0.76,
      0.72,
      0.8,
      0.6923076923076923,
      0.6923076923076923,
      0.7307692307692307,
      0.6538461538461539,
      0.6153846153846154,
      0.6153846153846154,
      0.6538461538461539,
      0.6923076923076923,
      0.7307692307692307,
      0.76,
      0.72,
      0.72,
      0.72,
      0.72,
      0.72,
      0.68,
      0.64,
      0.64,
      0.52,
      0.6153846153846154,
      0.5384615384615384,
      0.5384615384615384,
      0.46153846153846156,
      0.34615384615384615,
      0.4230769230769231,
      0.5,
      0.5416666666666666,
      0.7391304347826086,
      0.6363636363636364,
      0.5909090909090909,
      0.7142857142857143,
      0.5555555555555556,
      0.6666666666666666,
      0.7777777777777778,
      0.6470588235294118
   ]
}