{
  "0.95": 0.7774891774891775,
  "0.9": 0.606926406926407,
  "0.75": 0.3670995670995671
}