{
   "0.95": [
      1.7174677465807304,
      1.4176261741946727,
      1.586639804181812,
      1.6824288698800418,
      1.7467894496366934,
      1.758178998580011,
      1.8667292229760968,
      1.5852356947467787,
      1.6109855523418661,
      1.7420305933670106,
      1.7167884329549623,
      1.6260769151380838,
      1.6836702583095473,
      1.6098429791109454,
      1.7624132351191337,
      1.6119975879416977,
      1.4779765877630597,
      1.4582969678791453,
      1.3231582592496036,
      1.2428674385377882,
      1.107577282933739,
      1.2079387411282803,
      1.2302708353019014,
      1.1578283576994246,
      1.295414927611376,
      1.1913738332523904,
      1.1073366558869386,
      0.9865045010927325,
      1.0482186779158913,
      1.1343705506557369,
      1.2866201210009685,
      1.3207472329722416,
      1.399519148193345,
      1.4138737177384164,
      1.3887800804468722,
      1.3621626674800855,
      1.3920321394835804,
      1.407158162329271,
      1.4790151077077756,
      1.819625187902289,
      1.5935637756223817,
      1.8083597012885635,
      1.4500154740433053,
      1.2386203088197993,
      1.3410125581944992,
      1.5061899554394858,
      1.2741893259176433,
      1.397243661353054
   ],
   "0.9": [
      1.4057338946543616,
      1.1017291498506294,
      1.2675860330712603,
      1.404993776324316,
      1.3874661319762662,
      1.2894749241975696,
      1.4655403561572458,
      1.2122544064743566,
      1.260755395960562,
      1.4373001708442383,
      1.3381991382972955,
      1.2077235085357614,
      1.2664152490581442,
      1.2864811913957168,
      1.36535867546527,
      1.2425322371093122,
      1.0343723440683124,
      1.108019195744399,
      1.0344747055649457,
      1.0338251345628573,
      0.8749321356658313,
      0.9638483413591683,
      0.9163628039088544,
      0.8962106659377532,
      0.9649582561873316,
      0.8758206497268786,
      0.8336097242431164,
      0.7601805424286502,
      0.7804354764727057,
      0.916355104659322,
      0.8403381492856498,
      1.0329268349127243,
      1.1074701133477918,
      1.0814933520553351,
      0.9358369456482911,
      0.991381589553029,
      1.044725273282418,
      1.027794176701093,
      1.0859058038795861,
      1.3714286757775367,
      1.3465490668823827,
      1.4912164651839583,
      1.0568613758395364,
      0.9834281954542081,
      1.101778889500031,
      1.1171359141257353,
      0.9719806873357112,
      0.9791466947572492
   ],
   "0.75": [
      0.9343415043299667,
      0.5459852835535763,
      0.6375713207275954,
      0.5984158113047274,
      0.6121114121838626,
      0.5677757006581573,
      0.5970069764234864,
      0.5340198076418907,
      0.5324443900500692,
      0.5990572572543001,
      0.5869749341358036,
      0.5663564613245,
      0.6121500840621356,
      0.5881472189703489,
      0.6235866641856022,
      0.50793681625383,
      0.5098701395679947,
      0.5634238137283256,
      0.4982427144437619,
      0.475379694387874,
      0.45743788819686637,
      0.49053981940715896,
      0.4698674283538048,
      0.40873207739937784,
      0.39819658584089146,
      0.37109384547031354,
      0.4102019769215561,
      0.3704911307612861,
      0.4062633626359937,
      0.448899597765461,
      0.4391133753526576,
      0.5293743625826673,
      0.5921627656501541,
      0.5125760522784878,
      0.4403359740977555,
      0.3669904530195374,
      0.34844898275063035,
      0.3274747769828625,
      0.35770944550882416,
      0.5197197538436146,
      0.5329918291306274,
      0.6246968000565406,
      0.4061462172986435,
      0.3710344282306102,
      0.41219651447134786,
      0.4382953745409083,
      0.46478965754155643,
      0.5028866296625996
   ]
}