{
  "0.95": 0.9437927663734116,
  "0.9": 0.8655913978494624,
  "0.75": 0.45405669599217985
}