{
   "0.95": [
      0.40673250683718437,
      0.41919727331492085,
      0.2924869425726612,
      0.4579542688176514,
      0.6275621659701007,
      0.5240321424164214,
      0.4215996483450317,
      0.4666362106532037,
      0.4701780334078397,
      0.4733662015929993,
      0.38332242558595475,
      0.5281118434828618,
      0.4843906287264341,
      0.4603011516122384,
      0.49495098379379004,
      0.5497500512346176,
      0.4525040495025363,
      0.44977291424439075,
      0.4204314805492176,
      0.4218350827964507,
      0.4657417906057651,
      0.456870746132598,
      0.5608346915802275,
      0.5831116470948376,
      0.5229377059543231,
      0.6436929399283144,
      0.48737039434990387,
      0.5184062759693914,
      0.5337166957969037,
      0.5746372584090851,
      0.5069288989582146,
      0.6056026993364346,
      0.6733352669473667,
      0.5267679499213879,
      0.5746063490478354,
      0.7722297798038837,
      0.9223456666307326,
      0.663184578876859,
      0.6811668240459597,
      0.7089416694837546,
      0.6388094959017538,
      0.7246144848856249,
      0.723557537145047,
      0.647102066183,
      0.571835599612336,
      0.5948356898253987,
      0.781729704686709,
      0.9666900112867993
   ],
   "0.9": [
      0.2008165507201375,
      0.2203505670799789,
      0.18553427115353907,
      0.27243676350487306,
      0.29628818976398025,
      0.3483399508380518,
      0.2741477152652775,
      0.2854896030850715,
      0.276069585213492,
      0.23907542509263469,
      0.284029791948538,
      0.37440072157434773,
      0.3798369583265065,
      0.36003557264089453,
      0.34748613568428816,
      0.3603069649802761,
      0.338985299101582,
      0.36919659369293295,
      0.33635556262560473,
      0.34567922182128774,
      0.33351016596321964,
      0.36553942635599307,
      0.4684494438431476,
      0.4675060420084449,
      0.4102058874716204,
      0.4293735306258659,
      0.3712675851893421,
      0.402342653757153,
      0.4336470571090009,
      0.3941322786524068,
      0.4089373253512468,
      0.4108740213911066,
      0.49686606789809623,
      0.38134772924359095,
      0.38748555700679027,
      0.45563038367738296,
      0.6123703506034258,
      0.49648514967837193,
      0.4580617355818367,
      0.44699785377205103,
      0.47815266760241426,
      0.5225730596296052,
      0.4994169667398069,
      0.4393201074918715,
      0.40353842351152575,
      0.4260666455690188,
      0.6051686608566779,
      0.7583467237605324
   ],
   "0.75": [
      0.05546937773812353,
      0.07879538108949867,
      0.0744317073108921,
      0.09122384971680467,
      0.10915453603289346,
      0.10510596195358775,
      0.08725063951520899,
      0.08816015809391205,
      0.10351450927513754,
      0.07241191714148065,
      0.0915433648151597,
      0.12822688903305454,
      0.1517033639420692,
      0.1788538401079231,
      0.18517444332731053,
      0.19945826979090336,
      0.20541254165333772,
      0.22061485857779986,
      0.1800066574879245,
      0.1881572686790577,
      0.1798511100293428,
      0.1909623885908215,
      0.26162669457512705,
      0.26956069062544924,
      0.27362027864028177,
      0.2625510808183222,
      0.20863760337363046,
      0.2588242942186882,
      0.25040070827181476,
      0.20719098985549383,
      0.2469081040676593,
      0.21014293269262635,
      0.22533979464584444,
      0.18083583939791276,
      0.16934206964698217,
      0.2046133868155019,
      0.22740236863637775,
      0.20337032642584937,
      0.16067652644196642,
      0.14814985216541782,
      0.1938416700619683,
      0.19906960524775513,
      0.1807115802991719,
      0.17827232020257644,
      0.20011427953313918,
      0.2007761188674253,
      0.32082358341181,
      0.3540260141506124
   ]
}