{
  "0.95": 0.8797653958944281,
  "0.9": 0.7854349951124144,
  "0.75": 0.4965786901270772
}