{
  "0.95": 0.8914956011730205,
  "0.9": 0.8191593352883676,
  "0.75": 0.49315738025415445
}