{
   "0.95": [
      0.42948847948681285,
      0.4378516567010292,
      0.27814645107752384,
      0.40995180177765356,
      0.5428197830746451,
      0.5631363387229833,
      0.4607021720818363,
      0.47518897251092473,
      0.4606876092607077,
      0.43882003852057516,
      0.37342887975871725,
      0.503498977631348,
      0.5193541586602377,
      0.554834858942455,
      0.5835738243562085,
      0.6269272536066052,
      0.5176605887977321,
      0.561840238922435,
      0.5723520589889396,
      0.5936143103811641,
      0.570891289124707,
      0.5535444159062679,
      0.6900306012698649,
      0.5657138707640295,
      0.549873944899036,
      0.7553602820887586,
      0.595245082620955,
      0.590439275572718,
      0.6949245687219205,
      0.5822551527648241,
      0.5060660571732021,
      0.5496001183957379,
      0.4946082998822549,
      0.40891030202916945,
      0.5017663779726357,
      0.7365783965212883,
      0.8333993518106658,
      0.632777858037176,
      0.5995217434105101,
      0.6581305702723503,
      0.6572826970529148,
      0.7557434895223087,
      0.6875015544086985,
      0.6539536957748141,
      0.5880802042534048,
      0.5277491776676659,
      0.8030106724752744,
      1.0010751394620028
   ],
   "0.9": [
      0.26243942110911855,
      0.26944291399987197,
      0.1992882308201542,
      0.23855644471589246,
      0.2990017550644939,
      0.3693661977791171,
      0.303063055945074,
      0.32736601754191597,
      0.3091746791185539,
      0.251624854570163,
      0.26640125362101097,
      0.3786040512078246,
      0.35602757394154916,
      0.4160538957883363,
      0.44648154394640915,
      0.3829404875467969,
      0.3758019052203956,
      0.43693697741712406,
      0.4264336101663479,
      0.40681320658677844,
      0.3775991244743111,
      0.3741243567290604,
      0.506450895070175,
      0.44554522370309274,
      0.448992780205721,
      0.485505467140495,
      0.4283571496408919,
      0.4566157169809424,
      0.49973166681003184,
      0.422878583200797,
      0.41422124922100073,
      0.3882319163568934,
      0.39079374779934656,
      0.31894837817106364,
      0.3526903040677841,
      0.41077364082465534,
      0.5912913118318742,
      0.4788644900317833,
      0.4384608893951611,
      0.40830323449209777,
      0.4943263414575713,
      0.4960625971000619,
      0.4255758600381461,
      0.43474986779583824,
      0.3761891585785357,
      0.3563294942122494,
      0.6163733102053933,
      0.8075558459202383
   ],
   "0.75": [
      0.10868011654454005,
      0.1147028536423119,
      0.07996793868523297,
      0.08628490841579939,
      0.11351854220244424,
      0.13296552219104962,
      0.12095993027240286,
      0.1485987128796383,
      0.13024990511570125,
      0.09866100671665856,
      0.09813617555560702,
      0.14941534293213218,
      0.20020241787194726,
      0.218338963361379,
      0.20667253721409787,
      0.19649736363218237,
      0.20970247766528807,
      0.26283159234755477,
      0.23489767295616215,
      0.22213560057334203,
      0.1789538720225233,
      0.16433370563103794,
      0.2511631221730979,
      0.26322751010128703,
      0.2910675076231938,
      0.29478143303103993,
      0.21120795297534567,
      0.289932302053635,
      0.24397762265601133,
      0.2385770595928105,
      0.2713028406150528,
      0.1810733966518383,
      0.16951270296914175,
      0.16221484017197452,
      0.15064523193019608,
      0.1892408740505612,
      0.1976821720050003,
      0.18075339497255113,
      0.16169961504100858,
      0.17056389316636208,
      0.24060912845092722,
      0.25304545335097095,
      0.1716913191798467,
      0.1732357760771689,
      0.17833570761116363,
      0.1963672504552909,
      0.3364735629625124,
      0.4526639093646572
   ]
}