{
  "0.95": 0.886119257086999,
  "0.9": 0.7952101661779081,
  "0.75": 0.4696969696969697
}