{
   "0.95": [
      0.4065225676569406,
      0.41873176235529136,
      0.2927611802241742,
      0.45809392321855236,
      0.629312182796992,
      0.5242628905685671,
      0.42371894354880024,
      0.4667588713770277,
      0.4596457527178924,
      0.44958019006292926,
      0.3692762894508576,
      0.5329781366274658,
      0.46918353070813457,
      0.49235529122672805,
      0.3966428671601724,
      0.36397857666435157,
      0.3425759922266554,
      0.3276102010704218,
      0.39178970472431685,
      0.3625282424214064,
      0.42886865261283286,
      0.45912498162535775,
      0.597558551607605,
      0.5391224667680375,
      0.7088576547633757,
      0.6458847755618838,
      0.668689064728624,
      0.6338633475040544,
      0.7087975819771382,
      0.7200747374404757,
      0.4974121648483071,
      0.6596801232933622,
      0.6876208763475467,
      0.5111534797351845,
      0.5720969416696305,
      0.8216790966673926,
      0.947187797628022,
      0.6646246722027972,
      0.6800196639844663,
      0.7086118505919222,
      0.6389838790531747,
      0.7240970574815907,
      0.7261918777744127,
      0.6520952924044978,
      0.5751325397345926,
      0.5968521425196669,
      0.783456695807954,
      0.9655384445931505
   ],
   "0.9": [
      0.20101739114465708,
      0.22044271023094564,
      0.18530087201567147,
      0.2725229932489799,
      0.29602419139516545,
      0.3485263075394261,
      0.2762121739434013,
      0.2832449269861308,
      0.28212768927528475,
      0.2496065303879803,
      0.24666536756097757,
      0.3532726044600557,
      0.3359310307179833,
      0.3603701322420228,
      0.28690703208059803,
      0.2625307184755169,
      0.24871363311052183,
      0.2469626682367774,
      0.3038885818699486,
      0.2557301606461366,
      0.33612199543370147,
      0.37517860749494153,
      0.4285973530156577,
      0.3449485205084678,
      0.5142979904069735,
      0.42174592808318784,
      0.4712641224382558,
      0.414286198089941,
      0.5428202867414673,
      0.4951336793745164,
      0.36849054281308713,
      0.3927106181094369,
      0.5323816995099349,
      0.34885701598579033,
      0.37179638342448046,
      0.43660695286790274,
      0.6339708300152709,
      0.49609714937839994,
      0.45678486000350055,
      0.44624217887375767,
      0.4784048582255866,
      0.5218959168691742,
      0.4997192620814892,
      0.4401968824408855,
      0.4037069743618573,
      0.42568692362700916,
      0.607054712288371,
      0.7579478879059595
   ],
   "0.75": [
      0.05543574930936518,
      0.07865699006875479,
      0.0743327470901134,
      0.09143895177017916,
      0.108857256317812,
      0.10501045785886426,
      0.08604081182897166,
      0.08470356507702279,
      0.10066467605854013,
      0.06866585624673255,
      0.07140607718608656,
      0.085915275016153,
      0.08322551489751563,
      0.09175542725887212,
      0.12035148764615619,
      0.11090606923940267,
      0.09940865307184667,
      0.099818009884561,
      0.11741543628609005,
      0.10252803238127543,
      0.10988576974221254,
      0.12529324733403346,
      0.09859120722567191,
      0.0892376817194342,
      0.11256435602784294,
      0.16739570400660922,
      0.18658821910266996,
      0.1629145135006996,
      0.20892527832798333,
      0.13803616404283645,
      0.15616397170246,
      0.15704333977792082,
      0.22414064963733843,
      0.1561725940578072,
      0.14876376711903716,
      0.19887324439086612,
      0.23250235442054665,
      0.19965055199430198,
      0.15909287249749812,
      0.14671128564843425,
      0.19270834037541168,
      0.19805703802535007,
      0.18065371591409046,
      0.1785635908985339,
      0.20019098125754364,
      0.20043341604570927,
      0.31970489802763147,
      0.35350275760077443
   ]
}