{
  "0.95": 0.8899041675952752,
  "0.9": 0.7956318252730109,
  "0.75": 0.5105861377312235
}