{
  "0.95": 0.8878983730777803,
  "0.9": 0.8018720748829953,
  "0.75": 0.5190550479162024
}