{
   "0.95": [
      0.711269532665009,
      0.8174718455371259,
      0.8551830703714302,
      0.8139883163863932,
      0.8944046729450883,
      0.6939632264699916,
      0.7883290731488358,
      0.7953845851669735,
      0.656005471129985,
      0.5124800651929156,
      0.36614131803198013,
      0.2914567078444663,
      0.3810699640568104,
      0.35711335287332413,
      0.3521200554979635,
      0.4141368333629108,
      0.38999666775820035,
      0.49142625191693684,
      0.6667505422720789,
      0.6952829449304151,
      0.6486620869771499,
      0.6846487585935372,
      0.6679591979884174,
      0.6029925005200661,
      0.5348206082874749,
      0.6568018059042618,
      0.5804174508741181,
      0.5613507214396528,
      0.6316092607960954,
      0.5448549027960703,
      0.5166743412960982,
      0.5177516837080448,
      0.5752190587415119,
      0.622674498972822,
      0.5036061436715863,
      0.46855936097272133,
      0.4363882764878064,
      0.45088639977335054,
      0.46473982955054804,
      0.5525466938175116,
      0.5890612341444762,
      0.5795211092728982,
      0.48744415701474,
      0.5474568075865927,
      0.7915847320089217,
      0.9633169600590741,
      0.8154388018438248,
      0.7358013969037865
   ],
   "0.9": [
      0.5901505671396592,
      0.6835639218840391,
      0.714690332541384,
      0.6721505768340795,
      0.7862491610185751,
      0.5823129917215822,
      0.7021743825817514,
      0.6823120446564302,
      0.5163911063516201,
      0.38179359137126967,
      0.2792142768638173,
      0.1775432510406255,
      0.19440024294959538,
      0.22236228601034838,
      0.22232560279673694,
      0.2718802459644145,
      0.27250928845641764,
      0.3493285612305669,
      0.5322358147507124,
      0.5433936512861713,
      0.4860742355542247,
      0.533698453288186,
      0.513553740780271,
      0.46968993804606685,
      0.4192908964489892,
      0.4816807022992756,
      0.4634708985176848,
      0.4457186321542801,
      0.42996664680064606,
      0.4229499611710577,
      0.3781836132142395,
      0.3803479588726687,
      0.40822237107375275,
      0.4186282374637767,
      0.3536024878337008,
      0.3019270670754114,
      0.2783302157165297,
      0.2831747918073299,
      0.33729944863850964,
      0.3690485879948236,
      0.45231935752496316,
      0.41163764506326317,
      0.3459492520058971,
      0.40737761173210557,
      0.577190578680245,
      0.7163021521078861,
      0.6819392589289562,
      0.6160452751466545
   ],
   "0.75": [
      0.3916974486950342,
      0.4362983911166949,
      0.4307897682558211,
      0.4054641525624006,
      0.5267360937396176,
      0.37276723995909494,
      0.4166553943257096,
      0.46951804256216356,
      0.32489388129354135,
      0.22364288771074922,
      0.14669957938841008,
      0.10468539363026771,
      0.08838028615072768,
      0.10066457292417652,
      0.10566425321286733,
      0.11060250152122054,
      0.11212746210861732,
      0.1417329344041139,
      0.22079993724822763,
      0.24637756119743437,
      0.2147635070202065,
      0.22356360456217092,
      0.2014800644839292,
      0.21494392502079127,
      0.20283835778435555,
      0.22230632292201638,
      0.2265346674703068,
      0.23301040829378622,
      0.21495524341884004,
      0.1947845128026372,
      0.1915068615012984,
      0.17903723686152342,
      0.15549197254355007,
      0.10982642292010888,
      0.1159461219101458,
      0.13191692855987963,
      0.14197287020426722,
      0.14992873429234485,
      0.18878822624435998,
      0.18775868200342724,
      0.23121851127904952,
      0.2000748380661588,
      0.1901661145614713,
      0.2405789101694086,
      0.3958900250609487,
      0.3603019124619153,
      0.43802005645529596,
      0.4358653738065781
   ]
}