{
  "0.95": 0.8807666592377981,
  "0.9": 0.7867171829730332,
  "0.75": 0.4818364163137954
}