{
  "0.95": 0.8821038555827947,
  "0.9": 0.789614441720526,
  "0.75": 0.5449075105861377
}