{
   "0.95": [
      0.3100228225171997,
      0.3825600008640918,
      0.3584166538497087,
      0.3661105808875695,
      0.3379363676070599,
      0.3420196810095387,
      0.3896775395252368,
      0.41279166202679607,
      0.37449761195129166,
      0.374268856608257,
      0.3627764146940443,
      0.3903594776886896,
      0.40046655975457657,
      0.38505599387926803,
      0.38331632595568393,
      0.38465252391831184,
      0.42595101338357416,
      0.4298912457976847,
      0.5000684666555938,
      0.534583552637415,
      0.5410684181020555,
      0.5452224209586682,
      0.5844341818067269,
      0.5448802184458883,
      0.47077085631887033,
      0.504739036863549,
      0.5264528822915879,
      0.4931597576522329,
      0.5803232474876672,
      0.5342810161651418,
      0.4844027785207314,
      0.49018813915942233,
      0.532029679838752,
      0.49552616360921314,
      0.40782590666820084,
      0.3461281992776251,
      0.36069262526250667,
      0.3808324911467294,
      0.3697722644897532,
      0.4209832863374544,
      0.45135679200539647,
      0.5007111069538857,
      0.5588888970190553,
      0.5207513678804786,
      0.5382605561447964,
      0.541932822536712,
      0.5271507931303406,
      0.5600482599517891
   ],
   "0.9": [
      0.20362716729755317,
      0.21728390223740945,
      0.2431881759144652,
      0.2425132173439967,
      0.2253049596291873,
      0.2369837136343193,
      0.2755284623788696,
      0.2852113496852598,
      0.26331349524615527,
      0.24623564064021486,
      0.24839616319232052,
      0.25636629950178796,
      0.26701955214744794,
      0.2805415399444765,
      0.2858494088522693,
      0.29492328622184055,
      0.30705196573730165,
      0.3241844905869262,
      0.37498947105467817,
      0.4152275345057647,
      0.4365048476672529,
      0.417093989351795,
      0.42925872583482855,
      0.4324137676134203,
      0.3774034555988828,
      0.38382953943824494,
      0.39030675600398196,
      0.3944224332985162,
      0.40439308767555465,
      0.39767900304294423,
      0.3766683153808544,
      0.35497915192127305,
      0.3748686085427985,
      0.3731725963937082,
      0.30869968397529385,
      0.2502511115320323,
      0.24650450387864628,
      0.2725116675358115,
      0.28454364985509645,
      0.3042320021302481,
      0.32324958964732814,
      0.3421512363464444,
      0.3741150456535352,
      0.36164869406071765,
      0.3886484069253674,
      0.39318275382391904,
      0.38236664250695857,
      0.39851852723357717
   ],
   "0.75": [
      0.09533100947003424,
      0.10122219278928642,
      0.10319525154408651,
      0.09574206016071672,
      0.09638553300814452,
      0.10425452159290967,
      0.11588825769173085,
      0.10173764628282193,
      0.10025760060223622,
      0.11039996473458061,
      0.1143585163171037,
      0.11565300932375773,
      0.11924658851441361,
      0.11412129970756209,
      0.11766436666368403,
      0.14207341267237786,
      0.1571576462582682,
      0.1559748008618927,
      0.18926283804801847,
      0.20350170154848263,
      0.21336816635076336,
      0.20180449382516966,
      0.20418348250765878,
      0.1871883692433579,
      0.2191224939988479,
      0.19574647358593406,
      0.1991970883205066,
      0.20182645738106642,
      0.18792298465814414,
      0.1706154497753826,
      0.1608515070483849,
      0.14080597269021522,
      0.13780628291415326,
      0.12674530687984667,
      0.11983059619162689,
      0.1305008495399356,
      0.12823356903485636,
      0.11959214028643986,
      0.1320604347137393,
      0.13647733609756052,
      0.14116250885946682,
      0.14838295012927585,
      0.13288397352242762,
      0.13298553707676436,
      0.15081981325355173,
      0.15518543767395376,
      0.1610303338252917,
      0.1833851162093916
   ]
}