{
   "0.95": [
      0.8817204301075269,
      0.8924731182795699,
      0.8602150537634409,
      0.8494623655913979,
      0.8172043010752689,
      0.8279569892473119,
      0.8817204301075269,
      0.8924731182795699,
      0.9032258064516129,
      0.8817204301075269,
      0.8709677419354839,
      0.9139784946236559,
      0.956989247311828,
      0.9032258064516129,
      0.9247311827956989,
      0.8924731182795699,
      0.9148936170212766,
      0.8947368421052632,
      0.925531914893617,
      0.9148936170212766,
      0.8829787234042553,
      0.9239130434782609,
      0.8804347826086957,
      0.8709677419354839,
      0.8494623655913979,
      0.8404255319148937,
      0.8723404255319149,
      0.8709677419354839,
      0.8723404255319149,
      0.8494623655913979,
      0.7956989247311828,
      0.8709677419354839,
      0.8723404255319149,
      0.8936170212765957,
      0.9042553191489362,
      0.8723404255319149,
      0.8829787234042553,
      0.8723404255319149,
      0.8829787234042553,
      0.8936170212765957,
      0.8936170212765957,
      0.8617021276595744,
      0.9042553191489362,
      0.9361702127659575,
      0.9468085106382979,
      0.9468085106382979,
      0.9468085106382979,
      0.925531914893617
   ],
   "0.9": [
      0.8064516129032258,
      0.7634408602150538,
      0.7204301075268817,
      0.6881720430107527,
      0.6559139784946236,
      0.7526881720430108,
      0.7634408602150538,
      0.8172043010752689,
      0.8494623655913979,
      0.8172043010752689,
      0.7849462365591398,
      0.8279569892473119,
      0.8602150537634409,
      0.8387096774193549,
      0.8172043010752689,
      0.7741935483870968,
      0.8404255319148937,
      0.8315789473684211,
      0.8191489361702128,
      0.8297872340425532,
      0.8191489361702128,
      0.8152173913043478,
      0.8152173913043478,
      0.8279569892473119,
      0.8279569892473119,
      0.8085106382978723,
      0.8191489361702128,
      0.8172043010752689,
      0.8191489361702128,
      0.7634408602150538,
      0.7096774193548387,
      0.7634408602150538,
      0.776595744680851,
      0.7872340425531915,
      0.7553191489361702,
      0.8085106382978723,
      0.8297872340425532,
      0.776595744680851,
      0.776595744680851,
      0.7446808510638298,
      0.7978723404255319,
      0.8191489361702128,
      0.8191489361702128,
      0.8404255319148937,
      0.8829787234042553,
      0.9148936170212766,
      0.8723404255319149,
      0.8191489361702128
   ],
   "0.75": [
      0.4731182795698925,
      0.5053763440860215,
      0.46236559139784944,
      0.3978494623655914,
      0.44086021505376344,
      0.4731182795698925,
      0.5053763440860215,
      0.45161290322580644,
      0.5161290322580645,
      0.4731182795698925,
      0.3870967741935484,
      0.4731182795698925,
      0.4731182795698925,
      0.5053763440860215,
      0.45161290322580644,
      0.4946236559139785,
      0.6063829787234043,
      0.631578947368421,
      0.6276595744680851,
      0.6170212765957447,
      0.574468085106383,
      0.5434782608695652,
      0.5434782608695652,
      0.5483870967741935,
      0.6129032258064516,
      0.5638297872340425,
      0.48936170212765956,
      0.5376344086021505,
      0.5106382978723404,
      0.46236559139784944,
      0.3870967741935484,
      0.44086021505376344,
      0.5,
      0.48936170212765956,
      0.48936170212765956,
      0.5851063829787234,
      0.574468085106383,
      0.574468085106383,
      0.4787234042553192,
      0.5106382978723404,
      0.44680851063829785,
      0.5212765957446809,
      0.5531914893617021,
      0.6170212765957447,
      0.6276595744680851,
      0.6063829787234043,
      0.6063829787234043,
      0.5425531914893617
   ]
}