{
   "0.95": [
      0.8817204301075269,
      0.9247311827956989,
      0.8709677419354839,
      0.8279569892473119,
      0.8064516129032258,
      0.8387096774193549,
      0.8709677419354839,
      0.9032258064516129,
      0.9139784946236559,
      0.9247311827956989,
      0.8817204301075269,
      0.9032258064516129,
      0.9032258064516129,
      0.8924731182795699,
      0.8709677419354839,
      0.8494623655913979,
      0.8829787234042553,
      0.8736842105263158,
      0.8829787234042553,
      0.8936170212765957,
      0.8829787234042553,
      0.9130434782608695,
      0.8804347826086957,
      0.8924731182795699,
      0.8602150537634409,
      0.8829787234042553,
      0.9361702127659575,
      0.8817204301075269,
      0.8936170212765957,
      0.8387096774193549,
      0.7956989247311828,
      0.8387096774193549,
      0.851063829787234,
      0.8829787234042553,
      0.851063829787234,
      0.8723404255319149,
      0.8404255319148937,
      0.8936170212765957,
      0.8617021276595744,
      0.8723404255319149,
      0.9148936170212766,
      0.9042553191489362,
      0.9042553191489362,
      0.9148936170212766,
      0.925531914893617,
      0.9148936170212766,
      0.8936170212765957,
      0.8829787234042553
   ],
   "0.9": [
      0.7419354838709677,
      0.7634408602150538,
      0.6989247311827957,
      0.7419354838709677,
      0.7096774193548387,
      0.7096774193548387,
      0.7741935483870968,
      0.8279569892473119,
      0.8064516129032258,
      0.7849462365591398,
      0.7634408602150538,
      0.8279569892473119,
      0.8387096774193549,
      0.8279569892473119,
      0.8172043010752689,
      0.7849462365591398,
      0.7978723404255319,
      0.7684210526315789,
      0.8191489361702128,
      0.7872340425531915,
      0.8404255319148937,
      0.782608695652174,
      0.8369565217391305,
      0.8387096774193549,
      0.8279569892473119,
      0.7872340425531915,
      0.8617021276595744,
      0.8064516129032258,
      0.7978723404255319,
      0.7741935483870968,
      0.7204301075268817,
      0.7096774193548387,
      0.7340425531914894,
      0.7978723404255319,
      0.7659574468085106,
      0.7978723404255319,
      0.7659574468085106,
      0.7872340425531915,
      0.7553191489361702,
      0.7340425531914894,
      0.776595744680851,
      0.776595744680851,
      0.8085106382978723,
      0.8297872340425532,
      0.8297872340425532,
      0.8191489361702128,
      0.8085106382978723,
      0.7978723404255319
   ],
   "0.75": [
      0.5591397849462365,
      0.3870967741935484,
      0.34408602150537637,
      0.3548387096774194,
      0.27956989247311825,
      0.40860215053763443,
      0.4946236559139785,
      0.44086021505376344,
      0.43010752688172044,
      0.5161290322580645,
      0.5053763440860215,
      0.4946236559139785,
      0.5806451612903226,
      0.5376344086021505,
      0.4838709677419355,
      0.4946236559139785,
      0.574468085106383,
      0.5789473684210527,
      0.5851063829787234,
      0.5957446808510638,
      0.5319148936170213,
      0.4891304347826087,
      0.5434782608695652,
      0.46236559139784944,
      0.5591397849462365,
      0.5638297872340425,
      0.4787234042553192,
      0.5268817204301075,
      0.43617021276595747,
      0.44086021505376344,
      0.44086021505376344,
      0.3870967741935484,
      0.44680851063829785,
      0.425531914893617,
      0.39361702127659576,
      0.46808510638297873,
      0.5212765957446809,
      0.43617021276595747,
      0.425531914893617,
      0.44680851063829785,
      0.48936170212765956,
      0.5212765957446809,
      0.5106382978723404,
      0.48936170212765956,
      0.5106382978723404,
      0.5531914893617021,
      0.5,
      0.4787234042553192
   ]
}