{
   "0.95": [
      0.31204693725820615,
      0.3771089762852074,
      0.3708153744281525,
      0.36955808586837074,
      0.3318186974572199,
      0.3354051290704238,
      0.39492633887120393,
      0.4207631324268392,
      0.38790047690820745,
      0.40616003690958075,
      0.3948459771605753,
      0.41205301092259594,
      0.4150655757700686,
      0.4332013911577582,
      0.40677060990962716,
      0.4309495137456169,
      0.49004710028310394,
      0.47149416638353364,
      0.4872338930252729,
      0.4825192105790312,
      0.45092642350592815,
      0.44835842536673115,
      0.4660956868796596,
      0.4309574359553779,
      0.42865392814406056,
      0.4452875412797006,
      0.481869877105592,
      0.4837759716151417,
      0.4799669781252004,
      0.4701817076186627,
      0.42757973646837005,
      0.4564783202539268,
      0.4982416397749091,
      0.5053358826412465,
      0.5372873143602294,
      0.5210276413003948,
      0.48736313243847884,
      0.5467927503857,
      0.4650748638233641,
      0.427968538306659,
      0.4570824816671346,
      0.5110165939976169,
      0.5514578236291433,
      0.5307835429632035,
      0.5174596560662287,
      0.5431429808324784,
      0.5232934885377545,
      0.56709931059142
   ],
   "0.9": [
      0.1806534522834932,
      0.20328336643076808,
      0.23902632966128748,
      0.23040547580980938,
      0.21030247647692524,
      0.22736816973585022,
      0.2784471632781399,
      0.29292091481064936,
      0.2774249666230789,
      0.26498147477943923,
      0.26883377161480987,
      0.26965125423018005,
      0.2642163574285137,
      0.2780997958019286,
      0.27120182539593984,
      0.31738410120675764,
      0.33209587764174364,
      0.28823637080970577,
      0.3267281845086542,
      0.33527657972180686,
      0.31897055803542435,
      0.3268204074629907,
      0.3402802100852802,
      0.32000847348119343,
      0.3294996261584836,
      0.3271709868012683,
      0.35142737137535685,
      0.37386251901820927,
      0.3509720044276505,
      0.3380300690191765,
      0.3163029856179268,
      0.3438524877733244,
      0.376886413307514,
      0.3412010085457828,
      0.345438351280259,
      0.30506140474961313,
      0.3168620489428966,
      0.28720504246804107,
      0.28201691077818686,
      0.3052427889484227,
      0.31693610520620946,
      0.3452912523581327,
      0.3727693063107431,
      0.3497637120414201,
      0.3712170446754777,
      0.39301674611493853,
      0.3865309551752841,
      0.3989900911385967
   ],
   "0.75": [
      0.08315304634553959,
      0.08076644303126232,
      0.1020370392245168,
      0.09537030106408949,
      0.09188602618037671,
      0.0992073296539288,
      0.11152278512950241,
      0.09539761941674553,
      0.09331986110262555,
      0.10046259632722025,
      0.1063193407166654,
      0.09939807558732575,
      0.10094108805298944,
      0.08898499312510635,
      0.09195291732187438,
      0.10453829869303524,
      0.1161046368141981,
      0.1050772961362594,
      0.10920152366401013,
      0.1107250632055269,
      0.12164996977149418,
      0.10731363021104154,
      0.12373731307696452,
      0.12131348344035105,
      0.12969906564206893,
      0.12955934781582612,
      0.147089630101418,
      0.11806182732499132,
      0.14935385300626633,
      0.12828547223610873,
      0.12971365433722268,
      0.14033581330670497,
      0.16014117812473735,
      0.14288703271583986,
      0.13314994076241482,
      0.13702965922855817,
      0.13578633503070062,
      0.13388920330043688,
      0.1289462260634002,
      0.11773131763185829,
      0.12458191890055957,
      0.14246249421386248,
      0.12648167914387762,
      0.13154405160060711,
      0.14291870757284078,
      0.15138953063765553,
      0.155634069077321,
      0.1818932216446841
   ]
}