{
   "0.95": [
      0.36883967267383594,
      0.3844511632580033,
      0.33987069043168067,
      0.3557032541577585,
      0.3324107854128712,
      0.31402069558057677,
      0.37688083661411925,
      0.4096484529066429,
      0.396932536069231,
      0.3506454654329646,
      0.34042570831710767,
      0.39439150507240434,
      0.4368471427876674,
      0.4255068668532357,
      0.46065102327886226,
      0.41996685711956433,
      0.48974048004570214,
      0.5850111694885678,
      0.5645440543289405,
      0.6026954711198967,
      0.6383606829444924,
      0.6531597542563707,
      0.6103431577091798,
      0.6145010475027358,
      0.4960012561461154,
      0.5115976628928359,
      0.4826560084442219,
      0.4729709173188242,
      0.5184089411952347,
      0.4917315783626902,
      0.4570197932928129,
      0.47019595754355376,
      0.5184617718214406,
      0.5109649288710346,
      0.4058304375922665,
      0.34563834386333875,
      0.3533731412714336,
      0.3273824333663376,
      0.3638016275855263,
      0.4022933906968213,
      0.4777273129937276,
      0.4635646842774167,
      0.5002029389544027,
      0.5552598699181934,
      0.5542554821631528,
      0.5472984388253336,
      0.5024857744705654,
      0.510777386308846
   ],
   "0.9": [
      0.2457503810891024,
      0.24734932118220732,
      0.2247548125141476,
      0.24501691571083217,
      0.21698306899128508,
      0.23020204239178174,
      0.2752982696102006,
      0.30365515651980357,
      0.29870130866190076,
      0.25883478859413617,
      0.24129286389668247,
      0.2841787769269106,
      0.3153166128506177,
      0.29441414200462657,
      0.3375292600697407,
      0.32058738976110174,
      0.3794088734022004,
      0.42124304805179213,
      0.44505000398019867,
      0.49067793038830726,
      0.5301873598671573,
      0.5027310972288799,
      0.4718592995639424,
      0.48506807031653987,
      0.39919094967313634,
      0.38584007006532073,
      0.3829821044831055,
      0.39457689403236285,
      0.3951754342623991,
      0.35523929115237224,
      0.3368916361649597,
      0.35929622977622283,
      0.3813150634605039,
      0.37324130130778604,
      0.2676788448263793,
      0.24328592438974175,
      0.2546019148718618,
      0.2492112102715858,
      0.25418750253295647,
      0.2580732026010807,
      0.3140934282319698,
      0.31463579162580213,
      0.34078874953250493,
      0.3613844708721918,
      0.37515387943801115,
      0.39781718990518694,
      0.38887128760620454,
      0.37900050299362825
   ],
   "0.75": [
      0.10270367339278659,
      0.1011006702903107,
      0.09693071454729585,
      0.10570913568310163,
      0.10003937895639801,
      0.1013064417884355,
      0.10454443552501413,
      0.10755790139918188,
      0.11793362982723193,
      0.1102523467521928,
      0.09956049672911944,
      0.12555596846425807,
      0.1228507617547775,
      0.11522688319459827,
      0.13121829584856604,
      0.15782776002897075,
      0.20308192641205589,
      0.23037591355534914,
      0.23794495386968276,
      0.2615523083315934,
      0.27772472291479755,
      0.25270137565287715,
      0.24262379195908856,
      0.23701439031410063,
      0.22313075573664912,
      0.20290745781616276,
      0.1940450440698458,
      0.20096870136178027,
      0.19484145417002272,
      0.17552392736392075,
      0.14818464470252124,
      0.14540521351281885,
      0.1529622676915123,
      0.13906936516758048,
      0.128925681127997,
      0.13430571809793526,
      0.12908507410528933,
      0.1118787420703413,
      0.1294953963594815,
      0.11110079826032669,
      0.13119334368833535,
      0.12426163319055934,
      0.1270529604435671,
      0.15601458813596292,
      0.15904494319024662,
      0.1707200708914952,
      0.1689487505665714,
      0.18711530881666094
   ]
}