{
   "0.95": [
      0.8602150537634409,
      0.8709677419354839,
      0.8709677419354839,
      0.8817204301075269,
      0.8494623655913979,
      0.9032258064516129,
      0.8064516129032258,
      0.9032258064516129,
      0.946236559139785,
      0.9354838709677419,
      0.8817204301075269,
      0.8924731182795699,
      0.946236559139785,
      0.9139784946236559,
      0.8817204301075269,
      0.8494623655913979,
      0.8191489361702128,
      0.8315789473684211,
      0.9042553191489362,
      0.8829787234042553,
      0.8936170212765957,
      0.9239130434782609,
      0.9347826086956522,
      0.9032258064516129,
      0.8924731182795699,
      0.9468085106382979,
      0.9361702127659575,
      0.956989247311828,
      0.9361702127659575,
      0.8387096774193549,
      0.7849462365591398,
      0.8064516129032258,
      0.8829787234042553,
      0.8829787234042553,
      0.8617021276595744,
      0.8829787234042553,
      0.8723404255319149,
      0.8617021276595744,
      0.8723404255319149,
      0.9042553191489362,
      0.8829787234042553,
      0.8829787234042553,
      0.9042553191489362,
      0.851063829787234,
      0.8191489361702128,
      0.9042553191489362,
      0.851063829787234,
      0.8404255319148937
   ],
   "0.9": [
      0.7634408602150538,
      0.7956989247311828,
      0.8064516129032258,
      0.8387096774193549,
      0.8064516129032258,
      0.7849462365591398,
      0.7096774193548387,
      0.8709677419354839,
      0.9139784946236559,
      0.8494623655913979,
      0.7956989247311828,
      0.7634408602150538,
      0.7849462365591398,
      0.8279569892473119,
      0.8172043010752689,
      0.8064516129032258,
      0.7659574468085106,
      0.7894736842105263,
      0.8617021276595744,
      0.8191489361702128,
      0.7872340425531915,
      0.8260869565217391,
      0.8586956521739131,
      0.8387096774193549,
      0.8387096774193549,
      0.851063829787234,
      0.851063829787234,
      0.8494623655913979,
      0.7978723404255319,
      0.7204301075268817,
      0.6774193548387096,
      0.7419354838709677,
      0.7446808510638298,
      0.7659574468085106,
      0.7659574468085106,
      0.7553191489361702,
      0.7978723404255319,
      0.7553191489361702,
      0.7340425531914894,
      0.7553191489361702,
      0.7659574468085106,
      0.8085106382978723,
      0.7446808510638298,
      0.776595744680851,
      0.6595744680851063,
      0.776595744680851,
      0.776595744680851,
      0.7127659574468085
   ],
   "0.75": [
      0.5806451612903226,
      0.5698924731182796,
      0.6236559139784946,
      0.7204301075268817,
      0.5698924731182796,
      0.6021505376344086,
      0.5376344086021505,
      0.7204301075268817,
      0.7741935483870968,
      0.7204301075268817,
      0.5591397849462365,
      0.6021505376344086,
      0.5806451612903226,
      0.5483870967741935,
      0.5376344086021505,
      0.4946236559139785,
      0.5106382978723404,
      0.5263157894736842,
      0.5957446808510638,
      0.6170212765957447,
      0.5531914893617021,
      0.4891304347826087,
      0.5108695652173914,
      0.4731182795698925,
      0.5268817204301075,
      0.4787234042553192,
      0.5106382978723404,
      0.5483870967741935,
      0.48936170212765956,
      0.45161290322580644,
      0.45161290322580644,
      0.4838709677419355,
      0.5,
      0.44680851063829785,
      0.48936170212765956,
      0.5531914893617021,
      0.6063829787234043,
      0.5851063829787234,
      0.5638297872340425,
      0.4148936170212766,
      0.39361702127659576,
      0.40425531914893614,
      0.4148936170212766,
      0.5106382978723404,
      0.4787234042553192,
      0.6063829787234043,
      0.648936170212766,
      0.5851063829787234
   ]
}