{
   "0.95": [
      0.9139784946236559,
      0.9354838709677419,
      0.9354838709677419,
      0.9247311827956989,
      0.8817204301075269,
      0.9247311827956989,
      0.946236559139785,
      0.956989247311828,
      0.967741935483871,
      0.989247311827957,
      0.967741935483871,
      0.978494623655914,
      0.989247311827957,
      0.967741935483871,
      0.9354838709677419,
      0.956989247311828,
      0.9361702127659575,
      0.9578947368421052,
      0.9893617021276596,
      0.9680851063829787,
      0.925531914893617,
      1.0,
      0.9456521739130435,
      0.9139784946236559,
      0.9247311827956989,
      0.9361702127659575,
      0.9468085106382979,
      0.9247311827956989,
      0.9468085106382979,
      0.946236559139785,
      0.9139784946236559,
      0.9139784946236559,
      0.9361702127659575,
      0.925531914893617,
      0.9574468085106383,
      0.9787234042553191,
      0.9680851063829787,
      0.9787234042553191,
      0.9680851063829787,
      0.9787234042553191,
      0.9787234042553191,
      0.9787234042553191,
      0.9787234042553191,
      0.9680851063829787,
      0.9893617021276596,
      0.9893617021276596,
      0.9787234042553191,
      0.9893617021276596
   ],
   "0.9": [
      0.8387096774193549,
      0.8494623655913979,
      0.8494623655913979,
      0.8064516129032258,
      0.8172043010752689,
      0.8494623655913979,
      0.9032258064516129,
      0.8924731182795699,
      0.9032258064516129,
      0.9139784946236559,
      0.9139784946236559,
      0.946236559139785,
      0.946236559139785,
      0.956989247311828,
      0.8924731182795699,
      0.8387096774193549,
      0.8829787234042553,
      0.8947368421052632,
      0.9361702127659575,
      0.9148936170212766,
      0.8829787234042553,
      0.9239130434782609,
      0.8586956521739131,
      0.8709677419354839,
      0.8709677419354839,
      0.8297872340425532,
      0.8404255319148937,
      0.8817204301075269,
      0.8829787234042553,
      0.8602150537634409,
      0.7956989247311828,
      0.8494623655913979,
      0.8723404255319149,
      0.8617021276595744,
      0.8723404255319149,
      0.8829787234042553,
      0.8936170212765957,
      0.8829787234042553,
      0.8936170212765957,
      0.9042553191489362,
      0.9042553191489362,
      0.9042553191489362,
      0.8829787234042553,
      0.9148936170212766,
      0.9148936170212766,
      0.9361702127659575,
      0.9042553191489362,
      0.8723404255319149
   ],
   "0.75": [
      0.5376344086021505,
      0.5591397849462365,
      0.5268817204301075,
      0.46236559139784944,
      0.5376344086021505,
      0.5913978494623656,
      0.6774193548387096,
      0.6129032258064516,
      0.6021505376344086,
      0.5913978494623656,
      0.5483870967741935,
      0.6344086021505376,
      0.6774193548387096,
      0.5483870967741935,
      0.6451612903225806,
      0.6559139784946236,
      0.6595744680851063,
      0.6421052631578947,
      0.6808510638297872,
      0.7446808510638298,
      0.6808510638297872,
      0.6195652173913043,
      0.7282608695652174,
      0.6559139784946236,
      0.6559139784946236,
      0.6170212765957447,
      0.6382978723404256,
      0.5806451612903226,
      0.648936170212766,
      0.5913978494623656,
      0.5268817204301075,
      0.5591397849462365,
      0.5212765957446809,
      0.574468085106383,
      0.5425531914893617,
      0.5106382978723404,
      0.5531914893617021,
      0.5957446808510638,
      0.6382978723404256,
      0.5638297872340425,
      0.6063829787234043,
      0.6063829787234043,
      0.6170212765957447,
      0.5957446808510638,
      0.6276595744680851,
      0.5425531914893617,
      0.5638297872340425,
      0.5425531914893617
   ]
}