{
  "0.95": 0.9086249164252285,
  "0.9": 0.8551370626253622,
  "0.75": 0.5872520615110318
}