{
  "0.95": 0.9543124582126142,
  "0.9": 0.883218185870292,
  "0.75": 0.6008468910184979
}