{
   "0.95": [
      0.4932927325773082,
      0.5245690821006691,
      0.5313608633104779,
      0.5370347201871036,
      0.5334672578928785,
      0.502711405298302,
      0.5137508837109775,
      0.5377154407358575,
      0.5465727269360122,
      0.562350586432628,
      0.563139390130397,
      0.5815017176660042,
      0.6271652686839799,
      0.5554908833601363,
      0.5063725305497984,
      0.45438315912770205,
      0.4990448191235189,
      0.5381309965323023,
      0.633013855011303,
      0.6476552235084782,
      0.7074160938588742,
      0.7048940607662635,
      0.7221873041247999,
      0.7888055299492318,
      0.6772980233440357,
      0.6814548459307046,
      0.6706696347065189,
      0.665240754132431,
      0.6508739856378585,
      0.632340875624686,
      0.5851075423673272,
      0.5768649146725203,
      0.5823392646033161,
      0.5196573596612755,
      0.5420230353193229,
      0.4827473975135231,
      0.4935875091505371,
      0.5422461913433108,
      0.5607932472445374,
      0.6078435682797036,
      0.6304596578342536,
      0.6236198275489294,
      0.7057546425989218,
      0.6303267901546562,
      0.681032339923219,
      0.6640981478962669,
      0.6117356806376255,
      0.6020334105400748
   ],
   "0.9": [
      0.33392103217815594,
      0.28940822434880337,
      0.3457214308399212,
      0.35091333578096257,
      0.33569348724462844,
      0.3362332557821562,
      0.3585106011490833,
      0.3756545238346023,
      0.3829789188782644,
      0.3506868977903993,
      0.36918825904583874,
      0.3931483637438753,
      0.418485379613856,
      0.37684894041996087,
      0.35989197667596556,
      0.34370089142447785,
      0.37279970963344955,
      0.3957043975786005,
      0.4825173461201038,
      0.4986021766752587,
      0.5594337018593838,
      0.5452781109719868,
      0.5699174664068606,
      0.6345277110869671,
      0.5276762140728899,
      0.528830786904002,
      0.517862278036394,
      0.512102525027037,
      0.49138591909676327,
      0.46001422253041646,
      0.42179527296779024,
      0.3946432065992199,
      0.4071044798409822,
      0.3697390462327467,
      0.37219061268558157,
      0.3366474951895732,
      0.35439588619424756,
      0.3574299813717826,
      0.39523600759107563,
      0.39297603203110715,
      0.42604247902746556,
      0.4255008494375283,
      0.44723577787209357,
      0.4085482349404275,
      0.4525807464317127,
      0.4303593453382427,
      0.38134298388046484,
      0.3930406059420804
   ],
   "0.75": [
      0.1197673086291885,
      0.1370183408265718,
      0.12916739229742022,
      0.1367626795149324,
      0.13302774130185904,
      0.12894531185209424,
      0.13201305643676028,
      0.12703103222064385,
      0.1285745553815167,
      0.1296828499590436,
      0.1281718085435364,
      0.1358554681117849,
      0.15455837105534925,
      0.1691924394643101,
      0.16359375701484857,
      0.1689746554689434,
      0.18897143554234547,
      0.19693914976310936,
      0.25311662187007017,
      0.2556222524350378,
      0.29477668156258596,
      0.286256985429355,
      0.2932472448530519,
      0.3279510155840288,
      0.27396974582873707,
      0.2619831965360282,
      0.26234173624443174,
      0.2597512745532443,
      0.24079284891548056,
      0.22013308180660884,
      0.19560177812421442,
      0.16945943602644256,
      0.16296021675935818,
      0.15928317252607388,
      0.16281409372900976,
      0.15889463844280072,
      0.15950169386306817,
      0.1591850138399292,
      0.16832764382565713,
      0.1508720722202343,
      0.1576585719601612,
      0.14620177377995516,
      0.1694161133028023,
      0.1546457286410445,
      0.16319720841753502,
      0.13817607097379875,
      0.13180125838163836,
      0.14573230356000083
   ]
}