{
   "0.95": [
      0.0967741935483871,
      0.12903225806451613,
      0.946236559139785,
      0.989247311827957,
      0.989247311827957,
      0.989247311827957,
      0.989247311827957,
      0.989247311827957,
      0.967741935483871,
      0.946236559139785,
      0.978494623655914,
      0.978494623655914,
      0.989247311827957,
      0.956989247311828,
      0.967741935483871,
      0.946236559139785,
      0.9468085106382979,
      0.9578947368421052,
      0.9787234042553191,
      0.9680851063829787,
      0.9574468085106383,
      0.9891304347826086,
      0.9565217391304348,
      0.967741935483871,
      0.956989247311828,
      0.9680851063829787,
      0.9787234042553191,
      0.978494623655914,
      0.9574468085106383,
      0.9354838709677419,
      0.9139784946236559,
      0.946236559139785,
      0.9361702127659575,
      0.8723404255319149,
      0.9148936170212766,
      0.9148936170212766,
      0.9148936170212766,
      0.8936170212765957,
      0.925531914893617,
      0.8617021276595744,
      0.9361702127659575,
      0.8404255319148937,
      0.9042553191489362,
      0.8723404255319149,
      0.8617021276595744,
      0.8191489361702128,
      0.9680851063829787,
      0.9680851063829787
   ],
   "0.9": [
      0.0967741935483871,
      0.12903225806451613,
      0.946236559139785,
      0.956989247311828,
      0.989247311827957,
      0.989247311827957,
      0.989247311827957,
      0.978494623655914,
      0.9354838709677419,
      0.9354838709677419,
      0.967741935483871,
      0.946236559139785,
      0.946236559139785,
      0.956989247311828,
      0.9032258064516129,
      0.9139784946236559,
      0.8936170212765957,
      0.9157894736842105,
      0.9574468085106383,
      0.925531914893617,
      0.9148936170212766,
      0.9021739130434783,
      0.8586956521739131,
      0.8817204301075269,
      0.8924731182795699,
      0.9574468085106383,
      0.9468085106382979,
      0.9139784946236559,
      0.8829787234042553,
      0.8387096774193549,
      0.8064516129032258,
      0.8494623655913979,
      0.8404255319148937,
      0.8085106382978723,
      0.8191489361702128,
      0.851063829787234,
      0.8191489361702128,
      0.8085106382978723,
      0.8404255319148937,
      0.776595744680851,
      0.6382978723404256,
      0.7978723404255319,
      0.8617021276595744,
      0.851063829787234,
      0.8191489361702128,
      0.8191489361702128,
      0.8829787234042553,
      0.8936170212765957
   ],
   "0.75": [
      0.0,
      0.0,
      0.053763440860215055,
      0.7311827956989247,
      0.8709677419354839,
      0.989247311827957,
      0.946236559139785,
      0.8064516129032258,
      0.6881720430107527,
      0.8387096774193549,
      0.9032258064516129,
      0.7741935483870968,
      0.7419354838709677,
      0.7526881720430108,
      0.7311827956989247,
      0.6774193548387096,
      0.7340425531914894,
      0.6631578947368421,
      0.7127659574468085,
      0.7553191489361702,
      0.6702127659574468,
      0.7282608695652174,
      0.6630434782608695,
      0.6021505376344086,
      0.5913978494623656,
      0.5638297872340425,
      0.574468085106383,
      0.6666666666666666,
      0.648936170212766,
      0.5376344086021505,
      0.5806451612903226,
      0.5591397849462365,
      0.5531914893617021,
      0.5,
      0.5425531914893617,
      0.574468085106383,
      0.5851063829787234,
      0.5212765957446809,
      0.46808510638297873,
      0.44680851063829785,
      0.4787234042553192,
      0.574468085106383,
      0.6063829787234043,
      0.6276595744680851,
      0.6702127659574468,
      0.2978723404255319,
      0.0,
      0.0
   ]
}