{
  "0.95": 0.9625585023400937,
  "0.9": 0.8919099621127702,
  "0.75": 0.5990639625585024
}