{
  "0.95": 0.9538667260976154,
  "0.9": 0.8825495876977937,
  "0.75": 0.6064185424559839
}