{
   "0.95": [
      0.49347212508811866,
      0.5246038197596081,
      0.5327127045308145,
      0.5367446637506232,
      0.5338090110297515,
      0.5014698086907462,
      0.51396240251635,
      0.5363353286663072,
      0.5478957180988646,
      0.5604344048286025,
      0.570046711387965,
      0.5798182060049747,
      0.6024297911660869,
      0.5806842332458689,
      0.5689680329182961,
      0.595877483306568,
      0.6558089114292431,
      0.6425788119196224,
      0.6628829118108265,
      0.6449042456308665,
      0.6681407736024367,
      0.6670564865682943,
      0.6813813658037596,
      0.6377844783667934,
      0.607548501770406,
      0.637649150574791,
      0.7053296830961968,
      0.7004231499434225,
      0.728335106171781,
      0.6514671632076822,
      0.5888157445901542,
      0.6765236276459777,
      0.6400270507478024,
      0.6634089984463755,
      0.6621169878390688,
      0.599496749119045,
      0.5964332243480147,
      0.6021267965599783,
      0.5610831378632333,
      0.5963082728653288,
      0.6144184949328925,
      0.6191268396102119,
      0.6996372808209635,
      0.6248110299036393,
      0.6721437116695637,
      0.6639404732381106,
      0.6157926859678303,
      0.6016445171653886
   ],
   "0.9": [
      0.32837766423056397,
      0.2899993869590384,
      0.34275972978212516,
      0.3484642300362817,
      0.33346446264625135,
      0.3343389641093843,
      0.357115674116411,
      0.37336492201360577,
      0.38172210763299336,
      0.3495474482104063,
      0.37372997078954784,
      0.3887145267069325,
      0.4046353775077804,
      0.39211438468211623,
      0.38585997821588186,
      0.43933263107279885,
      0.45489703823501715,
      0.43425249941975785,
      0.46040055466626706,
      0.4543751066568233,
      0.4266785758987078,
      0.4590163303949556,
      0.46535018744718526,
      0.4314636387343087,
      0.41732670020857926,
      0.4341324228458922,
      0.4894185151303981,
      0.4868426751676427,
      0.5032990428730643,
      0.4319411583393995,
      0.4014024738208438,
      0.45585602090857685,
      0.44190338826373826,
      0.4692159903763077,
      0.4409548098125264,
      0.4069962893595164,
      0.4149515710406843,
      0.38127243902961294,
      0.38138795753711197,
      0.38445846469876266,
      0.40944547583932067,
      0.4219843845003114,
      0.44143781331550475,
      0.40455879239345327,
      0.4433072060926325,
      0.4292788328180184,
      0.3765765057524019,
      0.3905503906580389
   ],
   "0.75": [
      0.11812625079357647,
      0.14611818167117013,
      0.1258367833303414,
      0.13467376133268721,
      0.13061674739432355,
      0.1268336148143894,
      0.12860740358441963,
      0.12627678012102736,
      0.12489544775685937,
      0.12761290223924296,
      0.12490594567894903,
      0.12650236215498054,
      0.1275664044034073,
      0.1352725654307272,
      0.13370329173935785,
      0.14672764765903074,
      0.15907406633300367,
      0.15282554909176793,
      0.141897202070418,
      0.14170486137252183,
      0.1620193108042334,
      0.15253156499112133,
      0.17290047108992404,
      0.17356492449179967,
      0.1668134471757897,
      0.1740095463484948,
      0.17728243748612765,
      0.1558195524012776,
      0.16750962701172312,
      0.15495875427198377,
      0.1484177967499859,
      0.16565163404236002,
      0.15702051799923955,
      0.166362229014133,
      0.15572475649539166,
      0.14791210799574897,
      0.14556540986784158,
      0.1465274977663043,
      0.14951609852390824,
      0.14121099212809593,
      0.14577491820686647,
      0.14696447528479492,
      0.15752571719114639,
      0.152233795953672,
      0.15677444353760528,
      0.1380435778984696,
      0.12828240059737078,
      0.14595792238861707
   ]
}