{
   "0.95": [
      1.2671551881403114,
      1.3050573515565325,
      1.3050573515565325,
      1.3676418934925834,
      1.5323515580517222,
      1.9332289375031753,
      2.1766897007947503,
      1.2974684778364858,
      0.9115140471639581,
      0.8173452103986605,
      0.9739440581061712,
      1.083386334133042,
      1.285423359070768,
      1.0624892436403583,
      0.7246086455183168,
      0.7121024498199174,
      0.6802411523711985,
      0.7665833279861456,
      0.8901775147747643,
      0.9096422678350603,
      0.9629313216938915,
      0.909601301854814,
      0.9522151887627609,
      0.8650481060162208,
      0.7212922240128933,
      0.7384917788620738,
      0.7309714796862783,
      0.727368376610574,
      0.7164226031918014,
      0.6949406784694074,
      0.6971066103219654,
      0.679054109979105,
      0.6938361776897486,
      0.5977155908152669,
      0.6408545830535705,
      0.5203427075641557,
      0.5421019125119007,
      0.5918372954351037,
      0.4230948258914414,
      0.535001356607185,
      0.27056031395756325,
      0.9095130892567361,
      0.2661209055568436,
      0.9004400957114804,
      0.4719638063477037,
      0.7503089318424436,
      0.5462036457164486,
      0.9073422615395482
   ],
   "0.9": [
      0.9901116946180091,
      1.0000000000000004,
      1.3024334524875643,
      1.2192079179030637,
      1.2192079179030633,
      1.4491260234672214,
      1.8500034029186738,
      0.9466997640656679,
      0.6456916529035451,
      0.6166268381187814,
      0.6570328994320921,
      0.7222954342180758,
      0.9153975291793072,
      0.7589627615956606,
      0.5148459685026603,
      0.5210056512805262,
      0.5137009588345973,
      0.5694697241244575,
      0.7061760406973123,
      0.7069823963738657,
      0.7584238995910053,
      0.7298860518863717,
      0.7582799590565727,
      0.6784675682763877,
      0.5705503715965273,
      0.5744455260233662,
      0.5408038694914497,
      0.5789336031185213,
      0.5543302684394242,
      0.5405269511759478,
      0.5146102948202316,
      0.5225721817681714,
      0.4813282703639154,
      0.4519209600570258,
      0.4331450897350557,
      0.3505265000395395,
      0.3526328866695693,
      0.4139083644923471,
      0.2745935343503095,
      0.36210154566446257,
      0.12991374893255958,
      0.6487772636590918,
      0.21353221999901542,
      0.7221602372564334,
      0.4036868855128094,
      0.5332066760896916,
      0.37744081136854746,
      0.5429159989031929
   ],
   "0.75": [
      0.0803068311826216,
      0.08030683118262152,
      0.8065777227389183,
      0.8548185193701116,
      0.9148954558200346,
      1.060178056486121,
      1.1813057544868433,
      0.554748607396518,
      0.2725815494278854,
      0.30124633153172803,
      0.3775012485162779,
      0.20333838980304966,
      0.2697619352146093,
      0.2657450679739629,
      0.19525320216587166,
      0.20093574483387058,
      0.22170867596404412,
      0.2544735329147171,
      0.34427618943493027,
      0.3649613706994323,
      0.3666170594201969,
      0.3693209109357523,
      0.3711562925828034,
      0.3524622258244914,
      0.30046540864212423,
      0.28631459286251804,
      0.2821957144583353,
      0.2904811409375112,
      0.2829096033327044,
      0.24426093276327385,
      0.24630842471767403,
      0.23089214631885133,
      0.19837762874121898,
      0.15238347616777823,
      0.13743418999005907,
      0.11692234600897052,
      0.07784796606155978,
      0.12685345185757524,
      0.06372736807700598,
      0.1622834043886743,
      0.06584090459429733,
      0.382679680938242,
      0.08700638885661297,
      0.2921987442280307,
      0.20335814069321032,
      0.15387509823853585,
      0.07325299202070036,
      0.10956795333775358
   ]
}