{
   "0.95": [
      0.9032258064516129,
      0.946236559139785,
      0.946236559139785,
      0.9354838709677419,
      0.9032258064516129,
      0.9247311827956989,
      0.946236559139785,
      0.946236559139785,
      0.956989247311828,
      0.978494623655914,
      0.989247311827957,
      0.978494623655914,
      0.967741935483871,
      0.978494623655914,
      0.946236559139785,
      0.967741935483871,
      0.9787234042553191,
      0.9789473684210527,
      0.9680851063829787,
      0.9680851063829787,
      0.9361702127659575,
      0.9565217391304348,
      0.9565217391304348,
      0.956989247311828,
      0.967741935483871,
      0.9787234042553191,
      0.9574468085106383,
      0.967741935483871,
      0.9787234042553191,
      0.946236559139785,
      0.946236559139785,
      0.9354838709677419,
      0.9680851063829787,
      0.9893617021276596,
      0.9787234042553191,
      0.9680851063829787,
      0.9574468085106383,
      0.9787234042553191,
      0.9787234042553191,
      0.9893617021276596,
      0.9787234042553191,
      0.9680851063829787,
      0.9574468085106383,
      0.9574468085106383,
      0.9787234042553191,
      0.9893617021276596,
      0.9787234042553191,
      0.9893617021276596
   ],
   "0.9": [
      0.8494623655913979,
      0.8172043010752689,
      0.8602150537634409,
      0.7741935483870968,
      0.7741935483870968,
      0.8279569892473119,
      0.9032258064516129,
      0.9032258064516129,
      0.9139784946236559,
      0.8924731182795699,
      0.9032258064516129,
      0.9354838709677419,
      0.946236559139785,
      0.9354838709677419,
      0.9354838709677419,
      0.9032258064516129,
      0.9361702127659575,
      0.9157894736842105,
      0.9361702127659575,
      0.925531914893617,
      0.8936170212765957,
      0.9021739130434783,
      0.9021739130434783,
      0.8494623655913979,
      0.8709677419354839,
      0.9042553191489362,
      0.8297872340425532,
      0.8709677419354839,
      0.8617021276595744,
      0.8817204301075269,
      0.8387096774193549,
      0.8602150537634409,
      0.8723404255319149,
      0.9042553191489362,
      0.9148936170212766,
      0.9468085106382979,
      0.925531914893617,
      0.8723404255319149,
      0.9042553191489362,
      0.8936170212765957,
      0.8936170212765957,
      0.9042553191489362,
      0.8936170212765957,
      0.8829787234042553,
      0.9361702127659575,
      0.9468085106382979,
      0.9148936170212766,
      0.9468085106382979
   ],
   "0.75": [
      0.5591397849462365,
      0.5483870967741935,
      0.5806451612903226,
      0.5268817204301075,
      0.4946236559139785,
      0.6021505376344086,
      0.6129032258064516,
      0.6236559139784946,
      0.5913978494623656,
      0.6129032258064516,
      0.5698924731182796,
      0.6236559139784946,
      0.6236559139784946,
      0.6021505376344086,
      0.6344086021505376,
      0.6881720430107527,
      0.7021276595744681,
      0.6842105263157895,
      0.6382978723404256,
      0.6702127659574468,
      0.6382978723404256,
      0.6413043478260869,
      0.6521739130434783,
      0.6021505376344086,
      0.6129032258064516,
      0.574468085106383,
      0.4787234042553192,
      0.4946236559139785,
      0.48936170212765956,
      0.5376344086021505,
      0.5161290322580645,
      0.5806451612903226,
      0.574468085106383,
      0.6276595744680851,
      0.6170212765957447,
      0.5851063829787234,
      0.6595744680851063,
      0.6595744680851063,
      0.6702127659574468,
      0.5851063829787234,
      0.574468085106383,
      0.574468085106383,
      0.6063829787234043,
      0.6170212765957447,
      0.648936170212766,
      0.5851063829787234,
      0.5851063829787234,
      0.574468085106383
   ]
}