{
   "0.95": [
      0.9032258064516129,
      0.946236559139785,
      0.946236559139785,
      0.9354838709677419,
      0.9032258064516129,
      0.9247311827956989,
      0.946236559139785,
      0.946236559139785,
      0.956989247311828,
      0.978494623655914,
      0.989247311827957,
      0.978494623655914,
      0.967741935483871,
      0.967741935483871,
      0.946236559139785,
      0.9354838709677419,
      0.9680851063829787,
      0.968421052631579,
      0.9680851063829787,
      0.9468085106382979,
      0.9148936170212766,
      0.967391304347826,
      0.9456521739130435,
      0.9247311827956989,
      0.9354838709677419,
      0.9468085106382979,
      0.9361702127659575,
      0.956989247311828,
      0.9574468085106383,
      0.9354838709677419,
      0.8924731182795699,
      0.9247311827956989,
      0.9361702127659575,
      0.9468085106382979,
      0.9893617021276596,
      0.9893617021276596,
      0.9680851063829787,
      0.9680851063829787,
      0.9680851063829787,
      0.9787234042553191,
      0.9680851063829787,
      0.9680851063829787,
      0.9574468085106383,
      0.9574468085106383,
      0.9787234042553191,
      0.9787234042553191,
      0.9787234042553191,
      0.9893617021276596
   ],
   "0.9": [
      0.8602150537634409,
      0.8172043010752689,
      0.8709677419354839,
      0.7741935483870968,
      0.7741935483870968,
      0.8279569892473119,
      0.9032258064516129,
      0.9032258064516129,
      0.9139784946236559,
      0.8817204301075269,
      0.9032258064516129,
      0.9354838709677419,
      0.956989247311828,
      0.9247311827956989,
      0.9139784946236559,
      0.8924731182795699,
      0.9148936170212766,
      0.9157894736842105,
      0.9468085106382979,
      0.9042553191489362,
      0.8936170212765957,
      0.9347826086956522,
      0.8913043478260869,
      0.8494623655913979,
      0.9032258064516129,
      0.8617021276595744,
      0.8829787234042553,
      0.9032258064516129,
      0.8723404255319149,
      0.7849462365591398,
      0.8064516129032258,
      0.8494623655913979,
      0.8723404255319149,
      0.8404255319148937,
      0.8723404255319149,
      0.8936170212765957,
      0.9042553191489362,
      0.8617021276595744,
      0.8723404255319149,
      0.851063829787234,
      0.8829787234042553,
      0.8936170212765957,
      0.8617021276595744,
      0.8723404255319149,
      0.925531914893617,
      0.9361702127659575,
      0.9042553191489362,
      0.9468085106382979
   ],
   "0.75": [
      0.5698924731182796,
      0.5483870967741935,
      0.5806451612903226,
      0.5268817204301075,
      0.5053763440860215,
      0.6021505376344086,
      0.6129032258064516,
      0.6236559139784946,
      0.6129032258064516,
      0.6236559139784946,
      0.5591397849462365,
      0.6344086021505376,
      0.6666666666666666,
      0.6989247311827957,
      0.6774193548387096,
      0.7204301075268817,
      0.7659574468085106,
      0.7052631578947368,
      0.7127659574468085,
      0.7340425531914894,
      0.6702127659574468,
      0.6195652173913043,
      0.6630434782608695,
      0.6344086021505376,
      0.6129032258064516,
      0.5638297872340425,
      0.574468085106383,
      0.5376344086021505,
      0.6382978723404256,
      0.5483870967741935,
      0.4946236559139785,
      0.4838709677419355,
      0.48936170212765956,
      0.5319148936170213,
      0.5425531914893617,
      0.6063829787234043,
      0.5957446808510638,
      0.574468085106383,
      0.6808510638297872,
      0.5638297872340425,
      0.6170212765957447,
      0.5851063829787234,
      0.6063829787234043,
      0.6063829787234043,
      0.6702127659574468,
      0.574468085106383,
      0.574468085106383,
      0.5638297872340425
   ]
}