{
   "0.95": [
      0.5246082231584719,
      0.5395499962392707,
      0.5374567151485774,
      0.5262070584230576,
      0.5039266603679908,
      0.4915237518646278,
      0.5227583079852504,
      0.5238742880723296,
      0.5294586243839748,
      0.5296949562286026,
      0.525932641924353,
      0.5539294398834346,
      0.6167976581723099,
      0.5548304528155354,
      0.5430714024601174,
      0.5627679790791443,
      0.5931604581497937,
      0.6281441350088843,
      0.6651559227401292,
      0.7197697821710994,
      0.7817856366797709,
      0.8194276657803122,
      0.8376280271140693,
      0.8267850017598013,
      0.8422890469424855,
      0.8513209701923352,
      0.8296925673685271,
      0.807116718559324,
      0.7410351322267696,
      0.6654639739102719,
      0.6636430904983304,
      0.6725386394133749,
      0.7042014498287573,
      0.6485490599518225,
      0.5645282062783433,
      0.6186624707184746,
      0.5792112775143857,
      0.5574122088657074,
      0.5465336217198763,
      0.5634929810648338,
      0.5964142380344751,
      0.6223195247791652,
      0.6907660518284805,
      0.665083082473856,
      0.6603842879618645,
      0.6968956528216954,
      0.6402824071980142,
      0.6080083220160538
   ],
   "0.9": [
      0.3552768059501329,
      0.31986052770765067,
      0.35426319925333544,
      0.3560427488832538,
      0.3443380709403395,
      0.3403884738608262,
      0.3640452872284699,
      0.35899922211122465,
      0.36525455854442357,
      0.3433059125277637,
      0.34930867014328276,
      0.37719662483258626,
      0.41579739814402883,
      0.39126359004748684,
      0.38422426099417883,
      0.41319381701399543,
      0.4273617556639908,
      0.4608532211507094,
      0.5017686676495378,
      0.5495987674308667,
      0.615300212560093,
      0.6339442856860008,
      0.6619054012666168,
      0.6594236197785333,
      0.6643114251739195,
      0.6700750323685274,
      0.6511844051801456,
      0.6451091466359515,
      0.5664471599132544,
      0.5091894110442213,
      0.504453076096922,
      0.45920829347028363,
      0.5176947202216173,
      0.48055614289722576,
      0.40859072810632263,
      0.4420949904092135,
      0.4034078249190559,
      0.373915122631918,
      0.3637696664607268,
      0.3863912874155062,
      0.4432160792790391,
      0.43986313375823827,
      0.44668325678635357,
      0.4392851666176359,
      0.43014870050824483,
      0.44694243939738343,
      0.41189886670289827,
      0.3926074598250449
   ],
   "0.75": [
      0.12163056503008067,
      0.1294831103558398,
      0.13100889105312552,
      0.13327666379405553,
      0.1363236353539238,
      0.13527605810317278,
      0.13442271418502347,
      0.12369350057587997,
      0.12632003372407455,
      0.12495109942413893,
      0.12641455459731554,
      0.13971488253793332,
      0.157065275492097,
      0.16255932956462676,
      0.17388882870869116,
      0.2003478790374848,
      0.21207823290210126,
      0.22922472627333598,
      0.25721782003577826,
      0.28754057790255244,
      0.32158040185707054,
      0.32583923522091024,
      0.35620955218261596,
      0.3493000873523789,
      0.347188234124312,
      0.3463790781226851,
      0.3370989061035306,
      0.33010256496696055,
      0.28115079270956284,
      0.243230694387773,
      0.23200706879389807,
      0.21646104394156107,
      0.19841982359394172,
      0.2050522542038541,
      0.17340517764111973,
      0.20292325736115693,
      0.17931869447175425,
      0.16364506784748858,
      0.1447421337793816,
      0.14304704457785042,
      0.15473465130166206,
      0.14706168291965127,
      0.16288766060981014,
      0.1576877973031526,
      0.1570798129782462,
      0.1420244611788858,
      0.14093168464766578,
      0.145430546174953
   ]
}