{
  "0.95": 0.9066471163245357,
  "0.9": 0.8391984359726296,
  "0.75": 0.6559139784946236
}