{
  "0.95": 0.8211143695014663,
  "0.9": 0.7155425219941349,
  "0.75": 0.4305962854349951
}