{
  "0.95": 0.8382209188660802,
  "0.9": 0.7038123167155426,
  "0.75": 0.3866080156402737
}