{
  "0.95": 0.8313782991202346,
  "0.9": 0.7238514173998045,
  "0.75": 0.44868035190615835
}