{
   "0.95": [
      0.3579504008855947,
      0.48582087758285103,
      0.2489122220634086,
      0.2282146697239201,
      0.37022582928269865,
      0.30829172074718986,
      0.2583069742723621,
      0.3272361912350365,
      0.3062545822607494,
      0.4138997270763691,
      0.455289713849869,
      0.4014107662366084,
      0.45123800779958834,
      0.5117919586659454,
      0.4795663149050821,
      0.41353872541923553,
      0.3286614933709482,
      0.3270424734669461,
      0.41411202080742715,
      0.40262963996137663,
      0.339539344434591,
      0.5890695930462341,
      0.842124146045601,
      0.5999534880030156,
      0.8428785596939391,
      0.8145987178526591,
      0.5475028176666169,
      0.42498464462260693,
      0.5119565917022858,
      0.6199916293228586,
      0.47366300187567917,
      0.5032842595108422,
      0.6747509307858252,
      0.34411915492078116,
      0.37251147780947064,
      0.3398382264525941,
      0.449384504584146,
      0.4941300756478545,
      0.5097976684851017,
      0.682097660421596,
      0.5747597632948421,
      0.5364538778123431,
      0.5881216761522404,
      0.5495247408997623,
      0.6250441704542652,
      0.5900146204044108,
      0.4304615989087389,
      0.46564356485585995
   ],
   "0.9": [
      0.2784686885869625,
      0.297024072717836,
      0.22423608034315995,
      0.1917763527633268,
      0.2242138129558116,
      0.20669109035115243,
      0.1580173793149467,
      0.2214481612049551,
      0.14834563921710248,
      0.21519746307502985,
      0.22818739590166817,
      0.26039293911311445,
      0.29204617479293526,
      0.20750901484342762,
      0.22233744685568108,
      0.22993546471796822,
      0.22960768391888098,
      0.2531998038136997,
      0.3428667396198391,
      0.2692380775772448,
      0.2828203828897639,
      0.3574235404601404,
      0.42344222658602126,
      0.2979081758725403,
      0.27328792286164344,
      0.29593719859205725,
      0.2728373132420463,
      0.24035588645829417,
      0.406068519676054,
      0.39218884850110275,
      0.3357287870739085,
      0.3504766412670593,
      0.38979739995829316,
      0.25379739622189723,
      0.2898972312653304,
      0.17725177482067345,
      0.230548421884141,
      0.3329931881654144,
      0.295899090589202,
      0.44290778745379555,
      0.4129236811181385,
      0.45008046097940174,
      0.43134797255135765,
      0.41140044877937043,
      0.4315651638909613,
      0.43364745833683443,
      0.345902461235765,
      0.34996607100070115
   ],
   "0.75": [
      0.1273554762012721,
      0.09962410435592013,
      0.06687421048993679,
      0.08289004203938859,
      0.06485224481233891,
      0.06204446220692826,
      0.053037730351127174,
      0.04905799143124767,
      0.0539487918947459,
      0.06962012383696266,
      0.06492645057421707,
      0.04841756772755343,
      0.046383028036934046,
      0.09687425663072129,
      0.09750977955587915,
      0.0671647168577066,
      0.06864486209714776,
      0.07170239250402788,
      0.09272826308755512,
      0.11877868704643907,
      0.059293653892022784,
      0.14087609387842615,
      0.08229449398919829,
      0.06948949346761311,
      0.09469441861378794,
      0.0839144665924347,
      0.09421923212670513,
      0.0922757342726413,
      0.1116688547229278,
      0.08820100715252477,
      0.1526681409107742,
      0.13670482427413622,
      0.1588698592291894,
      0.13276592058132378,
      0.08634791805005584,
      0.10719540421492306,
      0.10673209385375595,
      0.13087337404287247,
      0.1454355823607514,
      0.13742118051351782,
      0.1850400234503302,
      0.15498073647263694,
      0.1887833969026197,
      0.1745734624616362,
      0.15393306452857683,
      0.17341690699992907,
      0.13923792973502028,
      0.14295626002903353
   ]
}