{
   "0.95": [
      0.35768609015059255,
      0.4856100797269514,
      0.24880238914068697,
      0.22821466972392013,
      0.37022582928269887,
      0.308267203302632,
      0.2583069742723624,
      0.3299580159392655,
      0.304683536439493,
      0.42130555922301477,
      0.45970516488249874,
      0.4593534854605095,
      0.4038233015425436,
      0.45976265245707043,
      0.34724666750900074,
      0.47870973128018485,
      0.3799900639223846,
      0.5161408797906022,
      0.4304143238189689,
      0.5146639408154428,
      0.48648950187875734,
      0.43315671246956977,
      0.583633725035228,
      0.7457815610727192,
      0.8895658123627646,
      0.5956030007168709,
      0.40816261051382474,
      0.4851987506132354,
      0.43750643820616414,
      0.49811244431792495,
      0.46438995588268245,
      0.45812303276251465,
      0.6906154510623783,
      0.3744134182654238,
      0.39365988125141754,
      0.31863200304065337,
      0.463482428293495,
      0.5065486372906273,
      0.5178585276240701,
      0.6827298972926873,
      0.5791322831600317,
      0.5367148746529774,
      0.588141260927201,
      0.5497227350883153,
      0.6270397296232462,
      0.5900146204044109,
      0.4304615989087389,
      0.46564356485586006
   ],
   "0.9": [
      0.2784237230186827,
      0.29688477751657827,
      0.22404766282051264,
      0.19177635276332664,
      0.22423326903246998,
      0.20669109035115238,
      0.15800964875941576,
      0.2370663799564886,
      0.15230763773787453,
      0.2107452460821127,
      0.22375283041622476,
      0.26915878595134873,
      0.3078218876598901,
      0.35516817763089265,
      0.29080309417084294,
      0.31237790597269544,
      0.32029374242829495,
      0.4234866234576147,
      0.36799047829937026,
      0.41410684477927134,
      0.33159520532833614,
      0.34186755793821294,
      0.4664552491644539,
      0.5208773582700634,
      0.5022825640774381,
      0.5105986666059544,
      0.30875894083425554,
      0.33370546693567743,
      0.3273217628641633,
      0.3581625720272806,
      0.360634123094716,
      0.3777860172158018,
      0.47876895146540294,
      0.2750080510829008,
      0.28613025529130304,
      0.2098926493032947,
      0.24620877051659576,
      0.32231543794717593,
      0.2942170489436659,
      0.4449760691954725,
      0.4237573846220758,
      0.4552227526101733,
      0.43138714210127793,
      0.41140044877937015,
      0.43178761173108543,
      0.421948483739834,
      0.34590246123576524,
      0.34976003256680066
   ],
   "0.75": [
      0.12740766943683549,
      0.0995808774207202,
      0.06660840173059303,
      0.08283876826238296,
      0.064674790656027,
      0.06198455187441761,
      0.052977684377083584,
      0.04905799143124771,
      0.06440105683162241,
      0.09052616682929457,
      0.1101805730769314,
      0.10439680879219708,
      0.11600563278969968,
      0.1566073054040624,
      0.1739586321782631,
      0.1745907998051128,
      0.22315250693794422,
      0.24479909532196467,
      0.2506152414335863,
      0.21803881556857235,
      0.16013494554525692,
      0.1814209758872051,
      0.2602888279939751,
      0.2760130461397682,
      0.24902842930670513,
      0.2580622373142307,
      0.17096935364666166,
      0.16845211645178002,
      0.1341472191395764,
      0.14402264052054287,
      0.23758284247342712,
      0.14465486655691567,
      0.14621821943793847,
      0.14517245729828046,
      0.111809601087456,
      0.10206397311116147,
      0.1059418375763767,
      0.1292560267857048,
      0.14952707385699557,
      0.12692003495944917,
      0.17748597442858138,
      0.1556369040853897,
      0.18870773724069598,
      0.17447191862172384,
      0.15348111049833274,
      0.1734169069999293,
      0.13923792973502053,
      0.14283178758668033
   ]
}