{
   "0.95": [
      0.48366949985959734,
      0.5916467854752357,
      0.32527280422608285,
      0.3329773553086356,
      0.4814977067986345,
      0.5008571990230357,
      0.38511491484359534,
      0.41976136421394683,
      0.3912129609668087,
      0.3603172580171276,
      0.3218658639661443,
      0.45287471477265523,
      0.3166596879847108,
      0.33395913357158974,
      0.320995656198165,
      0.40939354433357283,
      0.5793254398279821,
      0.7520289793555213,
      0.7566415919555115,
      0.6552406448891522,
      0.5963000024371934,
      0.5087030651408776,
      0.5864548440084596,
      0.5819970343111491,
      0.6183370558945122,
      0.6040270618542094,
      0.4531797904142479,
      0.5687146180764133,
      0.5921945437843448,
      0.686373138125145,
      0.6560384113347881,
      0.5344438910544427,
      0.5138110485860881,
      0.40271788166949607,
      0.47867467695446636,
      0.3463333593846369,
      0.4072733333196372,
      0.44478869824560563,
      0.3598586254806332,
      0.3674052602352078,
      0.4950738381337473,
      0.5336030060667524,
      0.5765738791602385,
      0.44123307501885173,
      0.42984055012073136,
      0.34274191361578543,
      0.3964067375468264,
      0.3675932262914475
   ],
   "0.9": [
      0.24712699017762793,
      0.27493736597408097,
      0.2105909650977964,
      0.22826687504656457,
      0.2611970236844654,
      0.22982383135219803,
      0.20346601502048944,
      0.22715307736448584,
      0.18548661970288657,
      0.20439840080950772,
      0.15619372791217087,
      0.24786891288709395,
      0.18858372134421528,
      0.26368951689021386,
      0.2933577639587246,
      0.36838030428006807,
      0.44682204854015795,
      0.5935778198041007,
      0.5725728852970713,
      0.5474318673998971,
      0.39829309426069287,
      0.4197913337333794,
      0.4486246965235015,
      0.3649224356189527,
      0.35963009294954135,
      0.475240480601419,
      0.32489754514403363,
      0.3578428071894103,
      0.40497453838792036,
      0.5066288385963661,
      0.47758953597788795,
      0.32782373697444245,
      0.34390974653422274,
      0.34032058253675973,
      0.4218648338418738,
      0.2575885098023843,
      0.2778865035252974,
      0.32103790899344264,
      0.25326795499568444,
      0.29993939933449654,
      0.3476538930068865,
      0.42470162224782176,
      0.41173194169108107,
      0.34923490931435164,
      0.24607736323973695,
      0.30550422940519223,
      0.33229184378202636,
      0.31476564351616937
   ],
   "0.75": [
      0.10369376141087397,
      0.11389069672434719,
      0.06678232934443049,
      0.08699578220429662,
      0.0744993650658538,
      0.06115117254982411,
      0.05663294650135055,
      0.06899726914202231,
      0.06883625617525164,
      0.0716088497038977,
      0.07467701252370765,
      0.08558349556550678,
      0.11217317750037868,
      0.13721527168768324,
      0.1645050448553057,
      0.1887346962479704,
      0.2739775111099828,
      0.3279235315990675,
      0.28887217907568835,
      0.30383767908460185,
      0.23865729431951893,
      0.23091816920625327,
      0.2242366562465365,
      0.1758661166536091,
      0.20678882262834997,
      0.20565091107549824,
      0.11623349710390198,
      0.193957125410497,
      0.24533364676076932,
      0.2220352357409094,
      0.2757818918566973,
      0.14265073154357136,
      0.10170144880779476,
      0.1543168450849995,
      0.18915544093679984,
      0.11964091478454629,
      0.09904712066317914,
      0.1485128714895362,
      0.10337245683266356,
      0.10378806279632653,
      0.1529155126437283,
      0.15958262603798484,
      0.1854394700071865,
      0.14785856568954137,
      0.10166452270139396,
      0.13568976226945303,
      0.14224973324566945,
      0.18017178692553806
   ]
}