{
   "0.95": [
      0.9,
      0.925,
      0.9661016949152542,
      0.9830508474576272,
      0.9576271186440678,
      0.9915254237288136,
      0.9576271186440678,
      0.9745762711864406,
      0.9576271186440678,
      0.9576271186440678,
      0.9661016949152542,
      0.940677966101695,
      0.9576271186440678,
      0.9491525423728814,
      0.9411764705882353,
      0.957983193277311,
      0.9747899159663865,
      0.9495798319327731,
      0.9411764705882353,
      0.9663865546218487,
      0.9243697478991597,
      0.9495798319327731,
      0.9583333333333334,
      0.9327731092436975,
      0.9243697478991597,
      0.9152542372881356,
      0.9576271186440678,
      0.9576271186440678,
      0.9322033898305084,
      0.95,
      0.9421487603305785,
      0.9504132231404959,
      0.9333333333333333,
      0.9256198347107438,
      0.9834710743801653,
      0.9669421487603306,
      0.9421487603305785,
      0.9669421487603306,
      0.9504132231404959,
      0.9836065573770492,
      0.9754098360655737,
      0.9590163934426229,
      0.975609756097561,
      0.9512195121951219,
      0.9516129032258065,
      0.9349593495934959,
      0.959349593495935,
      0.9262295081967213
   ],
   "0.9": [
      0.8,
      0.8833333333333333,
      0.8813559322033898,
      0.9322033898305084,
      0.864406779661017,
      0.9322033898305084,
      0.8983050847457628,
      0.9152542372881356,
      0.8983050847457628,
      0.8728813559322034,
      0.8728813559322034,
      0.847457627118644,
      0.8559322033898306,
      0.864406779661017,
      0.865546218487395,
      0.8907563025210085,
      0.8991596638655462,
      0.8907563025210085,
      0.8991596638655462,
      0.8907563025210085,
      0.8739495798319328,
      0.8571428571428571,
      0.875,
      0.8823529411764706,
      0.8487394957983193,
      0.8559322033898306,
      0.8898305084745762,
      0.8559322033898306,
      0.8559322033898306,
      0.9,
      0.8429752066115702,
      0.9008264462809917,
      0.8666666666666667,
      0.8264462809917356,
      0.859504132231405,
      0.8760330578512396,
      0.8842975206611571,
      0.8181818181818182,
      0.8512396694214877,
      0.8934426229508197,
      0.8934426229508197,
      0.8688524590163934,
      0.8455284552845529,
      0.9186991869918699,
      0.8709677419354839,
      0.8617886178861789,
      0.9105691056910569,
      0.8934426229508197
   ],
   "0.75": [
      0.5,
      0.5166666666666667,
      0.559322033898305,
      0.6610169491525424,
      0.635593220338983,
      0.6610169491525424,
      0.6016949152542372,
      0.576271186440678,
      0.5508474576271186,
      0.5677966101694916,
      0.6101694915254238,
      0.5677966101694916,
      0.5677966101694916,
      0.5847457627118644,
      0.680672268907563,
      0.6470588235294118,
      0.7226890756302521,
      0.6302521008403361,
      0.6890756302521008,
      0.6050420168067226,
      0.5798319327731093,
      0.5798319327731093,
      0.5583333333333333,
      0.5966386554621849,
      0.5126050420168067,
      0.5423728813559322,
      0.5847457627118644,
      0.576271186440678,
      0.5677966101694916,
      0.675,
      0.6611570247933884,
      0.6528925619834711,
      0.5833333333333334,
      0.5454545454545454,
      0.512396694214876,
      0.512396694214876,
      0.5867768595041323,
      0.5206611570247934,
      0.5537190082644629,
      0.5737704918032787,
      0.5491803278688525,
      0.5573770491803278,
      0.5203252032520326,
      0.5934959349593496,
      0.5403225806451613,
      0.5528455284552846,
      0.5365853658536586,
      0.5245901639344263
   ]
}