{
  "0.95": 0.952,
  "0.9": 0.8756521739130435,
  "0.75": 0.5827826086956521
}