{
   "0.95": [
      0.5842920761638841,
      0.695283175122526,
      0.675035426087869,
      0.6709848125890071,
      0.6027921732786401,
      0.6094635721241891,
      0.5683333493635584,
      0.6160059087112798,
      0.6312327226593661,
      0.61697494842879,
      0.6791619515098447,
      0.6358095193484118,
      0.5835867127978311,
      0.5278653900413887,
      0.45631574750277765,
      0.46796761942499965,
      0.4714796075710606,
      0.4636837581567916,
      0.4883607190299596,
      0.5054373578875898,
      0.503161018107067,
      0.5329444252536698,
      0.5905048682592614,
      0.5701716799631456,
      0.5803102291738846,
      0.6123514031380409,
      0.5984085170577402,
      0.5432201156824671,
      0.6256189397527661,
      0.6648343876485111,
      0.6707894133857334,
      0.6508336494659068,
      0.61824748323735,
      0.6070039899124342,
      0.5370702956134665,
      0.517474822803532,
      0.5811616869139159,
      0.6050109588629343,
      0.6143987935005413,
      0.6415439568864544,
      0.6464049646584293,
      0.5940884389184449,
      0.6311588371722684,
      0.6538221529447191,
      0.6496609745623759,
      0.6403557330977832,
      0.6291121907108643,
      0.5605278986781165
   ],
   "0.9": [
      0.41694426069965695,
      0.4437243584278185,
      0.43954334983985655,
      0.443878938825326,
      0.4136662301219667,
      0.42823087879217925,
      0.39874423177023594,
      0.43916648172176326,
      0.44366342591730284,
      0.4193809430337918,
      0.4587001823182459,
      0.42291661623073745,
      0.38582199079232915,
      0.3458602883456637,
      0.33257765655087823,
      0.3452103608988799,
      0.3501328808414407,
      0.3503639069896098,
      0.37297939350790993,
      0.391759209493408,
      0.39148552270759457,
      0.41040950020710937,
      0.4513269275409799,
      0.4443390507737312,
      0.43695479863677766,
      0.4653078948409726,
      0.4824005817822423,
      0.40838052967721017,
      0.44867961212727575,
      0.5087867086688915,
      0.5064092890785382,
      0.4843789896147683,
      0.46957079606097796,
      0.4455880463362652,
      0.3933785241803598,
      0.3747839137397741,
      0.3983497501770751,
      0.40567410057551967,
      0.4208124728905377,
      0.4295384797267183,
      0.43056741318493,
      0.4149806856911101,
      0.4098228024338047,
      0.4278658206829964,
      0.4167562008232329,
      0.4177332885324939,
      0.4211496565694923,
      0.3835633132022141
   ],
   "0.75": [
      0.1939101619674802,
      0.15197600471932263,
      0.1594001807296672,
      0.16181382642125794,
      0.15995565896387434,
      0.16059143269567117,
      0.1443542741214217,
      0.1598636802316586,
      0.16205652705079115,
      0.16221447122593055,
      0.160946413399886,
      0.1620413766711125,
      0.15241589989286541,
      0.14965750871640757,
      0.1486477099159607,
      0.1619961570836914,
      0.1665902435104123,
      0.1728233170188899,
      0.1849253353071405,
      0.2019056045066161,
      0.20376727688276092,
      0.20990014270398855,
      0.22543844143832142,
      0.233946125907103,
      0.21817814858198076,
      0.23089040966602736,
      0.2605178269069718,
      0.21769240270495113,
      0.23671635408472932,
      0.2574286618120623,
      0.25689212435363423,
      0.22408452650127075,
      0.2416906438935857,
      0.21376878120567885,
      0.18495888692084184,
      0.16361009014459965,
      0.16518635636562268,
      0.1575494505084364,
      0.16596293097194567,
      0.16436780437060497,
      0.15859548930682224,
      0.15587235605671296,
      0.15306457614670055,
      0.15340269136155849,
      0.15023054799714264,
      0.14772151631308733,
      0.15141172571194167,
      0.13820689651594478
   ]
}