{
   "0.95": [
      0.6266138722099854,
      0.6954073540295436,
      0.6716362739146882,
      0.674146046788761,
      0.5905464535880683,
      0.5942649390975909,
      0.5473791976249284,
      0.6203623473205411,
      0.6381280263041628,
      0.6401728931611261,
      0.6832366598685167,
      0.6402448985094845,
      0.5819668151003548,
      0.5489510971085222,
      0.5005799754789136,
      0.5281772029665566,
      0.560267500931451,
      0.5845196218936086,
      0.6322479658882366,
      0.6366628318781227,
      0.631749711261432,
      0.659368039281027,
      0.724350378648054,
      0.6784697473186355,
      0.680946019870987,
      0.7267022996815035,
      0.6818854688192673,
      0.6237260588735113,
      0.5960272937662786,
      0.6474837749094369,
      0.600155925780555,
      0.5884037795455533,
      0.559341719800098,
      0.5183335937921945,
      0.5436592826728373,
      0.5056044693205578,
      0.543028570486976,
      0.5983739076171074,
      0.6102532503459785,
      0.6750348556153811,
      0.6207994292827395,
      0.6052547846007894,
      0.6222287824121384,
      0.6331858536590484,
      0.6229894758929837,
      0.6013899616414096,
      0.6231994263000037,
      0.5526675811058025
   ],
   "0.9": [
      0.40133024841844533,
      0.44036689595302086,
      0.4409248608076844,
      0.4358137948699395,
      0.4059942288516154,
      0.4157216495157787,
      0.38281586440353227,
      0.4424543433503044,
      0.4333580353074628,
      0.41388931051930977,
      0.4660221400213993,
      0.435578361965471,
      0.3878142135376438,
      0.3719177832526912,
      0.35693564673913813,
      0.3869428445847679,
      0.4170741595703721,
      0.4324963234076394,
      0.4800607061096146,
      0.49117896263276867,
      0.4834979087988674,
      0.49479279354615097,
      0.549196951604688,
      0.5491832109075623,
      0.507560558491542,
      0.5485021395640659,
      0.5578236479879257,
      0.4857272889217115,
      0.4563866893144519,
      0.49703524915774405,
      0.46376484755775904,
      0.44901528869068613,
      0.43062383885483885,
      0.38403476711804474,
      0.3902547908935829,
      0.36660997221510555,
      0.39017807085428935,
      0.3966856725669766,
      0.41693545511627633,
      0.44584524470004033,
      0.4070909481160721,
      0.408717081638909,
      0.39816589755780846,
      0.41596698845855273,
      0.40397404154636785,
      0.4074174626882573,
      0.42608431693948345,
      0.38063899947677937
   ],
   "0.75": [
      0.17950270099246093,
      0.1626231311831928,
      0.16706896437846627,
      0.17189457254874776,
      0.16555007004600109,
      0.16682324979602822,
      0.14901323961064153,
      0.16883496104939438,
      0.16513235781112007,
      0.1618025909448407,
      0.16399602274968306,
      0.1617551428258128,
      0.1599091196508433,
      0.15487537204912832,
      0.1677502880301597,
      0.17800253340054095,
      0.19800341139281966,
      0.2096646438273873,
      0.22673753496477456,
      0.25606390597058204,
      0.24187856938508714,
      0.2482720466934027,
      0.27233915234100375,
      0.2825177598786263,
      0.25088683377826293,
      0.2661026773161619,
      0.3013292159107821,
      0.25091956239672747,
      0.23821779200302545,
      0.2591005405584007,
      0.2414083764393221,
      0.22704854115969397,
      0.2170264562389004,
      0.1876804758130125,
      0.19016276588209438,
      0.1656287107573514,
      0.1656863775803719,
      0.17221104452486016,
      0.16963521644678373,
      0.16930860413666995,
      0.15057665489292035,
      0.15271818915691548,
      0.15279026418735764,
      0.16214352051108724,
      0.1528190951314282,
      0.14541299181938944,
      0.16031185098889167,
      0.14675439008916832
   ]
}