{
   "0.95": [
      0.9,
      0.9333333333333333,
      0.9576271186440678,
      0.9915254237288136,
      0.9576271186440678,
      0.9745762711864406,
      0.9661016949152542,
      0.9576271186440678,
      0.9576271186440678,
      0.9491525423728814,
      0.9661016949152542,
      0.9491525423728814,
      0.9491525423728814,
      0.9576271186440678,
      0.9327731092436975,
      0.957983193277311,
      0.9831932773109243,
      0.957983193277311,
      0.9747899159663865,
      0.957983193277311,
      0.9663865546218487,
      0.9831932773109243,
      0.975,
      0.9663865546218487,
      0.957983193277311,
      0.9830508474576272,
      0.9661016949152542,
      0.9830508474576272,
      0.9576271186440678,
      0.975,
      0.9917355371900827,
      0.9834710743801653,
      0.975,
      0.9586776859504132,
      0.9586776859504132,
      0.9834710743801653,
      0.9752066115702479,
      0.9834710743801653,
      0.9586776859504132,
      0.9672131147540983,
      0.9754098360655737,
      0.9508196721311475,
      0.9512195121951219,
      0.967479674796748,
      0.9516129032258065,
      0.9512195121951219,
      0.967479674796748,
      0.9426229508196722
   ],
   "0.9": [
      0.8166666666666667,
      0.875,
      0.9067796610169492,
      0.940677966101695,
      0.8728813559322034,
      0.9152542372881356,
      0.8728813559322034,
      0.8983050847457628,
      0.9067796610169492,
      0.8813559322033898,
      0.8898305084745762,
      0.8559322033898306,
      0.8813559322033898,
      0.8813559322033898,
      0.8823529411764706,
      0.9159663865546218,
      0.9159663865546218,
      0.9159663865546218,
      0.9411764705882353,
      0.9327731092436975,
      0.8991596638655462,
      0.907563025210084,
      0.8916666666666667,
      0.8991596638655462,
      0.8823529411764706,
      0.8559322033898306,
      0.8983050847457628,
      0.9152542372881356,
      0.8813559322033898,
      0.9333333333333333,
      0.9256198347107438,
      0.9090909090909091,
      0.9416666666666667,
      0.8760330578512396,
      0.8760330578512396,
      0.8925619834710744,
      0.9090909090909091,
      0.8842975206611571,
      0.8512396694214877,
      0.8852459016393442,
      0.9016393442622951,
      0.8770491803278688,
      0.8699186991869918,
      0.9024390243902439,
      0.8790322580645161,
      0.8617886178861789,
      0.9186991869918699,
      0.9098360655737705
   ],
   "0.75": [
      0.5666666666666667,
      0.5166666666666667,
      0.5169491525423728,
      0.635593220338983,
      0.6016949152542372,
      0.6440677966101694,
      0.5847457627118644,
      0.576271186440678,
      0.5169491525423728,
      0.5847457627118644,
      0.5932203389830508,
      0.5932203389830508,
      0.5932203389830508,
      0.576271186440678,
      0.5882352941176471,
      0.6302521008403361,
      0.6134453781512605,
      0.5966386554621849,
      0.6386554621848739,
      0.6554621848739496,
      0.5798319327731093,
      0.6050420168067226,
      0.5833333333333334,
      0.5714285714285714,
      0.5630252100840336,
      0.5508474576271186,
      0.6016949152542372,
      0.6271186440677966,
      0.5423728813559322,
      0.5833333333333334,
      0.5785123966942148,
      0.6694214876033058,
      0.5416666666666666,
      0.5867768595041323,
      0.5785123966942148,
      0.5041322314049587,
      0.5867768595041323,
      0.5702479338842975,
      0.5702479338842975,
      0.6229508196721312,
      0.5737704918032787,
      0.5245901639344263,
      0.5609756097560976,
      0.5691056910569106,
      0.5645161290322581,
      0.5772357723577236,
      0.5447154471544715,
      0.5
   ]
}