{
  "0.95": 0.9549565217391305,
  "0.9": 0.8810434782608696,
  "0.75": 0.5789565217391305
}