{
   "0.95": [
      0.9306305847554592,
      0.6192208385930182,
      0.6192208385930182,
      0.6192208385930182,
      1.2691582478228636,
      1.9150279448757157,
      4.359085282363282,
      1.9496354239661635,
      1.132788157324476,
      0.9773587563785485,
      0.9281798112787586,
      1.0659894299127288,
      1.2945614616720413,
      0.6830607293676161,
      0.823259337756564,
      0.8189516158810185,
      0.8130648645980006,
      0.7905353004033138,
      0.8062756452029916,
      0.8837543034673695,
      0.8121894190640012,
      0.8616424725335586,
      0.8592462069117506,
      0.8255338751694828,
      0.8751809595048519,
      0.887335742042532,
      0.873055008610893,
      0.7654071662940204,
      0.7539231519816222,
      0.7916093358302113,
      0.752955980336311,
      0.6882373811194955,
      0.6512923181395667,
      0.610474274504202,
      0.5560633676930773,
      0.4338777601006736,
      0.4456501710225932,
      0.39208775479451874,
      0.4257351151866825,
      0.6668355981596982,
      0.19146752063411204,
      1.0091792631337857,
      0.22972475280500723,
      0.5442705597401593,
      0.6446115401207364,
      0.633999989505032,
      0.49554760305963924,
      0.6572966117398226
   ],
   "0.9": [
      0.5675300626752902,
      0.4518105048185712,
      0.3776218481245007,
      0.45181050481857127,
      0.6192208385930182,
      1.2691582478228636,
      2.063247530403069,
      1.5636770929673633,
      0.5654923637206786,
      0.7048339993312414,
      0.5172625143821568,
      0.6554121161259517,
      0.9631453897340779,
      0.5396388668122682,
      0.5561561731115653,
      0.5716336405259654,
      0.6009520172877719,
      0.6022951886112152,
      0.6201946944406558,
      0.6726588781694737,
      0.6393683294729237,
      0.6696810981463976,
      0.664214501755978,
      0.6520804305975412,
      0.6894658712068419,
      0.6883939634319247,
      0.7033217758403,
      0.5897712883203505,
      0.5429898035604431,
      0.607369247514374,
      0.555714443431526,
      0.4827606360242041,
      0.49491703398569903,
      0.43755862262207035,
      0.38566856442208286,
      0.31213531042537634,
      0.2800326382276092,
      0.27171516730010736,
      0.26989811663739094,
      0.4119325284462022,
      0.1284646788822897,
      0.6852341550649648,
      0.16592546893664004,
      0.398421190804141,
      0.3500475613165955,
      0.3977533149560209,
      0.29424464365532094,
      0.24043692998992897
   ],
   "0.75": [
      0.24445825599532217,
      0.162657072266958,
      0.1626570722669579,
      0.1626570722669579,
      0.1626570722669579,
      0.16265707226695789,
      0.6192208385930182,
      0.37605001370180874,
      0.30726961105491696,
      0.2563656262248386,
      0.15756128161810698,
      0.11011325591922046,
      0.29004903403095644,
      0.16702808909539857,
      0.20101548607660738,
      0.19766331630272294,
      0.24955246728308825,
      0.271726074497712,
      0.2940432705917699,
      0.33387980842745335,
      0.30125058149930584,
      0.32731860351258346,
      0.3213623426034945,
      0.3186069087022982,
      0.34517966219733176,
      0.3474029044603146,
      0.3702256643971365,
      0.3047536420631871,
      0.2710573737494718,
      0.29367636940477215,
      0.272089533840921,
      0.21128493402005905,
      0.18825213416521425,
      0.1644610487426075,
      0.14513407591404692,
      0.09165898301841068,
      0.08745450860980869,
      0.08256343369377561,
      0.06952631987106069,
      0.169938676042742,
      0.04980358483673915,
      0.3369406703653968,
      0.019217688709572477,
      0.04211922287829515,
      0.02054444714975059,
      0.01118118080086106,
      0.02322192854637713,
      0.026347145079403937
   ]
}