{
   "0.95": [
      0.5846446085458165,
      0.6948972064696919,
      0.6753594303872331,
      0.6706719167412101,
      0.6029772321866396,
      0.6090338707135765,
      0.5686796363177714,
      0.6170195898314654,
      0.6349370268874269,
      0.6244524157192402,
      0.6820859302309324,
      0.6397717668789348,
      0.6156168447213776,
      0.6165195008437634,
      0.5775347404621441,
      0.6107069664430654,
      0.6280799452451822,
      0.5801270418796042,
      0.6169758585827312,
      0.5917677625948435,
      0.5937228691383943,
      0.6305724038672982,
      0.6581884773729342,
      0.6562097852672256,
      0.653534363265636,
      0.6873943093526023,
      0.6562966764675107,
      0.6302994908681964,
      0.610091465349432,
      0.6402390880812956,
      0.630746752630804,
      0.6380745751559032,
      0.620258805438013,
      0.6266496802165642,
      0.6133269542527789,
      0.629969326983418,
      0.6221727617684246,
      0.6432103531657503,
      0.6189116813046119,
      0.6368047085934462,
      0.6386800701026195,
      0.5919613828318742,
      0.6321784536619703,
      0.653381507493659,
      0.6525624255597712,
      0.6431491871651419,
      0.6299794260661966,
      0.5620509227838981
   ],
   "0.9": [
      0.41719582384650367,
      0.4425207325675115,
      0.439314769113892,
      0.4429365819993696,
      0.41350077492167686,
      0.42770169519717893,
      0.39727902395188996,
      0.4392721476729311,
      0.44689102643342365,
      0.4214173484019376,
      0.45691707801955944,
      0.42321651611580285,
      0.40579499484193604,
      0.39813238628271674,
      0.4048571110387798,
      0.42502394591443315,
      0.4386976376072947,
      0.39384429212493133,
      0.42518285563590935,
      0.4143601762968164,
      0.3980937421146032,
      0.4229873080674626,
      0.43381166768112295,
      0.4410036999888663,
      0.42300594413250564,
      0.44314969182444247,
      0.41302180361496166,
      0.4146667722358255,
      0.41235405046540824,
      0.4307699311901677,
      0.4387938862812479,
      0.43079281794458973,
      0.4415244630956212,
      0.41985603086964796,
      0.4097788050020724,
      0.43673576083911164,
      0.4258882830673669,
      0.42490449517272266,
      0.41625629958489524,
      0.415736504199236,
      0.42196180552493384,
      0.4158766167090623,
      0.407323039034837,
      0.4281571751560489,
      0.41475990458546746,
      0.41766865648430446,
      0.4180059638262527,
      0.38426476623090305
   ],
   "0.75": [
      0.19431526316458872,
      0.15193495788133776,
      0.15963752532342834,
      0.16158899936813578,
      0.15973437803092735,
      0.16011973651968744,
      0.14430448656948486,
      0.16195230730824922,
      0.16170455664328467,
      0.16082913958305914,
      0.16353897393608652,
      0.16178368800775772,
      0.15054223962049748,
      0.14563570922962785,
      0.15505691971650606,
      0.14586317370604507,
      0.1386061596007113,
      0.13516413464072172,
      0.13695721557606846,
      0.1447823477483362,
      0.1331674127349107,
      0.13415911791146753,
      0.1400999942794557,
      0.15618400137148702,
      0.15037173183306818,
      0.15351872872295727,
      0.15090188976133792,
      0.1468804013113123,
      0.1450807263021905,
      0.15225930040250218,
      0.16521736590443362,
      0.15578769636243006,
      0.16103102377851197,
      0.15230885613855735,
      0.14882046963359172,
      0.16323923657358774,
      0.15473861100075476,
      0.15288059358888673,
      0.15682032061764725,
      0.15671238638640617,
      0.15370797920476295,
      0.15487475320805866,
      0.1496411156540788,
      0.15386029395094336,
      0.1483176507170037,
      0.14734547237581685,
      0.1503337631797757,
      0.13956042548053277
   ]
}