{
  "0.95": 0.9387826086956522,
  "0.9": 0.8780869565217392,
  "0.75": 0.4885217391304348
}