{
   "0.95": [
      0.9166666666666666,
      0.9166666666666666,
      0.9322033898305084,
      0.940677966101695,
      1.0,
      1.0,
      1.0,
      1.0,
      0.9915254237288136,
      1.0,
      0.9745762711864406,
      0.940677966101695,
      0.9661016949152542,
      0.9830508474576272,
      0.9747899159663865,
      0.9663865546218487,
      0.9747899159663865,
      0.9411764705882353,
      0.9495798319327731,
      0.9411764705882353,
      0.9663865546218487,
      0.957983193277311,
      0.975,
      0.9327731092436975,
      0.9495798319327731,
      0.9491525423728814,
      0.923728813559322,
      0.9322033898305084,
      0.940677966101695,
      0.95,
      0.9338842975206612,
      0.9338842975206612,
      0.9333333333333333,
      0.9008264462809917,
      0.8677685950413223,
      0.8512396694214877,
      0.8677685950413223,
      0.8842975206611571,
      0.9008264462809917,
      0.9180327868852459,
      0.8934426229508197,
      0.8688524590163934,
      0.9024390243902439,
      0.8780487804878049,
      0.9596774193548387,
      0.926829268292683,
      0.943089430894309,
      0.9262295081967213
   ],
   "0.9": [
      0.8916666666666667,
      0.8916666666666667,
      0.8983050847457628,
      0.9067796610169492,
      0.923728813559322,
      0.9915254237288136,
      1.0,
      1.0,
      0.9152542372881356,
      0.9576271186440678,
      0.8983050847457628,
      0.8898305084745762,
      0.9491525423728814,
      0.9322033898305084,
      0.9327731092436975,
      0.907563025210084,
      0.957983193277311,
      0.8991596638655462,
      0.907563025210084,
      0.8991596638655462,
      0.9243697478991597,
      0.8991596638655462,
      0.8916666666666667,
      0.8403361344537815,
      0.8319327731092437,
      0.8305084745762712,
      0.8728813559322034,
      0.8220338983050848,
      0.8305084745762712,
      0.8833333333333333,
      0.8677685950413223,
      0.859504132231405,
      0.775,
      0.7851239669421488,
      0.768595041322314,
      0.7768595041322314,
      0.8181818181818182,
      0.7851239669421488,
      0.8264462809917356,
      0.8360655737704918,
      0.8360655737704918,
      0.8114754098360656,
      0.8292682926829268,
      0.8536585365853658,
      0.8709677419354839,
      0.9024390243902439,
      0.9024390243902439,
      0.8852459016393442
   ],
   "0.75": [
      0.6166666666666667,
      0.6333333333333333,
      0.6440677966101694,
      0.6440677966101694,
      0.0,
      0.0,
      0.0,
      0.0,
      0.847457627118644,
      0.8220338983050848,
      0.7711864406779662,
      0.7542372881355932,
      0.7627118644067796,
      0.7627118644067796,
      0.7647058823529411,
      0.7058823529411765,
      0.7058823529411765,
      0.6470588235294118,
      0.6470588235294118,
      0.6218487394957983,
      0.6218487394957983,
      0.5714285714285714,
      0.5416666666666666,
      0.5798319327731093,
      0.5630252100840336,
      0.5,
      0.5847457627118644,
      0.5084745762711864,
      0.4830508474576271,
      0.5666666666666667,
      0.5867768595041323,
      0.5950413223140496,
      0.5416666666666666,
      0.5537190082644629,
      0.5619834710743802,
      0.48760330578512395,
      0.5537190082644629,
      0.45454545454545453,
      0.49586776859504134,
      0.5655737704918032,
      0.5901639344262295,
      0.6721311475409836,
      0.0,
      0.0,
      0.0,
      0.0,
      0.0,
      0.0
   ]
}