{
   "0.95": [
      0.8916666666666667,
      0.9333333333333333,
      0.9576271186440678,
      0.9915254237288136,
      0.9576271186440678,
      0.9745762711864406,
      0.9661016949152542,
      0.9576271186440678,
      0.9576271186440678,
      0.9491525423728814,
      0.9661016949152542,
      0.9491525423728814,
      0.9491525423728814,
      0.9322033898305084,
      0.9327731092436975,
      0.9663865546218487,
      0.9747899159663865,
      0.9747899159663865,
      0.9495798319327731,
      0.957983193277311,
      0.9327731092436975,
      0.9495798319327731,
      0.9833333333333333,
      0.9663865546218487,
      0.9411764705882353,
      0.9491525423728814,
      0.9322033898305084,
      0.940677966101695,
      0.9491525423728814,
      0.9583333333333334,
      0.9586776859504132,
      0.9669421487603306,
      0.9416666666666667,
      0.9173553719008265,
      0.9669421487603306,
      0.9669421487603306,
      0.9752066115702479,
      0.9834710743801653,
      0.9504132231404959,
      0.9672131147540983,
      0.9754098360655737,
      0.9426229508196722,
      0.9512195121951219,
      0.967479674796748,
      0.9516129032258065,
      0.9512195121951219,
      0.967479674796748,
      0.9426229508196722
   ],
   "0.9": [
      0.8166666666666667,
      0.875,
      0.9067796610169492,
      0.940677966101695,
      0.8728813559322034,
      0.9152542372881356,
      0.8813559322033898,
      0.8983050847457628,
      0.9067796610169492,
      0.8728813559322034,
      0.8898305084745762,
      0.8559322033898306,
      0.8813559322033898,
      0.8559322033898306,
      0.8739495798319328,
      0.865546218487395,
      0.907563025210084,
      0.8991596638655462,
      0.907563025210084,
      0.9159663865546218,
      0.907563025210084,
      0.8823529411764706,
      0.8833333333333333,
      0.865546218487395,
      0.865546218487395,
      0.847457627118644,
      0.8898305084745762,
      0.8389830508474576,
      0.8305084745762712,
      0.8916666666666667,
      0.8512396694214877,
      0.9090909090909091,
      0.8666666666666667,
      0.8760330578512396,
      0.8264462809917356,
      0.859504132231405,
      0.9090909090909091,
      0.8760330578512396,
      0.8347107438016529,
      0.9016393442622951,
      0.9016393442622951,
      0.8770491803278688,
      0.8861788617886179,
      0.9024390243902439,
      0.8870967741935484,
      0.8617886178861789,
      0.9186991869918699,
      0.9016393442622951
   ],
   "0.75": [
      0.5666666666666667,
      0.5166666666666667,
      0.5169491525423728,
      0.635593220338983,
      0.6016949152542372,
      0.652542372881356,
      0.576271186440678,
      0.559322033898305,
      0.5084745762711864,
      0.576271186440678,
      0.5932203389830508,
      0.5932203389830508,
      0.6271186440677966,
      0.6186440677966102,
      0.6722689075630253,
      0.6386554621848739,
      0.6890756302521008,
      0.680672268907563,
      0.6554621848739496,
      0.6554621848739496,
      0.6134453781512605,
      0.6302521008403361,
      0.55,
      0.5714285714285714,
      0.5462184873949579,
      0.5254237288135594,
      0.5254237288135594,
      0.5084745762711864,
      0.5423728813559322,
      0.6166666666666667,
      0.5950413223140496,
      0.5867768595041323,
      0.5916666666666667,
      0.5041322314049587,
      0.5454545454545454,
      0.4793388429752066,
      0.5950413223140496,
      0.5206611570247934,
      0.5454545454545454,
      0.5819672131147541,
      0.5819672131147541,
      0.5573770491803278,
      0.5609756097560976,
      0.5934959349593496,
      0.5806451612903226,
      0.5772357723577236,
      0.5447154471544715,
      0.4918032786885246
   ]
}