{
  "0.95": 0.963304347826087,
  "0.9": 0.8944347826086957,
  "0.75": 0.5801739130434782
}