{
  "0.95": 0.48917748917748916,
  "0.9": 0.4354978354978355,
  "0.75": 0.2727272727272727
}