{
  "0.95": 0.470995670995671,
  "0.9": 0.40865800865800866,
  "0.75": 0.2597402597402597
}