{
   "0.95": [
      0.75,
      0.43478260869565216,
      0.4583333333333333,
      0.5416666666666666,
      0.5833333333333334,
      0.5416666666666666,
      0.5,
      0.5416666666666666,
      0.56,
      0.56,
      0.6,
      0.6,
      0.6,
      0.5384615384615384,
      0.5,
      0.46153846153846156,
      0.5384615384615384,
      0.5384615384615384,
      0.5,
      0.34615384615384615,
      0.4230769230769231,
      0.46153846153846156,
      0.52,
      0.52,
      0.6,
      0.56,
      0.56,
      0.48,
      0.56,
      0.48,
      0.32,
      0.44,
      0.5,
      0.46153846153846156,
      0.5,
      0.4230769230769231,
      0.5,
      0.46153846153846156,
      0.5416666666666666,
      0.5,
      0.5652173913043478,
      0.6363636363636364,
      0.5454545454545454,
      0.5714285714285714,
      0.6111111111111112,
      0.6111111111111112,
      0.6111111111111112,
      0.29411764705882354
   ],
   "0.9": [
      0.625,
      0.43478260869565216,
      0.4583333333333333,
      0.5416666666666666,
      0.5416666666666666,
      0.5416666666666666,
      0.5,
      0.5416666666666666,
      0.52,
      0.52,
      0.48,
      0.44,
      0.32,
      0.5,
      0.46153846153846156,
      0.34615384615384615,
      0.5,
      0.46153846153846156,
      0.5,
      0.34615384615384615,
      0.34615384615384615,
      0.4230769230769231,
      0.48,
      0.44,
      0.48,
      0.44,
      0.52,
      0.36,
      0.52,
      0.48,
      0.28,
      0.4,
      0.4230769230769231,
      0.46153846153846156,
      0.46153846153846156,
      0.34615384615384615,
      0.5,
      0.38461538461538464,
      0.5416666666666666,
      0.5,
      0.5217391304347826,
      0.5454545454545454,
      0.5454545454545454,
      0.47619047619047616,
      0.5555555555555556,
      0.5555555555555556,
      0.5555555555555556,
      0.29411764705882354
   ],
   "0.75": [
      0.25,
      0.43478260869565216,
      0.4583333333333333,
      0.5416666666666666,
      0.5416666666666666,
      0.5416666666666666,
      0.5,
      0.5416666666666666,
      0.52,
      0.52,
      0.48,
      0.24,
      0.08,
      0.38461538461538464,
      0.2692307692307692,
      0.19230769230769232,
      0.23076923076923078,
      0.34615384615384615,
      0.4230769230769231,
      0.19230769230769232,
      0.23076923076923078,
      0.3076923076923077,
      0.28,
      0.24,
      0.2,
      0.24,
      0.28,
      0.2,
      0.36,
      0.24,
      0.16,
      0.2,
      0.23076923076923078,
      0.34615384615384615,
      0.3076923076923077,
      0.3076923076923077,
      0.2692307692307692,
      0.19230769230769232,
      0.3333333333333333,
      0.25,
      0.4782608695652174,
      0.5,
      0.45454545454545453,
      0.47619047619047616,
      0.5555555555555556,
      0.5555555555555556,
      0.5,
      0.11764705882352941
   ]
}