{
   "0.95": [
      0.31754134945119056,
      0.38936393414483567,
      0.5111086057253842,
      0.48436746752771587,
      0.43008359154183307,
      0.40057387897405383,
      0.36667335333770995,
      0.32268802798815666,
      0.4368511507055452,
      0.5444161413141099,
      0.5005979880943785,
      0.4417168691481263,
      0.44393018445043536,
      0.3516954709297535,
      0.3349158086701769,
      0.32978892274523686,
      0.20601512620833706,
      0.32421357675769263,
      0.39576494725286493,
      0.2297222626832239,
      0.2521924252365571,
      0.2841359313352016,
      0.3091168687053137,
      0.26887181711909675,
      0.3286200656023249,
      0.366108861456905,
      0.3141776674012719,
      0.25431933309136734,
      0.25631152359201775,
      0.3234312910568035,
      0.3847784444831299,
      0.46089237013803075,
      0.4923328573166873,
      0.46428102314996805,
      0.22540508232893428,
      0.28686905935464857,
      0.360218981184871,
      0.3629504663968435,
      0.3920448525143525,
      0.4573261095409594,
      0.4665732521864096,
      0.47846466946402805,
      0.4033214130537781,
      0.35293639800616966,
      0.4956540780972628,
      0.556391457586116,
      0.5915579841763492,
      0.5824092844777066
   ],
   "0.9": [
      0.14837237007165152,
      0.38272958748627145,
      0.4069484441603975,
      0.4179062678957914,
      0.29735923825784366,
      0.3393824560473607,
      0.32273347227692895,
      0.2924542968148345,
      0.38693687853903375,
      0.498744009803897,
      0.3851244650213479,
      0.3761687959094087,
      0.37934521145609895,
      0.2488351422256356,
      0.19955456347212447,
      0.2584274015451469,
      0.19133758430973377,
      0.2380327389347915,
      0.36414076548572466,
      0.2136457972377653,
      0.2038421540984909,
      0.21568557727931773,
      0.2777182509944487,
      0.25829404167467496,
      0.2504596257464319,
      0.27323128172931405,
      0.2563962021220958,
      0.20349047016232827,
      0.1841110061176425,
      0.23735714886593565,
      0.30009371410332075,
      0.3470878707270349,
      0.3242054426365156,
      0.37569431696864203,
      0.1647559819304833,
      0.2536257087810245,
      0.2886794638386151,
      0.26501695171276207,
      0.2823503320694401,
      0.4119247131595443,
      0.41206278159440773,
      0.4194200029758469,
      0.34946122551744657,
      0.26328572500589537,
      0.36916567459846283,
      0.4492246587685664,
      0.4056220225294756,
      0.4247639140906775
   ],
   "0.75": [
      0.11968079390061138,
      0.15975893321481124,
      0.17410577041128164,
      0.16284384503824442,
      0.08341568625726338,
      0.14123118376528465,
      0.18801970572740534,
      0.15124784552465806,
      0.17752018774240153,
      0.20333309027728325,
      0.21776316341546986,
      0.22954430405094794,
      0.20052171647846695,
      0.19108377692803855,
      0.12734652029364224,
      0.13766531632430237,
      0.100034818720663,
      0.12605391639643132,
      0.15965841198559116,
      0.12226966808772771,
      0.13009104828581763,
      0.1654013589105649,
      0.1567956916326051,
      0.1577385153075343,
      0.13421827883523957,
      0.10619868734880501,
      0.14962788469506216,
      0.14668756698427932,
      0.10120358000363305,
      0.16090935378825513,
      0.20227021879669807,
      0.16168934405954657,
      0.2541750655405698,
      0.1986107793064271,
      0.11107008169782676,
      0.06929168854180806,
      0.07902060684493331,
      0.07303705064071131,
      0.13420295963706716,
      0.21720742413765512,
      0.24866021101457111,
      0.2509004966213436,
      0.18031712099691663,
      0.20946712840780915,
      0.2197352927882054,
      0.14399688535880828,
      0.15675588027507784,
      0.17863171439019726
   ]
}