{
  "0.95": 0.5168831168831168,
  "0.9": 0.4640692640692641,
  "0.75": 0.3393939393939394
}