{
   "0.95": [
      0.625,
      0.5652173913043478,
      0.5416666666666666,
      0.5416666666666666,
      0.5833333333333334,
      0.625,
      0.5833333333333334,
      0.5416666666666666,
      0.6,
      0.6,
      0.6,
      0.6,
      0.6,
      0.46153846153846156,
      0.38461538461538464,
      0.4230769230769231,
      0.23076923076923078,
      0.3076923076923077,
      0.34615384615384615,
      0.3076923076923077,
      0.3076923076923077,
      0.38461538461538464,
      0.36,
      0.28,
      0.48,
      0.44,
      0.44,
      0.4,
      0.4,
      0.4,
      0.4,
      0.52,
      0.5,
      0.34615384615384615,
      0.38461538461538464,
      0.5,
      0.5769230769230769,
      0.5,
      0.5416666666666666,
      0.5833333333333334,
      0.4782608695652174,
      0.5454545454545454,
      0.5,
      0.47619047619047616,
      0.5555555555555556,
      0.5555555555555556,
      0.4444444444444444,
      0.4117647058823529
   ],
   "0.9": [
      0.5625,
      0.5217391304347826,
      0.5416666666666666,
      0.5416666666666666,
      0.5416666666666666,
      0.5416666666666666,
      0.5833333333333334,
      0.5416666666666666,
      0.56,
      0.56,
      0.52,
      0.48,
      0.56,
      0.38461538461538464,
      0.23076923076923078,
      0.34615384615384615,
      0.15384615384615385,
      0.2692307692307692,
      0.2692307692307692,
      0.23076923076923078,
      0.19230769230769232,
      0.34615384615384615,
      0.36,
      0.28,
      0.32,
      0.4,
      0.4,
      0.4,
      0.28,
      0.32,
      0.28,
      0.32,
      0.46153846153846156,
      0.3076923076923077,
      0.38461538461538464,
      0.5,
      0.5,
      0.5,
      0.5416666666666666,
      0.5416666666666666,
      0.43478260869565216,
      0.45454545454545453,
      0.2727272727272727,
      0.38095238095238093,
      0.5,
      0.4444444444444444,
      0.4444444444444444,
      0.23529411764705882
   ],
   "0.75": [
      0.375,
      0.43478260869565216,
      0.5416666666666666,
      0.20833333333333334,
      0.041666666666666664,
      0.4166666666666667,
      0.5,
      0.5,
      0.44,
      0.44,
      0.48,
      0.4,
      0.2,
      0.34615384615384615,
      0.19230769230769232,
      0.2692307692307692,
      0.11538461538461539,
      0.11538461538461539,
      0.23076923076923078,
      0.11538461538461539,
      0.11538461538461539,
      0.11538461538461539,
      0.24,
      0.16,
      0.2,
      0.2,
      0.2,
      0.24,
      0.16,
      0.12,
      0.24,
      0.2,
      0.23076923076923078,
      0.2692307692307692,
      0.15384615384615385,
      0.3076923076923077,
      0.2692307692307692,
      0.3076923076923077,
      0.375,
      0.4166666666666667,
      0.2608695652173913,
      0.18181818181818182,
      0.13636363636363635,
      0.19047619047619047,
      0.2777777777777778,
      0.2222222222222222,
      0.16666666666666666,
      0.17647058823529413
   ]
}