{
   "0.95": [
      0.5107554422157307,
      0.34996984056655317,
      0.48787392619599174,
      0.5628864927942224,
      0.6164257221303393,
      0.6394025302454831,
      0.610890172408909,
      0.5191416246956311,
      0.5875617896559724,
      0.6271142796535278,
      0.5840329548014909,
      0.5896433773440201,
      0.5788102280648568,
      0.459625782785946,
      0.41973443386308024,
      0.43431308242104893,
      0.26567572498941316,
      0.3979770390683958,
      0.3899644094484995,
      0.2575943148335519,
      0.3612880663065036,
      0.37571349049646524,
      0.3693864019349213,
      0.2494466287841425,
      0.2834539425398934,
      0.33176588890389397,
      0.3561906974583537,
      0.33714023117213454,
      0.3282202668891124,
      0.3926996716573114,
      0.4936067689413335,
      0.7031895626507892,
      0.6235923762459067,
      0.4888832458738798,
      0.27235888055319907,
      0.3786312351086478,
      0.4018522059366181,
      0.4125500738963696,
      0.45862308514878725,
      0.4527809801226944,
      0.5084130049040367,
      0.5814829986363476,
      0.5232137475660281,
      0.5050916455035421,
      0.5745756548507617,
      0.5127963564380645,
      0.5282339078368953,
      0.568839688070104
   ],
   "0.9": [
      0.3817459125888045,
      0.29709523102492336,
      0.4565835292127523,
      0.4510125648591076,
      0.515930777539366,
      0.4931874775159657,
      0.5338031534438924,
      0.4125758253961854,
      0.549355189675135,
      0.580211398895163,
      0.4473691572922946,
      0.4678968512820989,
      0.45255504478979647,
      0.27880129716575647,
      0.19104066626948696,
      0.28500211975114614,
      0.16832489860186298,
      0.2852836362727032,
      0.3054152274319983,
      0.21360130230291083,
      0.2769752129304516,
      0.29526360394319595,
      0.33143172584359687,
      0.18371707569460413,
      0.1983195202580624,
      0.24383815637689119,
      0.3070967831952671,
      0.311093472465937,
      0.27811693513472663,
      0.29776608673732824,
      0.36616337481611383,
      0.5226263718945938,
      0.4578524811086417,
      0.4160679891602116,
      0.23683463663097667,
      0.3570455202566918,
      0.35052663939620987,
      0.37361324345105135,
      0.4307992559169661,
      0.3853404863097612,
      0.4386445684467381,
      0.5342464763434347,
      0.43862681791430014,
      0.41034867551741366,
      0.49219814995541294,
      0.43339682012692826,
      0.3925624199263652,
      0.39990660509228043
   ],
   "0.75": [
      0.19424218341836244,
      0.24281266919997324,
      0.315330240288606,
      0.23288031069380286,
      0.1472129663786045,
      0.25002903256270964,
      0.35345513981797433,
      0.32051641537926956,
      0.35084590186286324,
      0.4210572129763218,
      0.40659063430314946,
      0.3201611350674424,
      0.24119423422343578,
      0.17608147738604535,
      0.12742865419742044,
      0.16320920140917697,
      0.11065169361543016,
      0.13726175474992341,
      0.17085836755153963,
      0.08284826012377867,
      0.180973781136041,
      0.1687222899061202,
      0.1270951537300638,
      0.10089555806998997,
      0.10371376275697668,
      0.10417141798662215,
      0.09564790154469803,
      0.14894797719927175,
      0.08998939474899781,
      0.16781776456406358,
      0.2880627933985148,
      0.27750988709494134,
      0.26798398811555385,
      0.29099317268940195,
      0.09901339169119806,
      0.13103636886554565,
      0.09212915557445496,
      0.09007945199742914,
      0.17183344592332636,
      0.28441393154776057,
      0.270262851439123,
      0.23768464736153264,
      0.20074486407799275,
      0.25757151075828083,
      0.25250943533114556,
      0.22305605300282405,
      0.23488575599733602,
      0.22040508782839305
   ]
}