{
   "0.95": [
      0.32665479568588,
      0.392161805155429,
      0.511328246622431,
      0.48475667837148223,
      0.43016077660526775,
      0.40069733260465407,
      0.3667307391735918,
      0.32295482608194037,
      0.4375805984588446,
      0.5454291003437955,
      0.5022159677500866,
      0.44094194681407944,
      0.4411429711950347,
      0.34503085280365436,
      0.35136932998460046,
      0.33174782383684387,
      0.22789311184750272,
      0.20309989932331363,
      0.22066592406143687,
      0.15832122483305874,
      0.1658698859552994,
      0.15481858698461706,
      0.12791802309874123,
      0.12098888566081738,
      0.16775268674746074,
      0.19285252102492784,
      0.24932351194540597,
      0.13925565152545255,
      0.2241146139401836,
      0.2335202383487488,
      0.2768960737626467,
      0.19405348426112176,
      0.2358556880652933,
      0.27181705713467136,
      0.2760740488234952,
      0.3544946895762166,
      0.37084262313268895,
      0.35837704447067725,
      0.39285419636436314,
      0.4631795446090905,
      0.4644677862453944,
      0.4773115960432366,
      0.40923805766254584,
      0.35769777717639073,
      0.5079402120587524,
      0.5802396768773556,
      0.621789871761119,
      0.6117311055285488
   ],
   "0.9": [
      0.16674370416333925,
      0.384010899312294,
      0.4073673386219711,
      0.4181775035885731,
      0.2965247344458431,
      0.33927806323207466,
      0.3227526868704702,
      0.2927208530041441,
      0.38764910321049073,
      0.49967391040397213,
      0.38634715152075655,
      0.37645301893888666,
      0.37941226373794623,
      0.2456500106987639,
      0.24972946569815394,
      0.24088418012620344,
      0.19257584361285737,
      0.17819328864191775,
      0.17357128769374286,
      0.12219124578720002,
      0.15867814597441549,
      0.11876437775730313,
      0.11933183228858679,
      0.11852151476740083,
      0.15108191301811938,
      0.11410086106976981,
      0.1738092111406431,
      0.1322341893821156,
      0.14051014967747474,
      0.14860892587075583,
      0.21623412775193218,
      0.13265396616721356,
      0.20743488053640263,
      0.2308356094127358,
      0.19994861305404274,
      0.3322295404340036,
      0.2655108176019212,
      0.25139899877058847,
      0.27502856704550427,
      0.4116390992634201,
      0.40559388311487604,
      0.4135642019567239,
      0.3540489446575873,
      0.2668376487347644,
      0.37712287041077536,
      0.468095562535668,
      0.4337941767880363,
      0.4443723189555979
   ],
   "0.75": [
      0.11662704702991858,
      0.16405714026864004,
      0.1729593956093733,
      0.16315459555941622,
      0.08068704346720991,
      0.14121529340677444,
      0.18806058227390762,
      0.15132793927659122,
      0.1778017322551203,
      0.20446522158967628,
      0.22071439686484895,
      0.23455609176281372,
      0.20845437629791974,
      0.16375186683616413,
      0.13485713040057104,
      0.1325167561287465,
      0.13156765050281471,
      0.1341737805556209,
      0.13308885965828318,
      0.09213992861572846,
      0.06465150764061932,
      0.05873400476971002,
      0.08683588612232714,
      0.09334019820807984,
      0.0932781026098676,
      0.07551981628125799,
      0.06954337011570592,
      0.08099599807689183,
      0.09472372812157774,
      0.09636138707183338,
      0.11088903636984243,
      0.07805267924077057,
      0.07880866658471787,
      0.07444343452330367,
      0.09159922481441769,
      0.06788389039067293,
      0.0760890171447484,
      0.0659387036352515,
      0.13350696142791513,
      0.21418022486208174,
      0.2535977899751953,
      0.25652364569041386,
      0.18294981460184115,
      0.20926572714970368,
      0.21511440803746706,
      0.14571134729360727,
      0.14997685906173774,
      0.1933544448793602
   ]
}