{
  "0.95": 0.4883116883116883,
  "0.9": 0.4406926406926407,
  "0.75": 0.2779220779220779
}