{
   "0.95": [
      0.4137979683971957,
      0.15192909332648807,
      0.08654523526896665,
      0.05357769293567169,
      0.045368762956168596,
      0.00199446623907334,
      2.5636664042107762e-05,
      0.0,
      0.000443476079881559,
      0.006916409649106127,
      0.020356287498733725,
      0.05245869946819337,
      0.09613118459739893,
      0.5063682125045176,
      0.6658956450317489,
      0.42425932858997356,
      0.41747673127357426,
      0.38093410421339585,
      0.30673786877139947,
      0.29543239113827335,
      0.30413250064675934,
      0.3958797949112224,
      0.38495436967461844,
      0.3281194008747376,
      0.3641547197105381,
      0.3774074511254662,
      0.3432972696480217,
      0.29910042315033947,
      0.36426624978009003,
      0.39277345593454643,
      0.3511617069602347,
      0.5035016754955915,
      0.6546268127261997,
      0.7200774683234297,
      0.42706110355411636,
      0.3611642910792342,
      0.4364202378695635,
      0.36367809476643914,
      0.8954837695893441,
      0.29035863469767786,
      0.16455227142514456,
      0.16795392177103594,
      0.17219834993821542,
      0.18654716294443477,
      0.23098918695756884,
      0.2539400275517599,
      0.3087995176945029,
      0.40614486551456697
   ],
   "0.9": [
      0.27716450843428925,
      0.11886110993112477,
      0.06051044731549515,
      0.0240272012904144,
      0.01614780175225623,
      0.0,
      0.0,
      0.0,
      0.0,
      1.9340709951322348e-05,
      0.00048466727819864515,
      0.02489242871807236,
      0.046460689345917516,
      0.33170377446280047,
      0.5780948884740043,
      0.24278411725469778,
      0.3720791827108805,
      0.36482440523602333,
      0.28833756930790194,
      0.26590201006852815,
      0.2666160371197527,
      0.3404427327989412,
      0.35656312307467786,
      0.2851337770951652,
      0.29098275967481585,
      0.29639319906749023,
      0.3026079650790059,
      0.21044987218720668,
      0.32696554199203903,
      0.37591390577483746,
      0.31117958826354,
      0.4122652971470106,
      0.6128436206796777,
      0.6947550312040323,
      0.3939458701129623,
      0.1386945450266772,
      0.2732863833897408,
      0.3399977316011483,
      0.8541465204825043,
      0.2262938008871069,
      0.16325764826296008,
      0.16103364153081487,
      0.16571175545120426,
      0.18079732131182025,
      0.15416433639364585,
      0.20130376821141052,
      0.2609720388986166,
      0.38631251142489814
   ],
   "0.75": [
      0.22506437065676296,
      0.08298693447469806,
      0.05009759482067698,
      0.01636706107841959,
      0.003099891253678967,
      0.0,
      0.0,
      0.0,
      0.0,
      0.0,
      0.0,
      0.006201968773318252,
      0.029433612159278796,
      0.07957752921010318,
      0.2509960008882569,
      0.10432036116621828,
      0.154447420519683,
      0.18610280332947446,
      0.22195884431252647,
      0.15510297994053854,
      0.15116519631336517,
      0.19262151837785235,
      0.2272589572679358,
      0.18929991337978375,
      0.11473404876989517,
      0.10478486467284576,
      0.14612608589315046,
      0.1720397170690827,
      0.25197528163018507,
      0.1852648350162721,
      0.1977365552512629,
      0.17128525638374606,
      0.38371046144082455,
      0.29037683691520105,
      0.16358468225543882,
      0.11507889776795939,
      0.12755959830048996,
      0.1715826071223529,
      0.2140729252501834,
      0.064552753864273,
      0.020665091176012857,
      0.008110294350716429,
      0.013823984621351777,
      0.02293914601209457,
      0.09717518586322488,
      0.10768967919740356,
      0.1358548056909222,
      0.13006197894526741
   ]
}