{
   "0.95": [
      0.625,
      0.4782608695652174,
      0.625,
      0.625,
      0.5416666666666666,
      0.5833333333333334,
      0.5416666666666666,
      0.4583333333333333,
      0.56,
      0.6,
      0.64,
      0.48,
      0.52,
      0.5,
      0.38461538461538464,
      0.4230769230769231,
      0.2692307692307692,
      0.4230769230769231,
      0.5,
      0.34615384615384615,
      0.23076923076923078,
      0.4230769230769231,
      0.32,
      0.36,
      0.48,
      0.56,
      0.52,
      0.48,
      0.44,
      0.48,
      0.4,
      0.44,
      0.5,
      0.5384615384615384,
      0.4230769230769231,
      0.5384615384615384,
      0.5769230769230769,
      0.5384615384615384,
      0.5416666666666666,
      0.5,
      0.5217391304347826,
      0.5,
      0.45454545454545453,
      0.47619047619047616,
      0.6666666666666666,
      0.6666666666666666,
      0.5,
      0.47058823529411764
   ],
   "0.9": [
      0.4375,
      0.4782608695652174,
      0.5833333333333334,
      0.5833333333333334,
      0.375,
      0.5833333333333334,
      0.5,
      0.4583333333333333,
      0.56,
      0.56,
      0.48,
      0.48,
      0.48,
      0.46153846153846156,
      0.3076923076923077,
      0.4230769230769231,
      0.2692307692307692,
      0.34615384615384615,
      0.5,
      0.34615384615384615,
      0.19230769230769232,
      0.2692307692307692,
      0.32,
      0.36,
      0.44,
      0.48,
      0.48,
      0.44,
      0.4,
      0.32,
      0.36,
      0.36,
      0.4230769230769231,
      0.46153846153846156,
      0.34615384615384615,
      0.4230769230769231,
      0.5,
      0.5,
      0.4583333333333333,
      0.5,
      0.5217391304347826,
      0.5,
      0.45454545454545453,
      0.42857142857142855,
      0.5,
      0.5,
      0.3888888888888889,
      0.47058823529411764
   ],
   "0.75": [
      0.25,
      0.391304347826087,
      0.4166666666666667,
      0.25,
      0.08333333333333333,
      0.2916666666666667,
      0.3333333333333333,
      0.25,
      0.4,
      0.4,
      0.4,
      0.36,
      0.36,
      0.34615384615384615,
      0.19230769230769232,
      0.2692307692307692,
      0.038461538461538464,
      0.19230769230769232,
      0.3076923076923077,
      0.15384615384615385,
      0.15384615384615385,
      0.19230769230769232,
      0.32,
      0.2,
      0.2,
      0.28,
      0.32,
      0.36,
      0.16,
      0.24,
      0.28,
      0.2,
      0.3076923076923077,
      0.34615384615384615,
      0.2692307692307692,
      0.2692307692307692,
      0.23076923076923078,
      0.2692307692307692,
      0.2916666666666667,
      0.3333333333333333,
      0.30434782608695654,
      0.36363636363636365,
      0.22727272727272727,
      0.3333333333333333,
      0.3333333333333333,
      0.16666666666666666,
      0.2222222222222222,
      0.23529411764705882
   ]
}