{
   "0.95": [
      0.3467600201388973,
      0.3914289357701112,
      0.37121100194372536,
      0.5437320827006649,
      0.6775263203350308,
      0.7091246280821579,
      0.6210733561205187,
      0.650282185063716,
      0.7099817411260202,
      0.6376129149607508,
      0.5618376582937542,
      0.6998288366325197,
      0.6461160178895118,
      0.5997459559636006,
      0.5683646279531649,
      0.5644833797169252,
      0.5740430909709534,
      0.5658573621381617,
      0.6175071766764405,
      0.57575906908087,
      0.7042972297389894,
      0.7000902150101999,
      0.722682526260294,
      0.6727058847820986,
      0.9150860639010887,
      0.9538075133730566,
      0.9583509863811528,
      0.944190834585058,
      1.1139896290616023,
      1.0781554584509139,
      0.9757664887397014,
      0.9750355974888066,
      0.9928172670195542,
      0.832317394639108,
      0.931717602421423,
      1.1377555518112594,
      1.210727378496825,
      0.8874825781857042,
      0.8560917400793738,
      0.8489063644582299,
      0.8581422011836313,
      0.9676569783308672,
      1.0525908686279593,
      1.0849380388265681,
      0.9122239592516532,
      0.9088228396201026,
      1.1819161845492123,
      1.4007438763859468
   ],
   "0.9": [
      0.2275233425417989,
      0.2566361168243523,
      0.2267577286538619,
      0.29091103411459174,
      0.3536022633427774,
      0.42446077396344084,
      0.35394764547560126,
      0.3895084678176016,
      0.3864842454394695,
      0.3457131938612699,
      0.37805251925406086,
      0.41798879578915504,
      0.4516962058228142,
      0.47663261473704455,
      0.42552816399401105,
      0.4216994926124438,
      0.3817806376744817,
      0.3854789892249524,
      0.4830377080140292,
      0.4180906501300392,
      0.5021649875143739,
      0.5335796132899749,
      0.551299279239521,
      0.4813589228906386,
      0.6712637183649166,
      0.6472996580005268,
      0.6420327083802523,
      0.6931299230637448,
      0.7545085873418981,
      0.7211630982405104,
      0.5963383029792924,
      0.5977457412578627,
      0.7347027512590422,
      0.5762069271758432,
      0.6107897678654621,
      0.7132951646761583,
      0.8196510757617954,
      0.6646771804584309,
      0.5864573563048164,
      0.5719066932045984,
      0.6387115649217251,
      0.7017640636393252,
      0.6865780303163386,
      0.635124963841966,
      0.5854795755718885,
      0.601734755138727,
      0.8564566231549045,
      1.0569140951105633
   ],
   "0.75": [
      0.09461441905935361,
      0.09828624316859616,
      0.09631046900302323,
      0.11767701657500279,
      0.14063936780392639,
      0.14016484580214664,
      0.134744808787286,
      0.14736796090004947,
      0.15471645699672243,
      0.1277299470124234,
      0.1223864975908414,
      0.1370650543065677,
      0.14355464298356627,
      0.1545167853131085,
      0.1722375444658654,
      0.16775958177232064,
      0.1659647138378969,
      0.16467672424280272,
      0.17343578198767715,
      0.16847651246176068,
      0.18824363381871462,
      0.19313757916034785,
      0.17504061404586976,
      0.16947047137545604,
      0.20925856239398805,
      0.2330381991720011,
      0.2816343398893979,
      0.2650325514867306,
      0.28645817163507215,
      0.2578956352894235,
      0.26578315171919337,
      0.26999125105518784,
      0.32019743752133895,
      0.24828011464556754,
      0.2590535660126859,
      0.3088607289854531,
      0.3520202347148893,
      0.29134453509453495,
      0.25740615664469124,
      0.24238943223358117,
      0.29249861668791144,
      0.34319114875032963,
      0.30803349844193467,
      0.2779823315754246,
      0.28005663664727765,
      0.28482087013728385,
      0.4516862407344839,
      0.5449988508273872
   ]
}