{
   "0.95": [
      0.3464120374510985,
      0.39032927072927,
      0.37028733942722114,
      0.5435877861977331,
      0.6744880607242932,
      0.7070125226699976,
      0.6220572824564357,
      0.651404470260049,
      0.7116866874987757,
      0.6387316662362759,
      0.5693507404946899,
      0.7129750955128304,
      0.6648173396993364,
      0.6112137306178957,
      0.6969490287804879,
      0.7254272110206912,
      0.6103143567420034,
      0.5566781622826583,
      0.532416631789103,
      0.5169009774157372,
      0.5908396700087293,
      0.596212818302132,
      0.7228145809276338,
      0.6721589371296409,
      0.6749866843419694,
      0.756756464802563,
      0.6541972006197438,
      0.682558361489907,
      0.7414647818950967,
      0.8421126688754347,
      0.7606960577127513,
      0.8898477866811225,
      0.9986349336705205,
      0.8571624461961718,
      0.9375179688793465,
      1.153993679779913,
      1.1996156466432095,
      0.8903714221572779,
      0.8612267054952064,
      0.8501024872087527,
      0.8591410227711337,
      0.9665711434472877,
      1.0539025104982087,
      1.0787779216721933,
      0.9068113426810972,
      0.9083990800316205,
      1.1815285288132795,
      1.3983612631734519
   ],
   "0.9": [
      0.22789587875258077,
      0.25673834400893236,
      0.22740293408818452,
      0.2906662981773268,
      0.353728942145514,
      0.42294633651078845,
      0.3518898318649684,
      0.3925323295116633,
      0.38992608983917104,
      0.3555172063162228,
      0.40406332789169674,
      0.46892988294977556,
      0.4807682016043442,
      0.4714636415241823,
      0.46400305017554405,
      0.4488639482288771,
      0.43828229811725966,
      0.45320839228343784,
      0.43222390497038243,
      0.41261126256962305,
      0.4589439858848559,
      0.46978241505993956,
      0.5506246779605465,
      0.5380107777505129,
      0.5250493720489101,
      0.5705314223974155,
      0.4833746967994505,
      0.5245866744471727,
      0.5344434734365406,
      0.5588330084818011,
      0.5841976498453555,
      0.5702168867623649,
      0.7272476199166593,
      0.5991289121836727,
      0.6192799395912769,
      0.7149784817837356,
      0.8040892245865982,
      0.6668565151039939,
      0.5888249228941231,
      0.5727285754206519,
      0.6415659470789336,
      0.7014159034141152,
      0.6865027697594367,
      0.6321719876753477,
      0.5842470651233762,
      0.6001616011685477,
      0.8557819199863061,
      1.0570511015482147
   ],
   "0.75": [
      0.09481684550551273,
      0.09860380795674929,
      0.09636089943563544,
      0.11826969425280784,
      0.14006620198831723,
      0.13982351761168588,
      0.13661649620653823,
      0.15045597345899756,
      0.16074026257409946,
      0.1328067465129542,
      0.13532744255900056,
      0.17087774411705342,
      0.21224227309864524,
      0.2508713486775361,
      0.22499851300029086,
      0.22927753119837124,
      0.24706301714993212,
      0.28170492825640886,
      0.2514173929453187,
      0.24425938351954116,
      0.2531445414197917,
      0.25715028638268206,
      0.30896587102554296,
      0.31668541944716555,
      0.3165396583037759,
      0.3101784332309963,
      0.2435224281003683,
      0.3001127407597219,
      0.2934840400137897,
      0.26806861276694416,
      0.3243775239733683,
      0.27427353320070397,
      0.3093529345308708,
      0.2621369878503329,
      0.27092416322619006,
      0.3233539169311091,
      0.34780267578328683,
      0.2950374388412474,
      0.25898670681210406,
      0.24275907144015957,
      0.29318336558476077,
      0.3449266741605044,
      0.308177606560196,
      0.27764344597208973,
      0.2795983442101696,
      0.28388354077510086,
      0.4520845241080876,
      0.5446798970820155
   ]
}