{
  "0.95": 0.9472140762463344,
  "0.9": 0.7869012707722385,
  "0.75": 0.1412512218963832
}