{
   "0.95": [
      0.9767441860465116,
      0.9534883720930233,
      0.8372093023255814,
      0.9069767441860465,
      0.9767441860465116,
      0.9767441860465116,
      0.9767441860465116,
      0.9534883720930233,
      0.9302325581395349,
      0.9767441860465116,
      0.9767441860465116,
      0.9767441860465116,
      0.9534883720930233,
      0.9767441860465116,
      0.9534883720930233,
      0.9069767441860465,
      0.9767441860465116,
      0.9534883720930233,
      0.9069767441860465,
      0.9302325581395349,
      0.8837209302325582,
      0.8837209302325582,
      0.9302325581395349,
      0.9302325581395349,
      0.9285714285714286,
      0.9523809523809523,
      0.9761904761904762,
      0.9285714285714286,
      0.9761904761904762,
      0.9285714285714286,
      0.9523809523809523,
      0.9761904761904762,
      0.9761904761904762,
      0.8571428571428571,
      0.9285714285714286,
      0.9523809523809523,
      1.0,
      0.9523809523809523,
      0.9761904761904762,
      1.0,
      0.9534883720930233,
      0.9534883720930233,
      0.9767441860465116,
      0.9534883720930233,
      0.9761904761904762,
      0.9523809523809523,
      0.9069767441860465,
      0.9302325581395349
   ],
   "0.9": [
      0.7906976744186046,
      0.8604651162790697,
      0.5116279069767442,
      0.6046511627906976,
      0.8372093023255814,
      0.9302325581395349,
      0.8604651162790697,
      0.8837209302325582,
      0.813953488372093,
      0.7906976744186046,
      0.8837209302325582,
      0.8837209302325582,
      0.8837209302325582,
      0.9767441860465116,
      0.8837209302325582,
      0.8604651162790697,
      0.7209302325581395,
      0.7674418604651163,
      0.9069767441860465,
      0.8372093023255814,
      0.8372093023255814,
      0.8372093023255814,
      0.8837209302325582,
      0.8372093023255814,
      0.8333333333333334,
      0.8095238095238095,
      0.7619047619047619,
      0.8333333333333334,
      0.9285714285714286,
      0.8571428571428571,
      0.6904761904761905,
      0.5476190476190477,
      0.8571428571428571,
      0.5476190476190477,
      0.42857142857142855,
      0.6666666666666666,
      0.8809523809523809,
      0.5952380952380952,
      0.47619047619047616,
      0.5952380952380952,
      0.8372093023255814,
      0.9069767441860465,
      0.7906976744186046,
      0.8372093023255814,
      0.7619047619047619,
      0.7857142857142857,
      0.7441860465116279,
      0.8837209302325582
   ],
   "0.75": [
      0.09302325581395349,
      0.16279069767441862,
      0.20930232558139536,
      0.20930232558139536,
      0.2558139534883721,
      0.18604651162790697,
      0.23255813953488372,
      0.13953488372093023,
      0.18604651162790697,
      0.11627906976744186,
      0.023255813953488372,
      0.09302325581395349,
      0.09302325581395349,
      0.11627906976744186,
      0.18604651162790697,
      0.11627906976744186,
      0.13953488372093023,
      0.046511627906976744,
      0.16279069767441862,
      0.11627906976744186,
      0.13953488372093023,
      0.20930232558139536,
      0.20930232558139536,
      0.046511627906976744,
      0.09523809523809523,
      0.07142857142857142,
      0.14285714285714285,
      0.11904761904761904,
      0.19047619047619047,
      0.11904761904761904,
      0.09523809523809523,
      0.09523809523809523,
      0.11904761904761904,
      0.07142857142857142,
      0.07142857142857142,
      0.07142857142857142,
      0.16666666666666666,
      0.047619047619047616,
      0.07142857142857142,
      0.07142857142857142,
      0.16279069767441862,
      0.27906976744186046,
      0.16279069767441862,
      0.20930232558139536,
      0.09523809523809523,
      0.19047619047619047,
      0.2558139534883721,
      0.3023255813953488
   ]
}