{
   "0.95": [
      0.0,
      0.0,
      0.0,
      0.0,
      0.0,
      0.0,
      0.023255813953488372,
      0.9534883720930233,
      0.9534883720930233,
      0.9302325581395349,
      0.9767441860465116,
      0.9767441860465116,
      0.9069767441860465,
      0.9767441860465116,
      0.9534883720930233,
      0.9534883720930233,
      0.9534883720930233,
      0.9767441860465116,
      0.9767441860465116,
      1.0,
      0.9302325581395349,
      0.9534883720930233,
      0.9302325581395349,
      0.9534883720930233,
      0.8571428571428571,
      0.9523809523809523,
      0.9761904761904762,
      0.8809523809523809,
      0.9761904761904762,
      0.8571428571428571,
      0.9285714285714286,
      0.9285714285714286,
      0.8809523809523809,
      0.8809523809523809,
      0.8571428571428571,
      0.9761904761904762,
      0.9285714285714286,
      0.9047619047619048,
      0.0,
      0.0,
      0.0,
      0.0,
      0.0,
      0.0,
      0.0,
      0.0,
      0.0,
      0.0
   ],
   "0.9": [
      0.0,
      0.0,
      0.0,
      0.0,
      0.0,
      0.0,
      0.0,
      0.023255813953488372,
      0.06976744186046512,
      0.16279069767441862,
      0.813953488372093,
      0.8837209302325582,
      0.8837209302325582,
      0.9302325581395349,
      0.9069767441860465,
      0.8837209302325582,
      0.8604651162790697,
      0.9302325581395349,
      0.8837209302325582,
      0.9534883720930233,
      0.813953488372093,
      0.813953488372093,
      0.8604651162790697,
      0.9534883720930233,
      0.7857142857142857,
      0.8809523809523809,
      0.8571428571428571,
      0.7857142857142857,
      0.9285714285714286,
      0.8333333333333334,
      0.8333333333333334,
      0.8571428571428571,
      0.8571428571428571,
      0.7619047619047619,
      0.7857142857142857,
      0.8809523809523809,
      0.7380952380952381,
      0.14285714285714285,
      0.0,
      0.0,
      0.0,
      0.0,
      0.0,
      0.0,
      0.0,
      0.0,
      0.0,
      0.0
   ],
   "0.75": [
      0.0,
      0.0,
      0.0,
      0.0,
      0.0,
      0.0,
      0.0,
      0.0,
      0.0,
      0.023255813953488372,
      0.16279069767441862,
      0.18604651162790697,
      0.6046511627906976,
      0.7209302325581395,
      0.7441860465116279,
      0.7441860465116279,
      0.6976744186046512,
      0.7674418604651163,
      0.6976744186046512,
      0.7209302325581395,
      0.5581395348837209,
      0.5581395348837209,
      0.6511627906976745,
      0.6976744186046512,
      0.5952380952380952,
      0.7142857142857143,
      0.6666666666666666,
      0.5952380952380952,
      0.7142857142857143,
      0.5476190476190477,
      0.7142857142857143,
      0.5714285714285714,
      0.35714285714285715,
      0.16666666666666666,
      0.19047619047619047,
      0.09523809523809523,
      0.0,
      0.07142857142857142,
      0.0,
      0.0,
      0.0,
      0.0,
      0.0,
      0.0,
      0.0,
      0.0,
      0.0,
      0.0
   ]
}