{
   "0.95": [
      0.9534883720930233,
      0.9534883720930233,
      0.5581395348837209,
      0.8372093023255814,
      0.9767441860465116,
      0.9534883720930233,
      0.9767441860465116,
      0.9534883720930233,
      0.9302325581395349,
      0.9767441860465116,
      0.9767441860465116,
      0.9534883720930233,
      0.9534883720930233,
      0.9767441860465116,
      0.9534883720930233,
      0.9302325581395349,
      0.9767441860465116,
      0.9069767441860465,
      0.9069767441860465,
      0.8837209302325582,
      0.9069767441860465,
      0.8372093023255814,
      0.9534883720930233,
      0.9069767441860465,
      0.8809523809523809,
      0.9285714285714286,
      0.8809523809523809,
      0.9285714285714286,
      1.0,
      0.9523809523809523,
      0.9047619047619048,
      0.9285714285714286,
      1.0,
      0.7380952380952381,
      0.8571428571428571,
      0.9523809523809523,
      0.9523809523809523,
      0.9285714285714286,
      0.9761904761904762,
      0.9523809523809523,
      0.9302325581395349,
      0.9534883720930233,
      0.9302325581395349,
      0.9534883720930233,
      0.9285714285714286,
      0.9285714285714286,
      0.8837209302325582,
      0.9069767441860465
   ],
   "0.9": [
      0.813953488372093,
      0.9069767441860465,
      0.32558139534883723,
      0.4186046511627907,
      0.6744186046511628,
      0.8604651162790697,
      0.5813953488372093,
      0.813953488372093,
      0.6511627906976745,
      0.5813953488372093,
      0.8604651162790697,
      0.9534883720930233,
      0.8604651162790697,
      0.9302325581395349,
      0.9302325581395349,
      0.8837209302325582,
      0.8837209302325582,
      0.9069767441860465,
      0.8837209302325582,
      0.8372093023255814,
      0.7674418604651163,
      0.8372093023255814,
      0.8837209302325582,
      0.8372093023255814,
      0.8571428571428571,
      0.8333333333333334,
      0.8333333333333334,
      0.8809523809523809,
      0.9523809523809523,
      0.8095238095238095,
      0.8571428571428571,
      0.6666666666666666,
      0.8095238095238095,
      0.40476190476190477,
      0.35714285714285715,
      0.6190476190476191,
      0.8571428571428571,
      0.47619047619047616,
      0.40476190476190477,
      0.40476190476190477,
      0.7209302325581395,
      0.8372093023255814,
      0.813953488372093,
      0.8372093023255814,
      0.7142857142857143,
      0.7619047619047619,
      0.7674418604651163,
      0.8837209302325582
   ],
   "0.75": [
      0.16279069767441862,
      0.23255813953488372,
      0.18604651162790697,
      0.13953488372093023,
      0.13953488372093023,
      0.20930232558139536,
      0.18604651162790697,
      0.16279069767441862,
      0.18604651162790697,
      0.16279069767441862,
      0.06976744186046512,
      0.16279069767441862,
      0.27906976744186046,
      0.6046511627906976,
      0.5116279069767442,
      0.5348837209302325,
      0.6976744186046512,
      0.7906976744186046,
      0.6976744186046512,
      0.7209302325581395,
      0.5581395348837209,
      0.5813953488372093,
      0.6511627906976745,
      0.7906976744186046,
      0.6190476190476191,
      0.6428571428571429,
      0.6666666666666666,
      0.5238095238095238,
      0.6428571428571429,
      0.47619047619047616,
      0.6428571428571429,
      0.14285714285714285,
      0.14285714285714285,
      0.047619047619047616,
      0.09523809523809523,
      0.07142857142857142,
      0.11904761904761904,
      0.047619047619047616,
      0.047619047619047616,
      0.047619047619047616,
      0.18604651162790697,
      0.27906976744186046,
      0.16279069767441862,
      0.16279069767441862,
      0.11904761904761904,
      0.16666666666666666,
      0.3488372093023256,
      0.3023255813953488
   ]
}