{
  "0.95": 0.929130009775171,
  "0.9": 0.7468230694037146,
  "0.75": 0.2697947214076246
}