{
   "0.95": [
      0.3920191655081094,
      0.4322268031163436,
      0.33969037587795636,
      0.4467486970172501,
      0.6098292086492783,
      0.7433812275485281,
      0.6598772674844686,
      0.626732552941546,
      0.6267890578276668,
      0.5604627601849771,
      0.5415034570691988,
      0.687229484686754,
      0.6901615367369042,
      0.7132547981364575,
      0.8508121128835909,
      0.8935253009975607,
      0.7277646280063383,
      0.7187240388816919,
      0.7226097363688749,
      0.723386526461609,
      0.6941220611634253,
      0.6638965811822797,
      0.8302158330058836,
      0.6922468013378889,
      0.6967079849859537,
      0.8366134239147808,
      0.7299092859601063,
      0.7467391992745831,
      0.8053539076974928,
      0.9466459931812987,
      0.7476746520364169,
      0.8342034665575571,
      0.7821891017294871,
      0.6655603634115809,
      0.742489439525117,
      0.9556856001101275,
      1.060626941725262,
      0.8163890694725359,
      0.7808468283627668,
      0.7774142196570626,
      0.8724555911780814,
      0.9338215048351621,
      0.8802588061132243,
      1.0354160284561356,
      0.8476001345509976,
      0.8271076684392178,
      1.2027239049804652,
      1.5105995629462106
   ],
   "0.9": [
      0.2851820496126582,
      0.3051266594257636,
      0.24328432005903444,
      0.2846949593113485,
      0.3680260532313063,
      0.4383287557242675,
      0.3861650941459426,
      0.4207629789926694,
      0.4093517102176012,
      0.35362609133482603,
      0.4025612119634187,
      0.45976593226369045,
      0.47574206589283935,
      0.5299706304831358,
      0.5569009240154654,
      0.5103356116630592,
      0.5186209599078432,
      0.6033466255941943,
      0.5970483212968998,
      0.5723665888982142,
      0.5403443235341885,
      0.5301329442101899,
      0.6261248160445286,
      0.5552064878907457,
      0.5561535937216183,
      0.6202364832469847,
      0.557277368669906,
      0.5922572478471666,
      0.6501486548257556,
      0.6021185886131689,
      0.5917882721272741,
      0.5330092191975205,
      0.5645859759713419,
      0.49524933033433965,
      0.5299845518417717,
      0.6410575007692683,
      0.7556777560572253,
      0.6169966531830886,
      0.5239077223469403,
      0.5211198322195048,
      0.6579596511328174,
      0.6613992864157683,
      0.5916502546603261,
      0.5986201086947021,
      0.5615683733679416,
      0.5382271593974759,
      0.8927050455294782,
      1.143797592888547
   ],
   "0.75": [
      0.14971192236026143,
      0.1530023438977857,
      0.12504605400739788,
      0.12256219639288031,
      0.14348715443797055,
      0.17290523181276354,
      0.17822740540923906,
      0.1954228813756086,
      0.17986317971661236,
      0.1348052095656171,
      0.14622751810049167,
      0.17280482735250444,
      0.24470716953311522,
      0.3166599932738971,
      0.2889812907506821,
      0.25441404188409017,
      0.2920175793021963,
      0.3730037943148633,
      0.3531960525258659,
      0.3235034502818029,
      0.305054719200364,
      0.2954611634465936,
      0.37624672176866797,
      0.3576730666694395,
      0.36606197817665215,
      0.3697470969285417,
      0.3004545148182608,
      0.3532389604861552,
      0.3393473191488615,
      0.3281190930918428,
      0.3536704140246224,
      0.25907555563293855,
      0.2522767891208227,
      0.23502303788394302,
      0.24067376137637153,
      0.30365260660436977,
      0.31728449708689493,
      0.2713517087225915,
      0.23859112114772668,
      0.23187350792647968,
      0.31716230268449225,
      0.34352009493049424,
      0.26187199186028026,
      0.2531696290789224,
      0.2608295509957593,
      0.2600740198039207,
      0.467484992672909,
      0.5957246669127652
   ]
}