{
  "0.95": 0.9222873900293255,
  "0.9": 0.7556207233626588,
  "0.75": 0.3362658846529814
}