{
  "0.95": 0.604594330400782,
  "0.9": 0.4897360703812317,
  "0.75": 0.30254154447702836
}