{
  "0.95": 0.9995542678850011,
  "0.9": 0.9875195007800313,
  "0.75": 0.8495654111878761
}