{
   "0.95": [
      1.0,
      1.0,
      1.0,
      1.0,
      1.0,
      1.0,
      1.0,
      0.989247311827957,
      0.989247311827957,
      1.0,
      1.0,
      1.0,
      1.0,
      1.0,
      0.989247311827957,
      1.0,
      0.9893617021276596,
      0.9894736842105263,
      1.0,
      1.0,
      1.0,
      1.0,
      1.0,
      1.0,
      0.978494623655914,
      0.9893617021276596,
      1.0,
      0.989247311827957,
      0.9893617021276596,
      0.989247311827957,
      0.967741935483871,
      0.989247311827957,
      0.9787234042553191,
      1.0,
      1.0,
      1.0,
      1.0,
      1.0,
      1.0,
      1.0,
      1.0,
      1.0,
      1.0,
      1.0,
      1.0,
      1.0,
      1.0,
      1.0
   ],
   "0.9": [
      0.956989247311828,
      0.956989247311828,
      0.967741935483871,
      0.946236559139785,
      0.956989247311828,
      0.978494623655914,
      0.967741935483871,
      0.967741935483871,
      0.967741935483871,
      0.989247311827957,
      1.0,
      1.0,
      1.0,
      0.978494623655914,
      0.956989247311828,
      0.978494623655914,
      0.9468085106382979,
      0.9789473684210527,
      0.9574468085106383,
      0.9680851063829787,
      0.9680851063829787,
      0.9891304347826086,
      0.9782608695652174,
      1.0,
      0.967741935483871,
      0.9787234042553191,
      0.9893617021276596,
      0.989247311827957,
      0.9680851063829787,
      0.956989247311828,
      0.9354838709677419,
      0.9354838709677419,
      0.9680851063829787,
      0.9893617021276596,
      1.0,
      0.9893617021276596,
      0.9787234042553191,
      0.9787234042553191,
      1.0,
      1.0,
      0.9893617021276596,
      0.9893617021276596,
      1.0,
      1.0,
      1.0,
      1.0,
      1.0,
      1.0
   ],
   "0.75": [
      0.7419354838709677,
      0.7849462365591398,
      0.7526881720430108,
      0.7634408602150538,
      0.7849462365591398,
      0.7956989247311828,
      0.8387096774193549,
      0.8602150537634409,
      0.9032258064516129,
      0.8924731182795699,
      0.8817204301075269,
      0.9139784946236559,
      0.8709677419354839,
      0.8064516129032258,
      0.7741935483870968,
      0.7956989247311828,
      0.7553191489361702,
      0.8105263157894737,
      0.851063829787234,
      0.8191489361702128,
      0.8404255319148937,
      0.8260869565217391,
      0.7934782608695652,
      0.7956989247311828,
      0.8172043010752689,
      0.8191489361702128,
      0.8297872340425532,
      0.8172043010752689,
      0.8191489361702128,
      0.6989247311827957,
      0.6666666666666666,
      0.6989247311827957,
      0.6702127659574468,
      0.6808510638297872,
      0.7340425531914894,
      0.7872340425531915,
      0.8404255319148937,
      0.7872340425531915,
      0.851063829787234,
      0.8404255319148937,
      0.8617021276595744,
      0.851063829787234,
      0.8404255319148937,
      0.8723404255319149,
      0.851063829787234,
      0.8723404255319149,
      0.8936170212765957,
      0.8936170212765957
   ]
}