{
  "0.95": 0.7383552484956541,
  "0.9": 0.6545576108758636,
  "0.75": 0.4303543570314241
}