{
   "0.95": [
      0.9045009737756142,
      0.29734721343597204,
      0.35350033584173135,
      0.7181424987522191,
      0.8782721213607353,
      1.1974406673671212,
      1.154748143098213,
      0.49909686502001493,
      0.5656772956731221,
      0.6988597113793149,
      0.832470324167075,
      1.0796834107960396,
      1.4748293355155349,
      1.2150523153021975,
      0.9629638196593504,
      1.01053901927002,
      1.0379818879295832,
      1.1404208503910802,
      1.3240372893197618,
      1.3298153479430002,
      1.419157441244191,
      1.3839448683084912,
      1.4276636053306118,
      1.3089766088313524,
      1.0993515119597614,
      1.0909267937819678,
      1.119759671506438,
      1.0827308730422953,
      1.0613305052797488,
      0.9982826406900595,
      0.9630863332603167,
      0.910344857064605,
      0.8838375934341092,
      0.7446749038643815,
      0.716453577341811,
      0.5538162737717128,
      0.57775512022142,
      0.5934781793024998,
      0.41546101398022406,
      0.5109016948398686,
      0.24566863220258187,
      0.8145637678473779,
      0.29150926664301874,
      0.702780787039418,
      0.4888962170167399,
      0.7470273430739197,
      0.5419460443220139,
      0.7612632266808617
   ],
   "0.9": [
      0.26203197297428077,
      0.07423558445489932,
      0.07423558445489932,
      0.15541287279584856,
      0.19263846239068988,
      0.8092057283312212,
      1.0313989156191923,
      0.4183628497379696,
      0.3673729417320956,
      0.45529929626675775,
      0.5783947296348152,
      0.7245826083418292,
      0.9759699282995302,
      0.888874827324038,
      0.7056172545991876,
      0.7433785604534477,
      0.7992237512887972,
      0.882202052702269,
      1.0313480492334615,
      1.0418569593364602,
      1.1398711959333205,
      1.086383130553727,
      1.1162626594396745,
      1.0164583013217385,
      0.882771569353585,
      0.8462770387383868,
      0.8728963890021566,
      0.8658821787240123,
      0.8350710460081906,
      0.7873263084178889,
      0.7537518381420678,
      0.7061936918345053,
      0.6445924534072345,
      0.5462557683805364,
      0.5030576186930109,
      0.38503861657448224,
      0.3687916652286586,
      0.4175743763818845,
      0.27036084123718035,
      0.38554094134898703,
      0.12349511478795847,
      0.6378932959424706,
      0.24105820997490965,
      0.5880948220825217,
      0.4360587578418747,
      0.5616617989310416,
      0.25409087716853773,
      0.40740395299168813
   ],
   "0.75": [
      0.03206364531682724,
      0.012531229613270061,
      0.012531229613270061,
      0.03206364531682724,
      0.03587257571840631,
      0.05294390541556449,
      0.7329044144364877,
      0.2813640126175503,
      0.23107780123811317,
      0.18856641064748084,
      0.32780318578366247,
      0.2033191842465511,
      0.29837917675358433,
      0.35250154970785397,
      0.2890336234188161,
      0.2991084949439182,
      0.35932987590236487,
      0.3926647248686226,
      0.49256598110451644,
      0.5038898803755171,
      0.5668282158793607,
      0.5646596816080686,
      0.5789692795405845,
      0.5191207357596809,
      0.4466939472979107,
      0.45347140901217786,
      0.4335924771419704,
      0.45516360168555187,
      0.4229299709371756,
      0.38406156344482784,
      0.35298208341655607,
      0.33867504822347033,
      0.2830340712243793,
      0.21886067240907578,
      0.1702374061898929,
      0.13509476087393857,
      0.09260912283918007,
      0.12807148098664958,
      0.07051672324960867,
      0.1708424575289274,
      0.07222227854793406,
      0.41447786398613096,
      0.10302631201887266,
      0.23324859644998325,
      0.18622886400681715,
      0.04298994714434217,
      0.05100423966444302,
      0.06033628602466312
   ]
}