{
   "0.95": [
      1.210127245870848,
      1.095488716595045,
      1.2717678011664009,
      1.2956062459557145,
      1.3094359212050917,
      1.2429276662553295,
      1.2432703876273405,
      1.2786050377621991,
      1.2960346235000764,
      1.2581488955602136,
      1.314012033663333,
      1.324753978172635,
      1.288060394939488,
      1.1788667209852544,
      1.0632938095535192,
      0.9022667607806922,
      0.8702183296291269,
      0.8741658809192936,
      0.9663805633358862,
      0.9599010711285578,
      1.0825295143689402,
      1.0948831224192301,
      1.1299608396856788,
      1.2409526285567627,
      1.0626612518051213,
      1.0943379007490417,
      1.091913477164457,
      1.055809987046326,
      0.9957122651963681,
      0.9840728006723389,
      0.9284921589408434,
      0.8504855091770571,
      0.8627402227814048,
      0.8025463287035297,
      0.8915686291227369,
      0.8926784536888243,
      0.9768424333231965,
      1.0955318140120736,
      1.2425882129630366,
      1.2803886416054526,
      1.3038535898173003,
      1.2764633156705951,
      1.397494021885406,
      1.3394195788971273,
      1.3635799560126483,
      1.2622221508065605,
      1.3030277739822458,
      1.2581198459769811
   ],
   "0.9": [
      0.8680889556062309,
      0.834796982896539,
      0.9051540347671115,
      0.9402348405917839,
      0.9237415575230256,
      0.8987039244792413,
      0.897471487008352,
      0.9181888377145518,
      0.920152614209837,
      0.9352320700652231,
      0.9734869739062505,
      0.9522108258958567,
      0.9234733513860841,
      0.8449546368554142,
      0.7707439999146541,
      0.6698246804889788,
      0.654936013423832,
      0.6560049528963767,
      0.7345284712132821,
      0.7425645791090848,
      0.8278233607114801,
      0.8349919972125665,
      0.8684799771645425,
      0.9493141734834818,
      0.833524714867439,
      0.8471625589653919,
      0.8509298818920052,
      0.8165579506602788,
      0.7721498260997756,
      0.7568528323788182,
      0.7116547658621818,
      0.6399919926578098,
      0.6524884236805796,
      0.615914226588093,
      0.6735954726381121,
      0.6937789647664275,
      0.747166775372778,
      0.8246848060800749,
      0.9478262899420383,
      0.9798836764835649,
      0.9824063788734089,
      0.9638319117715745,
      1.0671262143170048,
      0.9831315550984975,
      1.0399190180399478,
      0.9352067027896067,
      0.9523422896291065,
      0.953085080925462
   ],
   "0.75": [
      0.33902745968503223,
      0.40398761093597774,
      0.36994696734720783,
      0.38447469473060203,
      0.3849338597209994,
      0.3663915742024563,
      0.35509569734766255,
      0.36651823908191766,
      0.3769090666843995,
      0.37408146681707394,
      0.37965066164341177,
      0.3628121964078861,
      0.3873347616020384,
      0.3584396466325009,
      0.338734247329986,
      0.3060739274618176,
      0.33400977523438863,
      0.34394499646172694,
      0.4012010944553353,
      0.3986431542411873,
      0.44813560884161197,
      0.4420620788813126,
      0.4546053407315679,
      0.5077784227926657,
      0.4356031486299538,
      0.43907492671967546,
      0.43554680659767175,
      0.4223359356713344,
      0.3945131689838677,
      0.378857116836239,
      0.3497512397263991,
      0.30482993015224685,
      0.28983721273325513,
      0.26567915115975055,
      0.2943933263892667,
      0.3210070222900661,
      0.3386441639886421,
      0.3781428556351314,
      0.4344167800866872,
      0.4220203919363204,
      0.4290177334879978,
      0.41673531093298455,
      0.4450877928858728,
      0.4151789714316499,
      0.4191206429932654,
      0.37927409151499886,
      0.39098740176944374,
      0.4146537685007992
   ]
}