{
  "0.95": 0.9962112770225094,
  "0.9": 0.9783819924225541,
  "0.75": 0.8114553153554713
}