{
   "0.95": [
      1.2103830222113525,
      1.1186570889973306,
      1.2722585346370099,
      1.296223551841753,
      1.3099244054881745,
      1.243901370194769,
      1.2460716743070523,
      1.2751069413578109,
      1.2928423445148052,
      1.252819132363901,
      1.3161251532440237,
      1.3242289829621476,
      1.2950850435718215,
      1.2832140248750226,
      1.2894120955952213,
      1.3135603163728018,
      1.312898314200285,
      1.2701468105814302,
      1.238375449964593,
      1.2057270060567848,
      1.2581586513978176,
      1.2653450208486674,
      1.2995243050953524,
      1.289569337821489,
      1.252292276142098,
      1.2843286846739461,
      1.4127260220287614,
      1.3588518585291958,
      1.4287393152137449,
      1.318165719877619,
      1.287708536917393,
      1.4487031327376962,
      1.3275540720306638,
      1.3017596196170778,
      1.246265006464597,
      1.1990139514623883,
      1.2050359472062238,
      1.2052333056080415,
      1.2244561802098166,
      1.2444128853966934,
      1.275413277010222,
      1.2659936973061154,
      1.3839236861488697,
      1.3219193405331098,
      1.3414083369554743,
      1.2567115436258007,
      1.293261249788317,
      1.2559824382330993
   ],
   "0.9": [
      0.8699539403351353,
      0.8356262888833542,
      0.9064038775864276,
      0.9400927938309422,
      0.9251594174113148,
      0.9004244399020519,
      0.8993032960791187,
      0.9161004528673771,
      0.9198346093376458,
      0.9320981426104602,
      0.9719132344510837,
      0.949993592159998,
      0.9309222686252702,
      0.9114596369835432,
      0.9215563809069178,
      0.9495527654983941,
      0.9510587909551568,
      0.9489723819433291,
      0.9500902615200344,
      0.9333968643695554,
      0.9131793868681509,
      0.9341032636121942,
      0.9580957851933971,
      0.9445603658136524,
      0.9485234065002572,
      0.9795351742469893,
      1.0896629111465073,
      1.0477228584944382,
      1.1328047317945757,
      1.011710688354928,
      0.9560831094797068,
      1.0971788159456812,
      1.0233853062099492,
      1.0106406015596223,
      0.9818761868329919,
      0.9508314292193181,
      0.9469465102614821,
      0.9213904099552895,
      0.926688927280911,
      0.9514002211431587,
      0.9552196356333463,
      0.953962361125071,
      1.0490278864815878,
      0.9691438078280209,
      1.0264593791756909,
      0.9248239502339631,
      0.9513292081688317,
      0.9474481401829351
   ],
   "0.75": [
      0.3386938086504758,
      0.4036458357860046,
      0.36839238470924573,
      0.3853956908491457,
      0.3841040001194822,
      0.36535384350345,
      0.3541826864458352,
      0.3630567433098201,
      0.37452596672042243,
      0.371592574919457,
      0.3803010107334146,
      0.3614250396086355,
      0.38965131045585577,
      0.3783798645905129,
      0.37482408440307435,
      0.3794508851460324,
      0.3899888273461667,
      0.4113161122058718,
      0.4124020814343865,
      0.4063500763206655,
      0.40657704345643236,
      0.4086508273197058,
      0.4278563853144381,
      0.4057144010983452,
      0.39270396964615917,
      0.39500163713557623,
      0.4027207447031102,
      0.3762993203243696,
      0.42597970094223336,
      0.4011619229121872,
      0.36326450044404107,
      0.4125371986475065,
      0.3900617208563519,
      0.40003924212528574,
      0.4046688411148759,
      0.4120044191396676,
      0.41210472546844645,
      0.4074713082013495,
      0.42472036406557584,
      0.4107077185068595,
      0.41855390239910006,
      0.4088534209034463,
      0.43680504703378203,
      0.409629317004916,
      0.41243903086696787,
      0.37602782191880413,
      0.3865277279001896,
      0.4137375189894563
   ]
}