{
   "0.95": [
      1.3190840634803578,
      1.1977230158975143,
      1.3678911698125051,
      1.3473585050338528,
      1.3511186845368348,
      1.2763478222365123,
      1.290088007656062,
      1.2710529268200375,
      1.275488095924598,
      1.228686283568562,
      1.247180998414726,
      1.2750579247610274,
      1.279324396698363,
      1.195552815318816,
      1.116454566327291,
      1.0663516818163983,
      0.9567137520272981,
      0.9970061542142615,
      0.9764241231536173,
      1.0492350447521694,
      1.1446646770558075,
      1.2014534325109532,
      1.2298680443919041,
      1.2241633890918453,
      1.202560783305125,
      1.2436154712380634,
      1.2390420686640562,
      1.2006881553861517,
      1.0303242681305902,
      0.9487096009378015,
      0.9521376811550362,
      0.934558195102748,
      1.0228245517005528,
      0.9820358729146992,
      0.9382431892578814,
      1.0941107001239232,
      1.078785784669573,
      1.0699882940734238,
      1.0881839093313175,
      1.152498357278038,
      1.2332736483537845,
      1.295032862896387,
      1.403321734490863,
      1.423979925376956,
      1.3801056094385875,
      1.360523077613546,
      1.3570511976927322,
      1.2930665810614612
   ],
   "0.9": [
      0.9527024613632595,
      0.8680062992761922,
      0.9720575789844506,
      0.9725826107729686,
      0.9563973979122954,
      0.928789484435333,
      0.9337469851101144,
      0.9088887157872163,
      0.9001179346089726,
      0.9030227536119149,
      0.9187295830962439,
      0.9280265828708675,
      0.9365975052851375,
      0.8693910795831805,
      0.8233659704340289,
      0.7917549744049628,
      0.72249691350127,
      0.7526084652255903,
      0.7451191270713264,
      0.8113186263784645,
      0.8843664618371491,
      0.920656972955972,
      0.9657406350207788,
      0.9477527982391931,
      0.9597119529735046,
      0.9938282161024047,
      0.9847791074197157,
      0.9337093853907507,
      0.8272305817636366,
      0.7405877119342026,
      0.7458905252144109,
      0.7055574801398101,
      0.770023044901598,
      0.73981884778087,
      0.6942138896573948,
      0.8222231680730645,
      0.8197579381676131,
      0.8156526977926833,
      0.8456063092910506,
      0.8807109881823768,
      0.9481313784491556,
      1.000394777034309,
      1.0639365391668545,
      1.0463045477194821,
      1.034601922322699,
      1.015366427760065,
      1.0216651134304555,
      0.991860779687756
   ],
   "0.75": [
      0.3520343460115158,
      0.3893837504145451,
      0.36652055081242674,
      0.3742521122973339,
      0.381553128080177,
      0.36285524072152653,
      0.35311343702930176,
      0.3490009575779471,
      0.34842648417172123,
      0.34091725825406866,
      0.3542362075599405,
      0.34366805981057985,
      0.3743266710999714,
      0.35867954077198183,
      0.35506978600172817,
      0.3583780131413146,
      0.35201030020874446,
      0.3820770164331438,
      0.4004638753961964,
      0.4359930740594685,
      0.4785277518901859,
      0.49426816924631417,
      0.5037485626157227,
      0.5172269048851792,
      0.5232971854056371,
      0.5267564881573978,
      0.5183411684390272,
      0.5135995705740314,
      0.44639726105923416,
      0.4061871085125583,
      0.38683084731079287,
      0.34995413981113654,
      0.3601723236198562,
      0.3242260990694451,
      0.30479011429909114,
      0.4007141212279741,
      0.38008739712664075,
      0.3740679821920319,
      0.37810865644953434,
      0.3712881914140522,
      0.40260641626897054,
      0.4104048247987991,
      0.4233050864066846,
      0.42498707085295284,
      0.4182702763880518,
      0.40351596177247046,
      0.41491188274819085,
      0.42374492636839284
   ]
}