{
   "0.95": [
      0.24731182795698925,
      0.22580645161290322,
      0.20430107526881722,
      0.03225806451612903,
      0.053763440860215055,
      0.20430107526881722,
      0.03225806451612903,
      0.03225806451612903,
      0.03225806451612903,
      0.7311827956989247,
      0.8709677419354839,
      0.978494623655914,
      0.989247311827957,
      0.967741935483871,
      0.967741935483871,
      0.967741935483871,
      0.9680851063829787,
      0.9789473684210527,
      1.0,
      1.0,
      1.0,
      1.0,
      1.0,
      1.0,
      0.989247311827957,
      0.9893617021276596,
      1.0,
      0.989247311827957,
      0.9787234042553191,
      0.978494623655914,
      0.956989247311828,
      0.978494623655914,
      0.9680851063829787,
      0.9680851063829787,
      0.9574468085106383,
      0.925531914893617,
      0.9574468085106383,
      0.8723404255319149,
      0.8936170212765957,
      0.648936170212766,
      0.8936170212765957,
      0.6170212765957447,
      0.7127659574468085,
      0.723404255319149,
      0.6808510638297872,
      0.7127659574468085,
      0.031914893617021274,
      0.5106382978723404
   ],
   "0.9": [
      0.23655913978494625,
      0.043010752688172046,
      0.03225806451612903,
      0.021505376344086023,
      0.03225806451612903,
      0.021505376344086023,
      0.03225806451612903,
      0.021505376344086023,
      0.021505376344086023,
      0.03225806451612903,
      0.22580645161290322,
      0.946236559139785,
      0.956989247311828,
      0.967741935483871,
      0.9354838709677419,
      0.956989247311828,
      0.925531914893617,
      0.968421052631579,
      0.9787234042553191,
      0.9893617021276596,
      1.0,
      1.0,
      0.9891304347826086,
      0.978494623655914,
      0.989247311827957,
      0.9787234042553191,
      0.9787234042553191,
      0.989247311827957,
      0.9680851063829787,
      0.967741935483871,
      0.9247311827956989,
      0.946236559139785,
      0.9361702127659575,
      0.851063829787234,
      0.8829787234042553,
      0.7659574468085106,
      0.8191489361702128,
      0.723404255319149,
      0.851063829787234,
      0.4574468085106383,
      0.5,
      0.5425531914893617,
      0.7127659574468085,
      0.723404255319149,
      0.6808510638297872,
      0.7021276595744681,
      0.02127659574468085,
      0.1702127659574468
   ],
   "0.75": [
      0.0,
      0.0,
      0.0,
      0.0,
      0.010752688172043012,
      0.021505376344086023,
      0.021505376344086023,
      0.021505376344086023,
      0.021505376344086023,
      0.010752688172043012,
      0.06451612903225806,
      0.17204301075268819,
      0.3010752688172043,
      0.1935483870967742,
      0.5483870967741935,
      0.7741935483870968,
      0.776595744680851,
      0.8315789473684211,
      0.8723404255319149,
      0.851063829787234,
      0.7872340425531915,
      0.8260869565217391,
      0.8043478260869565,
      0.7956989247311828,
      0.7849462365591398,
      0.8404255319148937,
      0.8723404255319149,
      0.8172043010752689,
      0.8085106382978723,
      0.6774193548387096,
      0.6559139784946236,
      0.7311827956989247,
      0.648936170212766,
      0.5425531914893617,
      0.5531914893617021,
      0.19148936170212766,
      0.35106382978723405,
      0.3191489361702128,
      0.2872340425531915,
      0.3617021276595745,
      0.4787234042553192,
      0.5212765957446809,
      0.6170212765957447,
      0.6063829787234043,
      0.24468085106382978,
      0.0,
      0.010638297872340425,
      0.010638297872340425
   ]
}