{
   "0.95": [
      1.0,
      1.0,
      1.0,
      1.0,
      1.0,
      1.0,
      1.0,
      1.0,
      0.989247311827957,
      1.0,
      1.0,
      1.0,
      1.0,
      1.0,
      1.0,
      1.0,
      1.0,
      1.0,
      1.0,
      0.9893617021276596,
      1.0,
      1.0,
      1.0,
      1.0,
      1.0,
      1.0,
      1.0,
      1.0,
      1.0,
      1.0,
      1.0,
      1.0,
      1.0,
      1.0,
      1.0,
      1.0,
      1.0,
      1.0,
      1.0,
      1.0,
      1.0,
      1.0,
      1.0,
      1.0,
      1.0,
      1.0,
      1.0,
      1.0
   ],
   "0.9": [
      0.956989247311828,
      0.956989247311828,
      0.967741935483871,
      0.946236559139785,
      0.956989247311828,
      0.978494623655914,
      0.967741935483871,
      0.967741935483871,
      0.967741935483871,
      0.989247311827957,
      1.0,
      1.0,
      1.0,
      1.0,
      0.978494623655914,
      1.0,
      1.0,
      0.9894736842105263,
      0.9787234042553191,
      0.9787234042553191,
      0.9680851063829787,
      0.9782608695652174,
      0.9891304347826086,
      0.989247311827957,
      0.989247311827957,
      0.9893617021276596,
      1.0,
      1.0,
      1.0,
      0.978494623655914,
      0.978494623655914,
      0.967741935483871,
      1.0,
      1.0,
      1.0,
      1.0,
      1.0,
      1.0,
      1.0,
      1.0,
      1.0,
      0.9893617021276596,
      1.0,
      1.0,
      1.0,
      1.0,
      1.0,
      1.0
   ],
   "0.75": [
      0.7311827956989247,
      0.7956989247311828,
      0.7526881720430108,
      0.7634408602150538,
      0.7849462365591398,
      0.7956989247311828,
      0.8387096774193549,
      0.8709677419354839,
      0.9032258064516129,
      0.8924731182795699,
      0.8924731182795699,
      0.9247311827956989,
      0.8924731182795699,
      0.8709677419354839,
      0.8602150537634409,
      0.8387096774193549,
      0.9042553191489362,
      0.8842105263157894,
      0.8723404255319149,
      0.8297872340425532,
      0.7978723404255319,
      0.8260869565217391,
      0.8260869565217391,
      0.8279569892473119,
      0.8172043010752689,
      0.8297872340425532,
      0.7978723404255319,
      0.7741935483870968,
      0.8085106382978723,
      0.8602150537634409,
      0.8494623655913979,
      0.8064516129032258,
      0.8404255319148937,
      0.851063829787234,
      0.8723404255319149,
      0.9042553191489362,
      0.8617021276595744,
      0.8723404255319149,
      0.8829787234042553,
      0.8829787234042553,
      0.8936170212765957,
      0.8617021276595744,
      0.851063829787234,
      0.8829787234042553,
      0.8723404255319149,
      0.8829787234042553,
      0.9361702127659575,
      0.9042553191489362
   ]
}