{
  "0.95": 0.9953198127925117,
  "0.9": 0.974816135502563,
  "0.75": 0.7851571205705371
}