{
   "0.95": [
      1.0,
      1.0,
      1.0,
      1.0,
      1.0,
      1.0,
      1.0,
      0.989247311827957,
      1.0,
      1.0,
      1.0,
      1.0,
      1.0,
      1.0,
      0.989247311827957,
      1.0,
      0.9893617021276596,
      0.9894736842105263,
      1.0,
      1.0,
      1.0,
      1.0,
      1.0,
      1.0,
      0.978494623655914,
      0.9787234042553191,
      0.9893617021276596,
      0.989247311827957,
      0.9787234042553191,
      0.978494623655914,
      0.956989247311828,
      0.989247311827957,
      0.9787234042553191,
      1.0,
      1.0,
      1.0,
      1.0,
      1.0,
      1.0,
      1.0,
      1.0,
      1.0,
      1.0,
      1.0,
      1.0,
      1.0,
      1.0,
      1.0
   ],
   "0.9": [
      0.956989247311828,
      0.946236559139785,
      0.946236559139785,
      0.946236559139785,
      0.956989247311828,
      0.967741935483871,
      0.956989247311828,
      0.978494623655914,
      0.967741935483871,
      0.989247311827957,
      1.0,
      1.0,
      1.0,
      0.989247311827957,
      0.967741935483871,
      0.967741935483871,
      0.9574468085106383,
      0.9789473684210527,
      0.9787234042553191,
      0.9680851063829787,
      0.9680851063829787,
      1.0,
      0.9782608695652174,
      0.967741935483871,
      0.946236559139785,
      0.9680851063829787,
      0.9787234042553191,
      0.978494623655914,
      0.9468085106382979,
      0.967741935483871,
      0.9354838709677419,
      0.9354838709677419,
      0.9468085106382979,
      0.9680851063829787,
      1.0,
      0.9893617021276596,
      0.9787234042553191,
      0.9787234042553191,
      0.9893617021276596,
      0.9893617021276596,
      0.9787234042553191,
      0.9787234042553191,
      1.0,
      1.0,
      1.0,
      1.0,
      1.0,
      1.0
   ],
   "0.75": [
      0.7311827956989247,
      0.6989247311827957,
      0.7634408602150538,
      0.7526881720430108,
      0.7741935483870968,
      0.8064516129032258,
      0.8494623655913979,
      0.8494623655913979,
      0.8172043010752689,
      0.8387096774193549,
      0.8494623655913979,
      0.9032258064516129,
      0.8494623655913979,
      0.7526881720430108,
      0.7526881720430108,
      0.7956989247311828,
      0.6595744680851063,
      0.7684210526315789,
      0.8191489361702128,
      0.7659574468085106,
      0.8085106382978723,
      0.8369565217391305,
      0.782608695652174,
      0.8172043010752689,
      0.7741935483870968,
      0.7872340425531915,
      0.7553191489361702,
      0.8387096774193549,
      0.8297872340425532,
      0.7419354838709677,
      0.6989247311827957,
      0.7096774193548387,
      0.7021276595744681,
      0.648936170212766,
      0.7021276595744681,
      0.723404255319149,
      0.7659574468085106,
      0.6914893617021277,
      0.8191489361702128,
      0.7659574468085106,
      0.8404255319148937,
      0.851063829787234,
      0.7978723404255319,
      0.8191489361702128,
      0.8297872340425532,
      0.8404255319148937,
      0.8723404255319149,
      0.8404255319148937
   ]
}