{
   "0.95": [
      0.9833333333333333,
      1.0,
      1.0,
      1.0,
      1.0,
      1.0,
      1.0,
      1.0,
      0.9915254237288136,
      0.9915254237288136,
      1.0,
      1.0,
      0.9915254237288136,
      1.0,
      0.9831932773109243,
      1.0,
      0.9915966386554622,
      1.0,
      1.0,
      1.0,
      1.0,
      1.0,
      1.0,
      1.0,
      0.9915966386554622,
      0.9915254237288136,
      1.0,
      1.0,
      0.9915254237288136,
      0.9916666666666667,
      0.9917355371900827,
      0.9834710743801653,
      1.0,
      0.9917355371900827,
      1.0,
      1.0,
      1.0,
      1.0,
      1.0,
      1.0,
      1.0,
      1.0,
      1.0,
      1.0,
      1.0,
      1.0,
      1.0,
      1.0
   ],
   "0.9": [
      0.9666666666666667,
      0.9833333333333333,
      0.9830508474576272,
      0.9830508474576272,
      0.9745762711864406,
      0.9830508474576272,
      0.9830508474576272,
      0.9830508474576272,
      0.9830508474576272,
      0.9745762711864406,
      0.9830508474576272,
      0.9830508474576272,
      0.9830508474576272,
      0.9915254237288136,
      0.957983193277311,
      0.9831932773109243,
      0.9747899159663865,
      0.9915966386554622,
      0.9831932773109243,
      0.9831932773109243,
      0.9747899159663865,
      0.9663865546218487,
      1.0,
      0.9747899159663865,
      0.957983193277311,
      0.9830508474576272,
      1.0,
      0.9830508474576272,
      0.9915254237288136,
      0.975,
      0.9834710743801653,
      0.9752066115702479,
      0.9916666666666667,
      0.9421487603305785,
      0.9917355371900827,
      0.9752066115702479,
      1.0,
      1.0,
      0.9917355371900827,
      1.0,
      1.0,
      0.9918032786885246,
      1.0,
      1.0,
      1.0,
      0.983739837398374,
      1.0,
      0.9918032786885246
   ],
   "0.75": [
      0.7583333333333333,
      0.7666666666666667,
      0.788135593220339,
      0.8559322033898306,
      0.8728813559322034,
      0.9067796610169492,
      0.8305084745762712,
      0.847457627118644,
      0.8050847457627118,
      0.8135593220338984,
      0.8220338983050848,
      0.8389830508474576,
      0.8559322033898306,
      0.8135593220338984,
      0.7899159663865546,
      0.8319327731092437,
      0.773109243697479,
      0.8823529411764706,
      0.8067226890756303,
      0.8319327731092437,
      0.7563025210084033,
      0.7563025210084033,
      0.7416666666666667,
      0.7058823529411765,
      0.7478991596638656,
      0.711864406779661,
      0.7372881355932204,
      0.7288135593220338,
      0.7372881355932204,
      0.775,
      0.7768595041322314,
      0.8016528925619835,
      0.8083333333333333,
      0.768595041322314,
      0.8264462809917356,
      0.8099173553719008,
      0.8760330578512396,
      0.8099173553719008,
      0.8512396694214877,
      0.8934426229508197,
      0.8852459016393442,
      0.8770491803278688,
      0.8861788617886179,
      0.8943089430894309,
      0.8387096774193549,
      0.8536585365853658,
      0.8861788617886179,
      0.8688524590163934
   ]
}