{
  "0.95": 0.9135652173913044,
  "0.9": 0.8330434782608696,
  "0.75": 0.572695652173913
}