{
  "0.95": 0.9972173913043478,
  "0.9": 0.9841739130434782,
  "0.75": 0.8149565217391305
}