{
   "0.95": [
      0.9916666666666667,
      1.0,
      1.0,
      1.0,
      1.0,
      1.0,
      1.0,
      1.0,
      0.9915254237288136,
      1.0,
      1.0,
      1.0,
      1.0,
      1.0,
      0.9831932773109243,
      1.0,
      0.9915966386554622,
      1.0,
      0.9831932773109243,
      1.0,
      1.0,
      1.0,
      1.0,
      1.0,
      0.9915966386554622,
      1.0,
      1.0,
      1.0,
      0.9915254237288136,
      0.9833333333333333,
      0.9917355371900827,
      0.9834710743801653,
      1.0,
      0.9834710743801653,
      1.0,
      0.9917355371900827,
      1.0,
      1.0,
      1.0,
      1.0,
      1.0,
      1.0,
      1.0,
      1.0,
      1.0,
      1.0,
      1.0,
      1.0
   ],
   "0.9": [
      0.975,
      0.9666666666666667,
      0.9830508474576272,
      0.9915254237288136,
      0.9915254237288136,
      0.9915254237288136,
      0.9830508474576272,
      0.9830508474576272,
      0.9830508474576272,
      0.9745762711864406,
      0.9915254237288136,
      0.9915254237288136,
      0.9830508474576272,
      1.0,
      0.9747899159663865,
      0.9915966386554622,
      0.9747899159663865,
      0.9915966386554622,
      0.9747899159663865,
      0.9747899159663865,
      0.9747899159663865,
      0.9663865546218487,
      0.9833333333333333,
      0.9663865546218487,
      0.9495798319327731,
      0.9576271186440678,
      0.9915254237288136,
      0.9830508474576272,
      0.9830508474576272,
      0.9666666666666667,
      0.9669421487603306,
      0.9752066115702479,
      0.9833333333333333,
      0.9421487603305785,
      0.9834710743801653,
      0.9752066115702479,
      0.9752066115702479,
      1.0,
      0.9834710743801653,
      1.0,
      0.9918032786885246,
      0.9918032786885246,
      1.0,
      1.0,
      0.9838709677419355,
      0.983739837398374,
      1.0,
      1.0
   ],
   "0.75": [
      0.775,
      0.7666666666666667,
      0.8220338983050848,
      0.8389830508474576,
      0.864406779661017,
      0.8728813559322034,
      0.8559322033898306,
      0.8389830508474576,
      0.8220338983050848,
      0.8220338983050848,
      0.8389830508474576,
      0.847457627118644,
      0.8559322033898306,
      0.8305084745762712,
      0.8151260504201681,
      0.8487394957983193,
      0.8067226890756303,
      0.865546218487395,
      0.8403361344537815,
      0.8487394957983193,
      0.7647058823529411,
      0.7394957983193278,
      0.75,
      0.7142857142857143,
      0.7647058823529411,
      0.7203389830508474,
      0.7542372881355932,
      0.7457627118644068,
      0.7966101694915254,
      0.8166666666666667,
      0.7933884297520661,
      0.8181818181818182,
      0.8333333333333334,
      0.7851239669421488,
      0.8099173553719008,
      0.7603305785123967,
      0.8099173553719008,
      0.743801652892562,
      0.8181818181818182,
      0.8688524590163934,
      0.8442622950819673,
      0.8770491803278688,
      0.8699186991869918,
      0.8943089430894309,
      0.8306451612903226,
      0.8292682926829268,
      0.8617886178861789,
      0.8278688524590164
   ]
}