{
   "0.95": [
      0.9833333333333333,
      1.0,
      1.0,
      1.0,
      1.0,
      1.0,
      1.0,
      1.0,
      0.9915254237288136,
      0.9915254237288136,
      1.0,
      1.0,
      1.0,
      1.0,
      0.9831932773109243,
      1.0,
      1.0,
      1.0,
      1.0,
      1.0,
      1.0,
      1.0,
      1.0,
      1.0,
      1.0,
      1.0,
      1.0,
      1.0,
      1.0,
      1.0,
      1.0,
      1.0,
      1.0,
      0.9917355371900827,
      1.0,
      1.0,
      1.0,
      1.0,
      1.0,
      1.0,
      1.0,
      1.0,
      1.0,
      1.0,
      1.0,
      1.0,
      1.0,
      1.0
   ],
   "0.9": [
      0.9666666666666667,
      0.9833333333333333,
      0.9830508474576272,
      0.9830508474576272,
      0.9745762711864406,
      0.9830508474576272,
      0.9830508474576272,
      0.9830508474576272,
      0.9830508474576272,
      0.9745762711864406,
      0.9830508474576272,
      0.9830508474576272,
      0.9830508474576272,
      0.9915254237288136,
      0.9747899159663865,
      1.0,
      1.0,
      1.0,
      1.0,
      1.0,
      0.9915966386554622,
      1.0,
      1.0,
      1.0,
      1.0,
      0.9915254237288136,
      0.9915254237288136,
      1.0,
      0.9915254237288136,
      0.9916666666666667,
      1.0,
      0.9917355371900827,
      1.0,
      0.9834710743801653,
      1.0,
      1.0,
      1.0,
      1.0,
      0.9917355371900827,
      1.0,
      1.0,
      0.9918032786885246,
      1.0,
      1.0,
      1.0,
      0.983739837398374,
      0.991869918699187,
      0.9918032786885246
   ],
   "0.75": [
      0.7666666666666667,
      0.7666666666666667,
      0.788135593220339,
      0.8559322033898306,
      0.8728813559322034,
      0.9067796610169492,
      0.8305084745762712,
      0.8559322033898306,
      0.8220338983050848,
      0.8135593220338984,
      0.8389830508474576,
      0.8305084745762712,
      0.8559322033898306,
      0.8389830508474576,
      0.8319327731092437,
      0.7983193277310925,
      0.8151260504201681,
      0.8403361344537815,
      0.8403361344537815,
      0.865546218487395,
      0.8403361344537815,
      0.8403361344537815,
      0.8333333333333334,
      0.8487394957983193,
      0.8235294117647058,
      0.8305084745762712,
      0.8813559322033898,
      0.9152542372881356,
      0.8813559322033898,
      0.9,
      0.8677685950413223,
      0.9173553719008265,
      0.8666666666666667,
      0.859504132231405,
      0.8842975206611571,
      0.8677685950413223,
      0.859504132231405,
      0.8264462809917356,
      0.8512396694214877,
      0.9098360655737705,
      0.9016393442622951,
      0.8852459016393442,
      0.8861788617886179,
      0.8943089430894309,
      0.8467741935483871,
      0.8617886178861789,
      0.9024390243902439,
      0.8688524590163934
   ]
}