{
  "0.95": 0.9987826086956522,
  "0.9": 0.9916521739130435,
  "0.75": 0.8540869565217392
}