{
   "0.95": [
      1.2165691587621301,
      1.4501538958322775,
      1.459008352140036,
      1.4955659641004102,
      1.4584729806750285,
      1.4394711346244677,
      1.4452929425609813,
      1.4393441662789002,
      1.3893772325199367,
      1.3825779339838744,
      1.4284352168544436,
      1.4188778021388904,
      1.3514323125176135,
      1.240651962976487,
      1.026040401264906,
      0.982251685255616,
      0.8658792425852379,
      0.8357715478418339,
      0.8427652335855479,
      0.8538220668103808,
      0.8645388316042237,
      0.8791664203931101,
      0.9305911929258261,
      0.9102558985107595,
      0.9016730015074756,
      0.9319542942133987,
      0.9468378680271976,
      0.8964994120366986,
      1.019980171858029,
      1.0161720590392334,
      1.0657592695705786,
      1.0711425715090017,
      1.1206073651091726,
      1.1547150280549323,
      1.1254136006217368,
      1.1413654511364688,
      1.271312455052254,
      1.337357374573658,
      1.4469238141087521,
      1.5069560566933344,
      1.4820252365235027,
      1.3896438021890445,
      1.4614660981330125,
      1.4766285870976987,
      1.4735611260269776,
      1.4576280244137165,
      1.4808150499027717,
      1.4339207131784566
   ],
   "0.9": [
      1.0349617220746679,
      1.0697657340403788,
      1.034329144084037,
      1.0888068252000804,
      1.0806536187841713,
      1.0730563289877793,
      1.0829762780918015,
      1.088175232921787,
      1.0799200924295733,
      1.0379392920201658,
      1.0896757874364098,
      1.072296958790251,
      1.0357600640683555,
      0.9248683103510094,
      0.7678250349871698,
      0.740271422976439,
      0.6699930136759713,
      0.6581757354651794,
      0.6534522772376214,
      0.6706115019580458,
      0.6713351623712395,
      0.6746491833165585,
      0.7283188656840216,
      0.7102570706246983,
      0.7034540920468306,
      0.7226892377792475,
      0.7392893629757249,
      0.6790558014542782,
      0.7735066219406499,
      0.7945471268551083,
      0.819207334729718,
      0.8242549067325369,
      0.8506637297005131,
      0.8697068170749785,
      0.8694217893923758,
      0.8505480290524992,
      0.959411620781794,
      1.0466783930799708,
      1.1052660262725562,
      1.0999779980181044,
      1.0817261647926444,
      1.052236880865846,
      1.094981802611034,
      1.1222703421894706,
      1.1245380842609662,
      1.0933889050964296,
      1.1215942687860305,
      1.0740695904206397
   ],
   "0.75": [
      0.5530216823375814,
      0.45230619541875,
      0.4604629787156924,
      0.4559329440263252,
      0.45564649748914227,
      0.46368348734462494,
      0.42971768978418085,
      0.41829073307610565,
      0.45759909257411013,
      0.452301136712529,
      0.42475438236367163,
      0.4166856405207217,
      0.420225860639167,
      0.3740739858046433,
      0.34425376346386793,
      0.3440658547959214,
      0.32975353838967547,
      0.3224629987155314,
      0.32955341320099724,
      0.3448937060526555,
      0.3455475111303221,
      0.35397182804012167,
      0.37479732152076545,
      0.3686357738079719,
      0.34745246846517397,
      0.3662824690315534,
      0.37745477964268026,
      0.3548194763394221,
      0.39174033722526547,
      0.4083748807279435,
      0.4074573583398915,
      0.40472206372805763,
      0.4185724041289339,
      0.41928179593741954,
      0.3757349087664502,
      0.39095509514057314,
      0.4430418375654875,
      0.44113858182789806,
      0.481282662949041,
      0.4743550674810553,
      0.4596268063530949,
      0.4771881797875316,
      0.447754477651044,
      0.46252007051986643,
      0.47045187862161786,
      0.45245517835483745,
      0.44360136771761255,
      0.46252007007425944
   ]
}