{
   "0.95": [
      0.875,
      0.875,
      0.8898305084745762,
      0.8983050847457628,
      0.9067796610169492,
      0.9067796610169492,
      0.9152542372881356,
      0.8389830508474576,
      0.7711864406779662,
      0.7372881355932204,
      0.9322033898305084,
      0.9830508474576272,
      0.9830508474576272,
      1.0,
      0.9831932773109243,
      1.0,
      0.9831932773109243,
      0.9915966386554622,
      1.0,
      0.9915966386554622,
      1.0,
      1.0,
      1.0,
      1.0,
      1.0,
      1.0,
      1.0,
      1.0,
      0.9915254237288136,
      0.9916666666666667,
      0.9586776859504132,
      0.9669421487603306,
      0.95,
      0.9256198347107438,
      0.859504132231405,
      0.8512396694214877,
      0.8925619834710744,
      0.8760330578512396,
      0.9008264462809917,
      0.9344262295081968,
      0.8934426229508197,
      0.7131147540983607,
      0.7723577235772358,
      0.8130081300813008,
      0.782258064516129,
      0.8780487804878049,
      0.6910569105691057,
      0.7786885245901639
   ],
   "0.9": [
      0.875,
      0.875,
      0.2711864406779661,
      0.8983050847457628,
      0.2711864406779661,
      0.2711864406779661,
      0.9152542372881356,
      0.8389830508474576,
      0.7711864406779662,
      0.711864406779661,
      0.8813559322033898,
      0.9322033898305084,
      0.9745762711864406,
      0.9830508474576272,
      0.9663865546218487,
      0.9831932773109243,
      0.9831932773109243,
      0.9663865546218487,
      0.957983193277311,
      0.9747899159663865,
      0.9831932773109243,
      0.9747899159663865,
      1.0,
      0.957983193277311,
      0.9663865546218487,
      0.9576271186440678,
      0.9661016949152542,
      0.9491525423728814,
      0.9491525423728814,
      0.95,
      0.9173553719008265,
      0.9256198347107438,
      0.8666666666666667,
      0.8347107438016529,
      0.7603305785123967,
      0.7603305785123967,
      0.7933884297520661,
      0.7107438016528925,
      0.8099173553719008,
      0.7622950819672131,
      0.7950819672131147,
      0.639344262295082,
      0.7073170731707317,
      0.7967479674796748,
      0.7096774193548387,
      0.8211382113821138,
      0.6910569105691057,
      0.7459016393442623
   ],
   "0.75": [
      0.275,
      0.275,
      0.2711864406779661,
      0.2711864406779661,
      0.2711864406779661,
      0.2711864406779661,
      0.2796610169491525,
      0.8305084745762712,
      0.7711864406779662,
      0.711864406779661,
      0.7288135593220338,
      0.7288135593220338,
      0.7457627118644068,
      0.4915254237288136,
      0.7142857142857143,
      0.7815126050420168,
      0.7563025210084033,
      0.7899159663865546,
      0.8067226890756303,
      0.7563025210084033,
      0.773109243697479,
      0.7563025210084033,
      0.7,
      0.6974789915966386,
      0.7142857142857143,
      0.6610169491525424,
      0.6779661016949152,
      0.6864406779661016,
      0.6779661016949152,
      0.6916666666666667,
      0.6528925619834711,
      0.628099173553719,
      0.5666666666666667,
      0.5537190082644629,
      0.5867768595041323,
      0.38016528925619836,
      0.5371900826446281,
      0.3884297520661157,
      0.38016528925619836,
      0.4098360655737705,
      0.47540983606557374,
      0.6229508196721312,
      0.5853658536585366,
      0.5853658536585366,
      0.5806451612903226,
      0.15447154471544716,
      0.6910569105691057,
      0.18032786885245902
   ]
}