{
  "0.95": 0.9970434782608696,
  "0.9": 0.9819130434782609,
  "0.75": 0.8151304347826087
}