{
   "0.95": [
      0.23709327126604984,
      0.2168970530231556,
      0.2168970530231556,
      0.2777605639600147,
      0.2231853881636856,
      0.6911302528287108,
      0.7976709730676883,
      0.79760501638462,
      0.5702201336828558,
      0.8159887909128388,
      0.9165429049082815,
      1.1985286589755433,
      1.615649268205414,
      1.0229512533663976,
      1.3145108605977645,
      1.2628566503450327,
      1.2885840383880727,
      1.2977783600369301,
      1.3325344920495668,
      1.4022253597565015,
      1.3575208291487597,
      1.3920939440315707,
      1.372591377007102,
      1.296411824429367,
      1.3174382870827197,
      1.2652441400827865,
      1.2617587907232162,
      1.152877764228349,
      1.0487941872839162,
      1.0354917958933765,
      0.9403856364285793,
      0.8230120526085131,
      0.7710881615685333,
      0.6738359500514273,
      0.5827328427063241,
      0.47572442576914353,
      0.45066919058406235,
      0.38934253476143477,
      0.4169474095577399,
      0.6336436723285811,
      0.17918908784384174,
      0.7949243750049327,
      0.24075179697413285,
      0.5135223725441763,
      0.5952652234909547,
      0.581976384151627,
      0.49416832109375636,
      0.5457638353994121
   ],
   "0.9": [
      0.16986427305350574,
      0.17428051081254695,
      0.10614484880130176,
      0.1990001488783532,
      0.12892239341404535,
      0.3207876780101817,
      0.5553350394674718,
      0.5068727079747283,
      0.47036072563377557,
      0.5741536145561541,
      0.5489842375157264,
      0.8414222280806328,
      1.1760318361750517,
      0.7154887567491268,
      0.8909894348438483,
      0.9522762249826521,
      0.9823672271143784,
      0.9583816979346196,
      1.0074815560725792,
      1.0995463097580156,
      1.059501820488954,
      1.0627625565920575,
      1.0591161455397373,
      0.9904759651791651,
      1.0066955001732956,
      0.9769793252384436,
      0.9982828250712829,
      0.879222849534694,
      0.8131082274138698,
      0.8039782146639886,
      0.7328825955479716,
      0.6186343201778801,
      0.5824793920711078,
      0.4931140789664818,
      0.425833447120715,
      0.32511796491011946,
      0.28158969850637733,
      0.2709778710430986,
      0.2653155318144664,
      0.3922063487023342,
      0.12610142266367114,
      0.6222494368317287,
      0.13013573542987505,
      0.32383343190515224,
      0.30235228673279185,
      0.35269693762774584,
      0.2969012778357556,
      0.20930314632990912
   ],
   "0.75": [
      0.11004669474384027,
      0.1006726325779773,
      0.10067263257797729,
      0.12892239341404535,
      0.12892239341404535,
      0.3207876780101817,
      0.3207876780101817,
      0.15601445160233354,
      0.1716137572964929,
      0.24127885328085058,
      0.17243657958457376,
      0.1413136541572276,
      0.37937820877987294,
      0.2647173887551338,
      0.3428696830047885,
      0.3265657634558834,
      0.4066806522719614,
      0.4052990214536567,
      0.43781744538996115,
      0.4960860052678324,
      0.4742745261946198,
      0.5264100408605675,
      0.5000348923117938,
      0.5028807443878925,
      0.4876893017589634,
      0.4942292606439479,
      0.4884407375273223,
      0.44735249878214056,
      0.40075396780221834,
      0.3898184223315403,
      0.3308030909963981,
      0.2731847741617267,
      0.23183919975627174,
      0.19386627509133378,
      0.15677648656742485,
      0.09820944660808104,
      0.09024127812486635,
      0.09126037339160661,
      0.08304676445367443,
      0.19113282411133636,
      0.05699429818205864,
      0.3230409984871763,
      0.021885332870216417,
      0.044541295614742835,
      0.02154149168012977,
      0.021277663772313497,
      0.036424651158626746,
      0.04820317181755105
   ]
}