{
   "0.95": [
      1.2173031752597345,
      1.449748812742579,
      1.4588868797097643,
      1.493040647931891,
      1.4591415490168405,
      1.438332383775911,
      1.4456526796122284,
      1.4366037492936756,
      1.3890879496659034,
      1.3804353743218694,
      1.4346822231870318,
      1.4307069078849288,
      1.4121547894434143,
      1.438811447990773,
      1.3893584066886087,
      1.3968699061570273,
      1.3961629670795916,
      1.3902850601525105,
      1.4007387005471692,
      1.4523235911658021,
      1.4513233257079141,
      1.458313793317852,
      1.541831146953271,
      1.548240928347447,
      1.5588591958364313,
      1.5239189860444966,
      1.5185370400987332,
      1.4923093942650698,
      1.5070160118409504,
      1.4983368977507656,
      1.4885954434648692,
      1.4579516199194935,
      1.476815945045877,
      1.4186999971548986,
      1.4320082859907992,
      1.4367995669529725,
      1.435494469045232,
      1.4295510193203482,
      1.434366271197833,
      1.484638494751252,
      1.47534097786894,
      1.386151088506997,
      1.4659812146914224,
      1.4769293057229478,
      1.4702340859973655,
      1.4603003804725456,
      1.4775964043646048,
      1.4336353099163546
   ],
   "0.9": [
      1.035586165800633,
      1.0684961039374603,
      1.0349735545316423,
      1.087385646640838,
      1.0810555245754758,
      1.072764552328261,
      1.0824574916200838,
      1.0887188233633078,
      1.0798820526614252,
      1.0474477444994958,
      1.096686476648344,
      1.0817307364065012,
      1.0759074913148738,
      1.0750060206839966,
      1.0374236486301602,
      1.055638597984933,
      1.0399089188554533,
      1.0426868397239735,
      1.0204374814745358,
      1.0749911395325327,
      1.0817659369949688,
      1.1023896895837577,
      1.1715432000451058,
      1.145003839582698,
      1.1044788150856297,
      1.1555549058781387,
      1.1469998668420909,
      1.0865412428269114,
      1.1363179251013056,
      1.1122894969879757,
      1.0864153853712035,
      1.084749546296716,
      1.0616437337091669,
      1.0896886886721922,
      1.1253832822831695,
      1.0835583917902167,
      1.0880299424472422,
      1.1289662369489402,
      1.1082520796620405,
      1.090905772525465,
      1.0728988464237574,
      1.0509840263024606,
      1.097575887075833,
      1.1183095996470602,
      1.1241070439267855,
      1.0907591493319206,
      1.1193118475567798,
      1.0755557898371955
   ],
   "0.75": [
      0.5540519020481063,
      0.4520075312355759,
      0.46039613861237666,
      0.4552445825617101,
      0.4552759512662008,
      0.4631117635885614,
      0.42944757277560786,
      0.4162197327968953,
      0.4607190667241409,
      0.45166306007243695,
      0.42729163748368737,
      0.42384124750010116,
      0.4412719699350089,
      0.4154213953726295,
      0.41860372890633485,
      0.41130920446266117,
      0.40683726856796715,
      0.39346203250153805,
      0.37413611060389806,
      0.3541820082321224,
      0.3682996632716357,
      0.35273550586822267,
      0.3601057917031516,
      0.36191446425667456,
      0.37613428550904415,
      0.398596734415622,
      0.4154522203523695,
      0.44542452641714564,
      0.4276759017132892,
      0.4276940759229265,
      0.44174874229047295,
      0.4807919350141345,
      0.45473406501596525,
      0.49456074599745997,
      0.46678611621733174,
      0.48016170403713726,
      0.4755867269078922,
      0.4689955730262657,
      0.47408272598667067,
      0.46283213566514353,
      0.45222612153287645,
      0.4783029437457527,
      0.4537137491676824,
      0.46312363422369074,
      0.47170813169046577,
      0.44809879447058576,
      0.4434190339387893,
      0.46258724286630326
   ]
}