{
   "0.95": [
      1.2319963335663096,
      1.4305382963675797,
      1.4312095885718457,
      1.4861539226041038,
      1.4430768726754903,
      1.4367125086996457,
      1.3665122655120674,
      1.4241271580028956,
      1.382375794920456,
      1.3674646190078112,
      1.392677501428392,
      1.3938128688108835,
      1.3362883728617454,
      1.282962864187703,
      1.1074708891150093,
      1.0698460309186375,
      0.9985272404306206,
      1.0281415030144028,
      1.0408171883287718,
      1.0380878501436865,
      1.0432346643028014,
      1.0668696208550996,
      1.1330787260123591,
      1.0729939883579298,
      1.0290646924281899,
      1.068641395249254,
      1.053391118936672,
      0.9877111392758305,
      0.9642405520206074,
      0.9817572132977956,
      0.9676629644796785,
      0.9579470188319585,
      0.9904642413136849,
      0.9391674439856977,
      1.0561967527972926,
      1.0292630272735663,
      1.1496410227701153,
      1.264727235222717,
      1.3404214869178193,
      1.5181211076235417,
      1.3896866905086258,
      1.3775793813808686,
      1.4369354661736282,
      1.4395948048932037,
      1.428008904984887,
      1.4155411439489936,
      1.464881990053169,
      1.4153870901271828
   ],
   "0.9": [
      1.0057001679803517,
      1.0577062269391913,
      1.0145111517632341,
      1.0767021385771198,
      1.0684842139526287,
      1.0602444579136623,
      1.0292962954349334,
      1.077044505106205,
      1.0698813407153505,
      1.036156439079912,
      1.0646430029349205,
      1.0578708944817874,
      1.0204580006720423,
      0.9484976694771888,
      0.8231935416743674,
      0.8036639134165563,
      0.7650285677325384,
      0.7997911080719223,
      0.7915394398239403,
      0.8083335382219086,
      0.8031405522948194,
      0.8030094907306138,
      0.8725434417166168,
      0.8356988797908691,
      0.8112090272591777,
      0.8169941068624256,
      0.8186965492482308,
      0.7504577605158068,
      0.734476309008122,
      0.7538466817353552,
      0.7303427910591631,
      0.7255288847504114,
      0.7573997183636337,
      0.7096009305489365,
      0.818928525376559,
      0.7768191860297768,
      0.8546248808879493,
      1.0092360448576883,
      1.0410083529960168,
      1.11113577354735,
      1.0062634733923541,
      1.0441759681526102,
      1.0789944435373937,
      1.08353350730969,
      1.0725460884264977,
      1.0442414967409195,
      1.1105157557046408,
      1.0598885392634525
   ],
   "0.75": [
      0.481955042628226,
      0.4353124888250298,
      0.44544025125017467,
      0.44299421024336744,
      0.43917213049244413,
      0.4429958539776687,
      0.3992371446990287,
      0.4116476724737487,
      0.45499190414405,
      0.4440949003080196,
      0.4222112418935088,
      0.4166109994017135,
      0.4217100349122908,
      0.3903386915676478,
      0.38093423944913163,
      0.38498643671549126,
      0.3844458592000042,
      0.39043593598182036,
      0.407828707838064,
      0.4081549493231426,
      0.4048237493637008,
      0.41282746890217314,
      0.4375737548944875,
      0.42367067172612827,
      0.39541689922239104,
      0.4185651272039389,
      0.42576513714011255,
      0.39959198648172,
      0.3820073045625195,
      0.4015397184755252,
      0.37470559077695,
      0.3666736688958873,
      0.3671392021269972,
      0.35634001495460793,
      0.35559958997901214,
      0.3583561623383567,
      0.41028902815225676,
      0.4244907950122746,
      0.4599218482004893,
      0.4814232941310269,
      0.4342691001978606,
      0.4673276066523757,
      0.4352970102579773,
      0.4413707690774755,
      0.4454425683252717,
      0.43264276696127046,
      0.42988660221969616,
      0.43772257262901515
   ]
}