{
  "0.95": 0.8831168831168831,
  "0.9": 0.8155844155844156,
  "0.75": 0.6207792207792208
}