{
   "0.95": [
      0.6909653239718921,
      0.6820832541492335,
      0.9871071131617917,
      0.7507653601155837,
      0.8699853299223422,
      0.7387466481420694,
      0.9378535618711052,
      0.8130637258030046,
      0.7280950514055222,
      1.0066121762927973,
      1.005467669211524,
      1.244316178283295,
      1.2867315291342614,
      1.132319722191939,
      1.2941290294941934,
      0.9845989664354368,
      0.9714492508130467,
      0.6459198340971584,
      0.6858364230341298,
      0.5368550845646529,
      0.640669693764136,
      0.4222803887420423,
      0.45722306969147436,
      0.5803453808800662,
      0.47966995106411575,
      0.5922836612796357,
      0.5997133857618476,
      0.4084756346263336,
      0.5304943610257562,
      0.5478903203557375,
      0.7837702119364284,
      0.7124747982225677,
      0.8286287591481697,
      0.7479491352875617,
      0.7519184447870838,
      0.9344758035003163,
      0.6510563443888492,
      0.8123644237440073,
      0.8635572699666705,
      1.0307743869812758,
      0.931469813665861,
      0.9990808088667071,
      0.8560450716542118,
      0.7193150138831473,
      0.6398980892222046,
      0.8964604490903848,
      0.8534987132812331,
      0.7509819705219831
   ],
   "0.9": [
      0.5011491714441249,
      0.5569583581744258,
      0.9307232423825167,
      0.6761721876515614,
      0.7401505327000971,
      0.6690727735575623,
      0.7784466236073712,
      0.6256796324776772,
      0.676195115522483,
      0.8460569569080424,
      0.6493140399918867,
      0.8523953594240173,
      0.964235088651163,
      0.7971459070645762,
      0.8899414579668489,
      0.7130775465690602,
      0.7205645636091506,
      0.5527133166539726,
      0.4635315990929345,
      0.3500504730514309,
      0.3173792937363644,
      0.3229203178990426,
      0.31103872694529094,
      0.32714726820004475,
      0.34262665461293995,
      0.42948316742880965,
      0.3437165220684835,
      0.3227121370940686,
      0.41483001881606185,
      0.389534973000462,
      0.5911533346648177,
      0.4820782309807276,
      0.581640390896802,
      0.5548088012041498,
      0.5302371893822586,
      0.5869762746764381,
      0.33091475027694034,
      0.4211892903196352,
      0.5936733112585127,
      0.6843081685450311,
      0.6357375949770563,
      0.8177246382906929,
      0.6100645179196773,
      0.4823662498873635,
      0.484804811541331,
      0.7042070336431709,
      0.7575207400108024,
      0.6159541353134894
   ],
   "0.75": [
      0.2911409535192894,
      0.34225538829930024,
      0.4194517507654328,
      0.26234704123896946,
      0.210951173641326,
      0.23572000259653214,
      0.3363793377394138,
      0.38067161506883324,
      0.3647146008343119,
      0.5088732687248817,
      0.3804877245847901,
      0.2693290315806524,
      0.31321135555733653,
      0.2473101049945121,
      0.2857403530878516,
      0.43357263270777746,
      0.39105408916465556,
      0.3531000879344922,
      0.2000157220881932,
      0.15000139817209449,
      0.23196531439526538,
      0.2022808526573281,
      0.19478903682069396,
      0.19572551182807643,
      0.1777672784365866,
      0.13161442255579747,
      0.1934488025145766,
      0.20689332971716226,
      0.16768106330978283,
      0.1606093938033594,
      0.13623229324699257,
      0.1314647861529079,
      0.2332021042129285,
      0.259616093099246,
      0.24670135028956358,
      0.32909650271450996,
      0.1937080560292701,
      0.12451774354836756,
      0.16778787557584623,
      0.2785712151372128,
      0.2722785257349381,
      0.33612754170051135,
      0.29658314318969037,
      0.35027286936161106,
      0.32409146834267705,
      0.3775151533052321,
      0.31661707906815384,
      0.45164463361189544
   ]
}