{
   "0.95": [
      0.5416314381600886,
      0.34538181901334014,
      0.5445064239939453,
      5.389697574191487,
      1.2619883625426778,
      0.9778332687902207,
      1.0680759380127776,
      0.060056548050542835,
      0.5774932652996781,
      0.062153554725454696,
      0.702898771344909,
      2.0794017869776495,
      0.5629290949505616,
      0.768230864850267,
      0.9667230701210994,
      0.8474320422222985,
      1.1748752719314253,
      1.6065357966434026,
      1.380178253259058,
      1.5374939516371966,
      1.2294792425837215,
      1.5426622806707275,
      1.5532760649873318,
      1.483322187148997,
      2.1076282698929876,
      1.602387085608338,
      1.3796913718752881,
      1.6935169261003984,
      1.5723874387329015,
      1.4955925669666255,
      1.3974196304763231,
      1.1958945895926762,
      1.1575503466109671,
      1.4314747769574168,
      1.3440288396489153,
      0.8863012141851182,
      1.9698790409732483,
      0.722561785260989,
      0.7141938082185877,
      1.1633600128646793,
      0.9963055447983701,
      0.9669212112818769,
      0.8908794249165621,
      0.9753702986558009,
      0.23168877141403613,
      0.2359904010712666,
      0.06042307605791647,
      0.6092274767536021
   ],
   "0.9": [
      0.5305480725551991,
      0.05759613409462517,
      0.08736655068962415,
      0.8720993144477487,
      0.17013380407916912,
      0.6195125177753191,
      0.6766863376945361,
      0.0375016182601359,
      0.530548072555199,
      0.05710100990516686,
      0.5551777738993982,
      2.048696075280067,
      0.4077537490020989,
      0.5883456950634679,
      0.6250789474475256,
      0.6418146567417372,
      0.9813774109670186,
      1.3400823147634555,
      1.2666522583727642,
      1.324327837045811,
      0.9182934715023369,
      1.4107315092937573,
      1.4563795970432003,
      1.1729110370627187,
      1.1453573811238646,
      1.037051373090252,
      1.138233618551857,
      1.3625655052558439,
      1.3499602103844643,
      1.392583414923391,
      1.1885894095845102,
      1.08591785809818,
      0.9111344190669804,
      0.933761619174166,
      1.1498583587335836,
      0.695377634436785,
      1.6870762419674517,
      0.6481099931870109,
      0.5336661646969293,
      0.7810918088105877,
      0.9753702986558008,
      0.8908794249165621,
      0.530548072555199,
      0.8908794249165622,
      0.031187970118338303,
      0.21417161969562123,
      0.054492214706094715,
      0.5379369829584589
   ],
   "0.75": [
      0.13263701813879977,
      0.0310338328753437,
      0.05449221470609471,
      0.2719726412042533,
      0.1685687067326432,
      0.530548072555199,
      0.579511506042688,
      0.0318628858125342,
      0.530548072555199,
      0.05710100990516686,
      0.2652740362775995,
      0.2568414282492742,
      0.18665744681549484,
      0.27009108589153086,
      0.3907441811930431,
      0.32291965764965486,
      0.5026865179750154,
      0.6534687079700386,
      0.6326210475904656,
      0.7691079869088392,
      0.6281337610491257,
      1.0231081393787704,
      1.0127444780067039,
      0.6881233873891466,
      0.48351573198201825,
      0.47126224710958176,
      0.6153742298890038,
      0.5117571968964753,
      0.6846296245927083,
      0.5470617968861358,
      0.6711442541673286,
      0.45856337899386923,
      0.5278923253708099,
      0.5169823725461382,
      0.6331419769357989,
      0.27328293845429374,
      0.4820203077702025,
      0.16672232908123882,
      0.30563571635925374,
      0.127272436650094,
      0.22271985622914056,
      0.2652740362775995,
      0.530548072555199,
      0.5305480725551991,
      0.031187970118338303,
      0.21417161969562123,
      0.054492214706094715,
      0.5305480725551991
   ]
}