{
   "0.95": [
      0.75,
      0.8260869565217391,
      0.7916666666666666,
      0.7916666666666666,
      0.7083333333333334,
      0.7083333333333334,
      0.875,
      0.875,
      0.84,
      0.96,
      0.92,
      0.88,
      0.88,
      0.8461538461538461,
      0.9615384615384616,
      0.9230769230769231,
      0.9615384615384616,
      0.8461538461538461,
      0.8076923076923077,
      0.8461538461538461,
      0.7692307692307693,
      0.8846153846153846,
      0.8,
      0.92,
      0.92,
      0.92,
      0.96,
      1.0,
      0.96,
      1.0,
      0.84,
      0.88,
      0.8846153846153846,
      0.8076923076923077,
      0.7307692307692307,
      0.9615384615384616,
      0.7692307692307693,
      0.8846153846153846,
      0.5,
      0.8333333333333334,
      0.8695652173913043,
      0.9090909090909091,
      0.8636363636363636,
      0.7619047619047619,
      0.8333333333333334,
      0.8888888888888888,
      0.8333333333333334,
      0.7058823529411765
   ],
   "0.9": [
      0.625,
      0.7391304347826086,
      0.7916666666666666,
      0.75,
      0.625,
      0.5833333333333334,
      0.75,
      0.75,
      0.84,
      0.84,
      0.76,
      0.76,
      0.8,
      0.8076923076923077,
      0.7307692307692307,
      0.8461538461538461,
      0.9230769230769231,
      0.8461538461538461,
      0.8076923076923077,
      0.6923076923076923,
      0.6923076923076923,
      0.8846153846153846,
      0.76,
      0.84,
      0.88,
      0.88,
      0.96,
      0.8,
      0.92,
      0.96,
      0.56,
      0.68,
      0.8076923076923077,
      0.6538461538461539,
      0.6153846153846154,
      0.8076923076923077,
      0.6538461538461539,
      0.7692307692307693,
      0.4166666666666667,
      0.7083333333333334,
      0.782608695652174,
      0.8636363636363636,
      0.6363636363636364,
      0.6666666666666666,
      0.7222222222222222,
      0.8333333333333334,
      0.7777777777777778,
      0.5882352941176471
   ],
   "0.75": [
      0.4375,
      0.43478260869565216,
      0.5416666666666666,
      0.375,
      0.2916666666666667,
      0.25,
      0.4166666666666667,
      0.5416666666666666,
      0.44,
      0.68,
      0.68,
      0.4,
      0.36,
      0.5384615384615384,
      0.5,
      0.46153846153846156,
      0.34615384615384615,
      0.5384615384615384,
      0.38461538461538464,
      0.5,
      0.6153846153846154,
      0.7692307692307693,
      0.72,
      0.72,
      0.44,
      0.48,
      0.52,
      0.44,
      0.48,
      0.48,
      0.48,
      0.52,
      0.5384615384615384,
      0.3076923076923077,
      0.34615384615384615,
      0.6153846153846154,
      0.46153846153846156,
      0.23076923076923078,
      0.125,
      0.375,
      0.5217391304347826,
      0.36363636363636365,
      0.4090909090909091,
      0.5714285714285714,
      0.4444444444444444,
      0.4444444444444444,
      0.4444444444444444,
      0.35294117647058826
   ]
}