{
  "0.95": 0.8354978354978355,
  "0.9": 0.7038961038961039,
  "0.75": 0.3956709956709957
}