{
   "0.95": [
      0.75,
      0.9130434782608695,
      0.8333333333333334,
      0.8333333333333334,
      0.75,
      0.75,
      0.6666666666666666,
      0.6666666666666666,
      0.88,
      0.96,
      0.88,
      0.84,
      0.92,
      0.9230769230769231,
      0.9230769230769231,
      0.9615384615384616,
      0.8076923076923077,
      0.6538461538461539,
      0.8846153846153846,
      0.8076923076923077,
      0.8076923076923077,
      0.8846153846153846,
      0.88,
      0.88,
      0.92,
      0.88,
      0.88,
      0.96,
      0.92,
      0.92,
      0.88,
      0.88,
      0.8846153846153846,
      0.8461538461538461,
      0.7692307692307693,
      0.8846153846153846,
      0.8846153846153846,
      0.8461538461538461,
      0.75,
      0.7916666666666666,
      0.8695652173913043,
      0.9090909090909091,
      0.6818181818181818,
      0.7142857142857143,
      0.7777777777777778,
      0.8333333333333334,
      0.7777777777777778,
      0.6470588235294118
   ],
   "0.9": [
      0.5625,
      0.6956521739130435,
      0.7083333333333334,
      0.75,
      0.75,
      0.7083333333333334,
      0.6666666666666666,
      0.6666666666666666,
      0.8,
      0.84,
      0.72,
      0.8,
      0.8,
      0.8461538461538461,
      0.8461538461538461,
      0.8461538461538461,
      0.7692307692307693,
      0.6153846153846154,
      0.8461538461538461,
      0.6923076923076923,
      0.7692307692307693,
      0.8076923076923077,
      0.88,
      0.88,
      0.8,
      0.76,
      0.84,
      0.8,
      0.88,
      0.84,
      0.48,
      0.76,
      0.7692307692307693,
      0.7307692307692307,
      0.7307692307692307,
      0.7692307692307693,
      0.6538461538461539,
      0.7692307692307693,
      0.625,
      0.6666666666666666,
      0.782608695652174,
      0.8636363636363636,
      0.5454545454545454,
      0.7142857142857143,
      0.6111111111111112,
      0.8333333333333334,
      0.7222222222222222,
      0.5882352941176471
   ],
   "0.75": [
      0.5,
      0.4782608695652174,
      0.5,
      0.25,
      0.25,
      0.3333333333333333,
      0.4166666666666667,
      0.5,
      0.52,
      0.44,
      0.44,
      0.4,
      0.56,
      0.6538461538461539,
      0.6923076923076923,
      0.5,
      0.46153846153846156,
      0.5,
      0.46153846153846156,
      0.6538461538461539,
      0.5,
      0.6923076923076923,
      0.56,
      0.48,
      0.48,
      0.4,
      0.84,
      0.68,
      0.52,
      0.36,
      0.32,
      0.32,
      0.7307692307692307,
      0.3076923076923077,
      0.38461538461538464,
      0.3076923076923077,
      0.5,
      0.34615384615384615,
      0.4583333333333333,
      0.5,
      0.5652173913043478,
      0.45454545454545453,
      0.36363636363636365,
      0.47619047619047616,
      0.3333333333333333,
      0.5555555555555556,
      0.6111111111111112,
      0.29411764705882354
   ]
}