{
  "0.95": 0.8545454545454545,
  "0.9": 0.7610389610389611,
  "0.75": 0.4675324675324675
}