{
   "0.95": [
      0.6906786011265282,
      0.681076426246028,
      0.9907036648513626,
      0.750791735921862,
      0.8697582755834632,
      0.7348389924394301,
      0.9368683482247553,
      0.8121076690335617,
      0.7272118401279651,
      1.006612176292797,
      1.004977460588991,
      1.2464800778959464,
      1.2821665774324578,
      1.1550518372491245,
      1.390769837389123,
      1.0881109453659727,
      1.2084907034033934,
      0.9942595185684298,
      1.0163562225906277,
      0.9091576928163804,
      0.816414729396208,
      1.096786564598713,
      1.0730713191134589,
      1.314842940550884,
      1.195502663218109,
      1.0504529760282502,
      0.9628450914747002,
      1.165344666169968,
      0.9425453708520125,
      0.918610184288038,
      0.9956967876011269,
      0.8193805822880824,
      1.3821362321220507,
      1.0122024112048706,
      0.6927993455002983,
      0.9402783603312894,
      0.6319348351538122,
      0.7713003914314227,
      0.8517414495136508,
      1.0286518408550605,
      0.9313216075679469,
      0.9987918799888794,
      0.8566891968451996,
      0.7191595186243437,
      0.6439126849009655,
      0.8947265346528173,
      0.8473064584916639,
      0.7479805064679116
   ],
   "0.9": [
      0.5009122364011349,
      0.5563266670594076,
      0.9367513202109105,
      0.6761819832311136,
      0.7401694859845925,
      0.6681824586197324,
      0.7784387602805705,
      0.6307299957205043,
      0.6761951155224829,
      0.8389194383975342,
      0.649095541891725,
      0.8515014253863282,
      0.9632700883261246,
      0.8239049255710542,
      0.9784483993736829,
      0.9305761745789801,
      1.1392311988490054,
      0.9220023820289174,
      0.8921978771535021,
      0.7735449806130537,
      0.5963195155270591,
      1.046360448850381,
      0.9156744404060203,
      1.1864325465083638,
      0.7835969346552358,
      0.8029480277836071,
      0.8449601477711464,
      0.8587130300919547,
      0.8663730292255906,
      0.8050124088331652,
      0.7156296771294336,
      0.5709872752454481,
      0.939479630631754,
      0.7719027449891085,
      0.49061132838435634,
      0.4977250235746181,
      0.4229130646595838,
      0.41106028692610674,
      0.5898003767945652,
      0.6825760556195698,
      0.6357544573254242,
      0.8176323178286006,
      0.6102920650966963,
      0.4824685573025999,
      0.4879309307759024,
      0.702722580323045,
      0.7521413610231354,
      0.6135146980889429
   ],
   "0.75": [
      0.2909550132786228,
      0.3496684668893887,
      0.42811896734687616,
      0.2708675736006872,
      0.21103041709996573,
      0.23578595308351027,
      0.33291452692869666,
      0.38058232162205374,
      0.3647146008343118,
      0.508740611054143,
      0.38026120661148594,
      0.26917836168065096,
      0.3176296412671675,
      0.3854085387929788,
      0.4169001489914019,
      0.38769935896141666,
      0.4255598268627262,
      0.5587919394524614,
      0.48452781177092097,
      0.39438434149340523,
      0.4393347444621556,
      0.7642224006527815,
      0.7088926971276106,
      0.7035101682735382,
      0.2428077687653104,
      0.3192669703172335,
      0.3220509168675254,
      0.2904573716696235,
      0.32184682656423047,
      0.38694025201992926,
      0.5509170454847548,
      0.3594193019112148,
      0.48147251663074153,
      0.47275998370344663,
      0.21288645751505034,
      0.2684822725408639,
      0.19708505567888615,
      0.12977174475925038,
      0.17862568154439262,
      0.2824471105313421,
      0.2781810488544558,
      0.345263876865093,
      0.29658314318969037,
      0.3499905692688424,
      0.32603431396207455,
      0.37678309828998363,
      0.31433438572114203,
      0.44955079561143
   ]
}