{
   "0.95": [
      0.75,
      0.782608695652174,
      0.8333333333333334,
      0.8333333333333334,
      0.9166666666666666,
      0.9583333333333334,
      0.9583333333333334,
      0.9583333333333334,
      0.92,
      0.96,
      0.92,
      0.88,
      0.8,
      0.9230769230769231,
      0.9230769230769231,
      0.8846153846153846,
      0.8846153846153846,
      0.9230769230769231,
      0.9230769230769231,
      0.8846153846153846,
      0.9230769230769231,
      0.9615384615384616,
      0.88,
      0.96,
      0.92,
      0.96,
      0.96,
      1.0,
      0.96,
      0.96,
      0.8,
      0.68,
      0.8076923076923077,
      0.8461538461538461,
      0.7307692307692307,
      0.8076923076923077,
      0.8461538461538461,
      0.7307692307692307,
      0.9166666666666666,
      0.8333333333333334,
      0.9565217391304348,
      0.8636363636363636,
      0.9090909090909091,
      0.9047619047619048,
      0.8333333333333334,
      0.7777777777777778,
      0.8333333333333334,
      0.9411764705882353
   ],
   "0.9": [
      0.75,
      0.782608695652174,
      0.7916666666666666,
      0.8333333333333334,
      0.875,
      0.8333333333333334,
      0.9166666666666666,
      0.9583333333333334,
      0.92,
      0.96,
      0.92,
      0.88,
      0.76,
      0.8846153846153846,
      0.8461538461538461,
      0.6923076923076923,
      0.7692307692307693,
      0.8076923076923077,
      0.8461538461538461,
      0.8846153846153846,
      0.7692307692307693,
      0.9230769230769231,
      0.88,
      0.84,
      0.88,
      0.88,
      0.96,
      0.92,
      0.92,
      0.96,
      0.64,
      0.68,
      0.5769230769230769,
      0.5384615384615384,
      0.6923076923076923,
      0.5384615384615384,
      0.8461538461538461,
      0.7307692307692307,
      0.75,
      0.6666666666666666,
      0.9565217391304348,
      0.8636363636363636,
      0.7272727272727273,
      0.8571428571428571,
      0.7777777777777778,
      0.7777777777777778,
      0.8333333333333334,
      0.8823529411764706
   ],
   "0.75": [
      0.5625,
      0.782608695652174,
      0.7916666666666666,
      0.5416666666666666,
      0.875,
      0.8333333333333334,
      0.9166666666666666,
      0.9583333333333334,
      0.92,
      0.96,
      0.64,
      0.48,
      0.44,
      0.6153846153846154,
      0.5384615384615384,
      0.38461538461538464,
      0.46153846153846156,
      0.5769230769230769,
      0.5,
      0.6538461538461539,
      0.5384615384615384,
      0.8076923076923077,
      0.8,
      0.72,
      0.68,
      0.6,
      0.64,
      0.72,
      0.72,
      0.52,
      0.44,
      0.4,
      0.4230769230769231,
      0.34615384615384615,
      0.38461538461538464,
      0.2692307692307692,
      0.46153846153846156,
      0.5,
      0.4583333333333333,
      0.4583333333333333,
      0.5217391304347826,
      0.5909090909090909,
      0.7272727272727273,
      0.7142857142857143,
      0.7777777777777778,
      0.7777777777777778,
      0.8333333333333334,
      0.8823529411764706
   ]
}