{
  "0.95": 0.8406926406926407,
  "0.9": 0.7497835497835498,
  "0.75": 0.4779220779220779
}