{
   "0.95": [
      0.6836227925730647,
      0.8065883286621186,
      0.9448584954763944,
      0.9117015951180645,
      0.9203135652411676,
      0.796545516212445,
      0.7782620716864689,
      0.6458233266399278,
      0.7708074869526348,
      1.0918452804118617,
      1.0682319933314144,
      0.998685389333018,
      1.047386830315493,
      0.9813095258658525,
      0.9141794625542051,
      0.8702924573726001,
      0.7962206724449039,
      0.7889970625489001,
      0.9600198594299175,
      1.011456750754676,
      0.7548817432973367,
      0.8608690883438781,
      0.7511569208207954,
      0.7034251268665175,
      0.8099476964219194,
      0.7110822292009462,
      0.7222788066291173,
      0.7776387279187418,
      0.8011059515321152,
      0.8542128447541747,
      0.9100268578702266,
      0.9443936240290088,
      1.0112224003403494,
      1.1000095196092676,
      0.675775081673024,
      0.7126798997368801,
      0.8488844935083183,
      0.7239804419394518,
      0.8527963611386483,
      0.9516208281688369,
      0.9776612538562158,
      1.0655427808626163,
      0.670584759226857,
      0.5826528591727018,
      0.6159473074682118,
      0.6401023466747015,
      0.6441069868172371,
      0.659429743401253
   ],
   "0.9": [
      0.4629631010891703,
      0.544554440863627,
      0.7775556194868994,
      0.7737897737812491,
      0.8119903677044479,
      0.6739177376369628,
      0.7467974059061958,
      0.6197756731474617,
      0.6145576612673026,
      0.6508603149561717,
      0.6457725968583186,
      0.6826986518725102,
      0.7057012111645679,
      0.8957601849141523,
      0.7666716805610212,
      0.6837188306024988,
      0.717768492310728,
      0.7153269043669563,
      0.8945696319252945,
      0.7070004609461193,
      0.583103741828586,
      0.6722969813966695,
      0.585153762937971,
      0.6117688308323622,
      0.6182599843617298,
      0.4448769475193499,
      0.5034184807658902,
      0.38819736993869103,
      0.6123144531614554,
      0.7339206470360867,
      0.442431724887443,
      0.6789428933268993,
      0.8930497500096908,
      0.7421469633998072,
      0.5687158026384842,
      0.47487260755692945,
      0.4774628191039263,
      0.4916316877748035,
      0.6429293017644269,
      0.723978278963421,
      0.8040999077588561,
      0.8742759520008354,
      0.5157270311334873,
      0.4680705741848846,
      0.4767876059389978,
      0.5381984664526372,
      0.4800917877191548,
      0.5438443186447122
   ],
   "0.75": [
      0.27145847597087525,
      0.2796628585024446,
      0.4021386102589204,
      0.3518736416384839,
      0.23598063254910231,
      0.23538552316694855,
      0.3850544835363655,
      0.4114005767575729,
      0.35031742662906595,
      0.38491531394709816,
      0.33036655798306946,
      0.3064833057484076,
      0.41626259917600456,
      0.503580202741084,
      0.5640326536703766,
      0.3306329228645051,
      0.3716722942877767,
      0.381497424214292,
      0.3296720044678146,
      0.4940556031917412,
      0.3283374775464713,
      0.35149805514092114,
      0.3066030445585513,
      0.30644199851300974,
      0.2530401159470909,
      0.21047357038915201,
      0.3011595275266954,
      0.23184818796887197,
      0.29917879902725575,
      0.34681694618818554,
      0.3206964998752951,
      0.3471862969699394,
      0.5922231592524547,
      0.3284350441010956,
      0.29165380735502183,
      0.2416528731161791,
      0.2425642100469397,
      0.14908810570233028,
      0.23006448441643423,
      0.4316019003831495,
      0.35970322549789036,
      0.42004958698449757,
      0.23373423593039633,
      0.2146423157631309,
      0.2825967078690467,
      0.27607139856884755,
      0.2619039189355899,
      0.37909058913202043
   ]
}