{
   "0.95": [
      0.875,
      0.6521739130434783,
      0.6666666666666666,
      0.625,
      0.5833333333333334,
      0.5,
      0.5416666666666666,
      0.4166666666666667,
      0.52,
      0.56,
      0.6,
      0.48,
      0.52,
      0.5,
      0.46153846153846156,
      0.46153846153846156,
      0.4230769230769231,
      0.5,
      0.5384615384615384,
      0.5384615384615384,
      0.5384615384615384,
      0.5384615384615384,
      0.56,
      0.56,
      0.6,
      0.6,
      0.56,
      0.48,
      0.52,
      0.52,
      0.56,
      0.56,
      0.5384615384615384,
      0.5769230769230769,
      0.46153846153846156,
      0.5384615384615384,
      0.5384615384615384,
      0.5769230769230769,
      0.5833333333333334,
      0.5416666666666666,
      0.5217391304347826,
      0.5454545454545454,
      0.5454545454545454,
      0.5714285714285714,
      0.7222222222222222,
      0.7222222222222222,
      0.6666666666666666,
      0.7058823529411765
   ],
   "0.9": [
      0.6875,
      0.6521739130434783,
      0.6666666666666666,
      0.5833333333333334,
      0.5416666666666666,
      0.4166666666666667,
      0.3333333333333333,
      0.375,
      0.44,
      0.48,
      0.4,
      0.48,
      0.52,
      0.46153846153846156,
      0.4230769230769231,
      0.46153846153846156,
      0.4230769230769231,
      0.38461538461538464,
      0.4230769230769231,
      0.2692307692307692,
      0.3076923076923077,
      0.5,
      0.32,
      0.24,
      0.36,
      0.44,
      0.56,
      0.4,
      0.48,
      0.44,
      0.48,
      0.52,
      0.5,
      0.5,
      0.34615384615384615,
      0.46153846153846156,
      0.5384615384615384,
      0.5384615384615384,
      0.5416666666666666,
      0.5416666666666666,
      0.4782608695652174,
      0.5,
      0.45454545454545453,
      0.38095238095238093,
      0.5555555555555556,
      0.6666666666666666,
      0.5,
      0.5294117647058824
   ],
   "0.75": [
      0.1875,
      0.2608695652173913,
      0.375,
      0.2916666666666667,
      0.20833333333333334,
      0.16666666666666666,
      0.20833333333333334,
      0.3333333333333333,
      0.24,
      0.36,
      0.32,
      0.24,
      0.4,
      0.3076923076923077,
      0.15384615384615385,
      0.34615384615384615,
      0.15384615384615385,
      0.2692307692307692,
      0.3076923076923077,
      0.11538461538461539,
      0.15384615384615385,
      0.19230769230769232,
      0.08,
      0.12,
      0.24,
      0.24,
      0.28,
      0.32,
      0.28,
      0.2,
      0.16,
      0.16,
      0.38461538461538464,
      0.19230769230769232,
      0.23076923076923078,
      0.34615384615384615,
      0.2692307692307692,
      0.23076923076923078,
      0.375,
      0.4166666666666667,
      0.391304347826087,
      0.45454545454545453,
      0.18181818181818182,
      0.3333333333333333,
      0.3888888888888889,
      0.5,
      0.3333333333333333,
      0.35294117647058826
   ]
}