{
   "0.95": [
      0.92115032304528,
      0.8891064320063017,
      0.7579805649023755,
      0.781304701506485,
      0.7509502159794588,
      0.9487672326914665,
      0.8714802634015146,
      0.7266965488808503,
      0.6384195079767294,
      0.8283230222363719,
      0.6962350040070211,
      0.7071300102178074,
      0.6432049212691767,
      0.5845955281180051,
      0.5910037915485593,
      0.4287864078590211,
      0.28593407017704375,
      0.5730596657971223,
      0.46430118797815784,
      0.5882041051157308,
      0.5013360384302294,
      0.617697474054742,
      0.6197571755561012,
      0.8254458084819524,
      1.2381701164435517,
      1.1384518508050336,
      1.1776750557641793,
      0.8865805514990208,
      0.8467435871171513,
      1.1736258478388841,
      1.3887537102281173,
      1.1758791501761734,
      1.0436095121200246,
      0.7352132266526509,
      0.4427676204121113,
      0.5266482519583511,
      0.6057828489484975,
      0.5111887803835515,
      0.9007463824549319,
      0.850923036085874,
      0.8657030662656896,
      0.8441435877649177,
      0.7663565772088328,
      0.4838494951514965,
      0.875844014550362,
      0.8032945977703971,
      1.0304484982775306,
      0.9706030775122934
   ],
   "0.9": [
      0.808079719949613,
      0.6223190860015637,
      0.6051053082228286,
      0.4718435057175135,
      0.5132613278129847,
      0.810011025202533,
      0.7783657847483434,
      0.619227896510431,
      0.5783077592879344,
      0.7626875577108321,
      0.6778984532740185,
      0.5452512964288468,
      0.585701304451837,
      0.4984680135232748,
      0.5096839800597837,
      0.3750773071348314,
      0.24990932626521728,
      0.440879524129136,
      0.44075653195269854,
      0.4458704468796139,
      0.4412534801821791,
      0.5592639727369157,
      0.5582147495452469,
      0.6379945470309883,
      0.9313412188745592,
      0.7005346383017882,
      1.1145908481106968,
      0.7779179585979201,
      0.7192692647319304,
      1.048440040099647,
      1.0674745011267814,
      0.8213305529231096,
      0.6899876841251023,
      0.662571144181607,
      0.3694426851777341,
      0.471148246005536,
      0.4561972161969859,
      0.3966023991643735,
      0.7455151800971379,
      0.7141384475934373,
      0.6465953185678012,
      0.6695027551952282,
      0.6934632585430538,
      0.46813313927009875,
      0.7831749251390429,
      0.5888091777041758,
      0.5197359998642672,
      0.5677504597713854
   ],
   "0.75": [
      0.26506831372352374,
      0.3152067792189082,
      0.33529432437317735,
      0.3599451479137326,
      0.25630048303050507,
      0.41215138375195287,
      0.46796706201840543,
      0.25006164013638477,
      0.3134042880706469,
      0.4205696041309986,
      0.34531431418386993,
      0.24269794717774493,
      0.2573355622309817,
      0.23563806422085404,
      0.2237836393766062,
      0.22573330005190437,
      0.15540880678553273,
      0.276494193114638,
      0.3369612599626399,
      0.20381836822858979,
      0.25339742538460397,
      0.26319219140683253,
      0.18404669185911451,
      0.12312375399383114,
      0.1328223650862398,
      0.17617599984224694,
      0.3615602869221052,
      0.3731889259715941,
      0.24299454471778428,
      0.46097611237473557,
      0.5399894470889391,
      0.5362647853121396,
      0.4802577319720895,
      0.2053863087375783,
      0.2134244199309213,
      0.19168178631674918,
      0.20230459493161257,
      0.18795525720871198,
      0.4497161981498032,
      0.5400789264897226,
      0.47736788115783285,
      0.4137555861666575,
      0.31262450794330293,
      0.263569892097639,
      0.5713253443218926,
      0.4222068549736451,
      0.2803360971246919,
      0.3093375207236618
   ]
}