{
   "0.95": [
      0.7399625625067315,
      0.5702107648794863,
      0.7318673606607137,
      0.6571250360371412,
      0.6794953311700113,
      0.6828384370115614,
      0.5858104186661068,
      0.4416151914895509,
      0.5626720121123119,
      0.6517998636227983,
      0.5430221553034096,
      0.4531369684080873,
      0.49447566817248545,
      0.48580928249968386,
      0.5814823103935023,
      0.4191362313115544,
      0.39957867654126117,
      0.4910292751485857,
      0.43983063123323757,
      0.45525582608670245,
      0.4760770091234059,
      0.49219336281870973,
      0.42579790097429815,
      0.44566921940055154,
      0.5398027278175218,
      0.6304838452377675,
      0.43716591584551145,
      0.4799715737520966,
      0.4700001532121551,
      0.5458483131921308,
      0.5821939056334835,
      0.7131017746021162,
      0.8211900791860441,
      0.8315671690783524,
      0.4990319748087182,
      0.4225638624725902,
      0.5378326498945443,
      0.46321259636041506,
      0.5602965399747251,
      0.5965945642250885,
      0.6377665384263569,
      0.6420976989442378,
      0.7079009787664041,
      0.7175408216167037,
      0.8445178191964915,
      0.8473856815616251,
      0.8942538025814869,
      0.8475643869946994
   ],
   "0.9": [
      0.6189971035570899,
      0.5250324858784539,
      0.6058274517903032,
      0.6153674894339507,
      0.5522991740535417,
      0.417798505692767,
      0.29205083891435035,
      0.3227741605017311,
      0.3567600143486875,
      0.4798172626202445,
      0.438250373637105,
      0.4096688947903318,
      0.43590641143526504,
      0.42985960943592944,
      0.47515685502932103,
      0.37450617859312507,
      0.32781098478218984,
      0.4263270675051403,
      0.3313489836417564,
      0.26479282073223454,
      0.31523351869021055,
      0.3731492034446779,
      0.24699813487184757,
      0.23427845745205753,
      0.28711302791959037,
      0.32334803436575443,
      0.40281833368361175,
      0.34186116632439584,
      0.34170014217827893,
      0.46982944549784095,
      0.5108004684141774,
      0.5522639730481331,
      0.5524587237578084,
      0.636567395664609,
      0.39295475497465654,
      0.3743382779402253,
      0.4738316722336319,
      0.3695712162808831,
      0.4630169266115062,
      0.518989341958803,
      0.5603543365726646,
      0.5053749631770924,
      0.4885062887306315,
      0.35474537005915974,
      0.5085253973365675,
      0.5460916819218482,
      0.5494830066342336,
      0.606429555457038
   ],
   "0.75": [
      0.14821849705655024,
      0.3124793906498232,
      0.22865299062581934,
      0.3091601884221292,
      0.18538164432357737,
      0.12123151530233275,
      0.10418648618232801,
      0.1308449275849319,
      0.1266367650549888,
      0.25230789104313034,
      0.21915088615864836,
      0.20549300088105601,
      0.21990430827036117,
      0.20824153580589969,
      0.1519077871877747,
      0.24637552785848527,
      0.15071917027822673,
      0.28251802909843476,
      0.23880093616844505,
      0.1418316331080693,
      0.15712954913198707,
      0.1555994956652594,
      0.10299090843010061,
      0.09958061054423761,
      0.09188713527766547,
      0.13492604965080388,
      0.14247316102639593,
      0.206936546268387,
      0.22565588516482174,
      0.27426014681685285,
      0.28892189329332313,
      0.2814311345001968,
      0.3739906873482964,
      0.23477576078422943,
      0.2330733774216197,
      0.19835025822706445,
      0.16110144446415317,
      0.14635949635188503,
      0.24115285899876843,
      0.3503396732367272,
      0.3511286599758484,
      0.349853825267617,
      0.20702957096082666,
      0.23496798594407398,
      0.3578120606820666,
      0.35206852668020944,
      0.2957247395106059,
      0.45390582728796935
   ]
}