{
  "0.95": 0.5142857142857142,
  "0.9": 0.4588744588744589,
  "0.75": 0.29523809523809524
}