{
  "0.95": 0.541991341991342,
  "0.9": 0.4909090909090909,
  "0.75": 0.2805194805194805
}