{
   "0.95": [
      0.625,
      0.4782608695652174,
      0.5833333333333334,
      0.625,
      0.625,
      0.5833333333333334,
      0.5833333333333334,
      0.5416666666666666,
      0.56,
      0.6,
      0.6,
      0.56,
      0.12,
      0.11538461538461539,
      0.23076923076923078,
      0.5384615384615384,
      0.5769230769230769,
      0.5384615384615384,
      0.5769230769230769,
      0.5769230769230769,
      0.5384615384615384,
      0.5769230769230769,
      0.44,
      0.52,
      0.52,
      0.56,
      0.52,
      0.48,
      0.56,
      0.52,
      0.48,
      0.48,
      0.5384615384615384,
      0.46153846153846156,
      0.38461538461538464,
      0.38461538461538464,
      0.5384615384615384,
      0.5,
      0.5,
      0.5416666666666666,
      0.6521739130434783,
      0.6363636363636364,
      0.45454545454545453,
      0.0,
      0.4444444444444444,
      0.16666666666666666,
      0.6111111111111112,
      0.0
   ],
   "0.9": [
      0.5625,
      0.43478260869565216,
      0.5416666666666666,
      0.5416666666666666,
      0.5416666666666666,
      0.0,
      0.5833333333333334,
      0.0,
      0.52,
      0.56,
      0.6,
      0.48,
      0.08,
      0.07692307692307693,
      0.19230769230769232,
      0.46153846153846156,
      0.5769230769230769,
      0.5384615384615384,
      0.5769230769230769,
      0.5,
      0.38461538461538464,
      0.5769230769230769,
      0.44,
      0.4,
      0.48,
      0.44,
      0.48,
      0.4,
      0.52,
      0.48,
      0.4,
      0.48,
      0.46153846153846156,
      0.4230769230769231,
      0.2692307692307692,
      0.23076923076923078,
      0.19230769230769232,
      0.23076923076923078,
      0.5,
      0.5416666666666666,
      0.5652173913043478,
      0.5,
      0.0,
      0.0,
      0.2222222222222222,
      0.1111111111111111,
      0.5,
      0.0
   ],
   "0.75": [
      0.375,
      0.34782608695652173,
      0.0,
      0.0,
      0.0,
      0.0,
      0.5833333333333334,
      0.0,
      0.0,
      0.36,
      0.0,
      0.32,
      0.0,
      0.038461538461538464,
      0.07692307692307693,
      0.34615384615384615,
      0.34615384615384615,
      0.5,
      0.34615384615384615,
      0.3076923076923077,
      0.3076923076923077,
      0.3076923076923077,
      0.2,
      0.2,
      0.36,
      0.32,
      0.36,
      0.36,
      0.36,
      0.36,
      0.24,
      0.4,
      0.3076923076923077,
      0.23076923076923078,
      0.11538461538461539,
      0.15384615384615385,
      0.15384615384615385,
      0.038461538461538464,
      0.4166666666666667,
      0.375,
      0.0,
      0.0,
      0.0,
      0.0,
      0.2222222222222222,
      0.0,
      0.05555555555555555,
      0.0
   ]
}