{
  "0.95": 0.4883116883116883,
  "0.9": 0.3922077922077922,
  "0.75": 0.20865800865800865
}