{
   "0.95": [
      0.9375,
      0.6086956521739131,
      0.5833333333333334,
      0.6666666666666666,
      0.625,
      0.625,
      0.5833333333333334,
      0.5833333333333334,
      0.56,
      0.64,
      0.56,
      0.6,
      0.56,
      0.5384615384615384,
      0.46153846153846156,
      0.5,
      0.34615384615384615,
      0.38461538461538464,
      0.34615384615384615,
      0.46153846153846156,
      0.38461538461538464,
      0.38461538461538464,
      0.44,
      0.52,
      0.56,
      0.56,
      0.52,
      0.44,
      0.44,
      0.48,
      0.56,
      0.48,
      0.5384615384615384,
      0.38461538461538464,
      0.19230769230769232,
      0.34615384615384615,
      0.2692307692307692,
      0.38461538461538464,
      0.5416666666666666,
      0.5416666666666666,
      0.5652173913043478,
      0.6363636363636364,
      0.5454545454545454,
      0.47619047619047616,
      0.6666666666666666,
      0.6666666666666666,
      0.7777777777777778,
      0.7058823529411765
   ],
   "0.9": [
      0.875,
      0.6086956521739131,
      0.5833333333333334,
      0.5833333333333334,
      0.5416666666666666,
      0.5833333333333334,
      0.5416666666666666,
      0.5416666666666666,
      0.52,
      0.64,
      0.56,
      0.52,
      0.52,
      0.5,
      0.46153846153846156,
      0.5,
      0.3076923076923077,
      0.19230769230769232,
      0.34615384615384615,
      0.34615384615384615,
      0.38461538461538464,
      0.38461538461538464,
      0.44,
      0.44,
      0.44,
      0.44,
      0.52,
      0.4,
      0.4,
      0.44,
      0.44,
      0.36,
      0.38461538461538464,
      0.34615384615384615,
      0.19230769230769232,
      0.34615384615384615,
      0.23076923076923078,
      0.2692307692307692,
      0.375,
      0.5416666666666666,
      0.5652173913043478,
      0.5,
      0.5,
      0.47619047619047616,
      0.5555555555555556,
      0.6666666666666666,
      0.6111111111111112,
      0.5294117647058824
   ],
   "0.75": [
      0.4375,
      0.43478260869565216,
      0.5,
      0.5,
      0.4166666666666667,
      0.375,
      0.4166666666666667,
      0.375,
      0.44,
      0.44,
      0.4,
      0.28,
      0.36,
      0.34615384615384615,
      0.2692307692307692,
      0.34615384615384615,
      0.23076923076923078,
      0.19230769230769232,
      0.2692307692307692,
      0.15384615384615385,
      0.19230769230769232,
      0.23076923076923078,
      0.28,
      0.24,
      0.12,
      0.24,
      0.08,
      0.28,
      0.2,
      0.28,
      0.32,
      0.28,
      0.2692307692307692,
      0.15384615384615385,
      0.11538461538461539,
      0.038461538461538464,
      0.11538461538461539,
      0.15384615384615385,
      0.20833333333333334,
      0.4583333333333333,
      0.4782608695652174,
      0.5,
      0.13636363636363635,
      0.19047619047619047,
      0.4444444444444444,
      0.6666666666666666,
      0.3333333333333333,
      0.29411764705882354
   ]
}