{
   "0.95": [
      0.7527208739207999,
      0.6545814240857928,
      0.14255440560938726,
      0.522662430400792,
      0.2282335599550021,
      0.028995656075614846,
      0.0,
      0.051640864506170364,
      0.024150094236243255,
      0.7464239503789718,
      0.3309426486086901,
      0.4800230556915359,
      0.4559275663107555,
      0.6166346565924328,
      0.5292446852361874,
      0.6834418901167789,
      0.7301624339787659,
      0.8415584779503674,
      0.5842370868880509,
      0.5491335641188093,
      0.47204102841173373,
      0.48859318614068675,
      0.42749051294879375,
      0.4104685670867595,
      0.4649063721798079,
      0.5025857038875301,
      0.38885056328483786,
      0.40441283450041154,
      0.5055588436412467,
      0.5514693780619457,
      0.5991309779578478,
      0.727807426126792,
      0.8395223128452124,
      0.9727162888443671,
      0.7549399257515123,
      0.8133215084876052,
      0.7160196168541546,
      0.7541988733619422,
      0.4362463991189889,
      0.9453297755107092,
      1.0092909532202765,
      0.5008400594596346,
      0.17078360531771358,
      0.0,
      0.5699712741408186,
      1.0612276386042583,
      0.8130547029076121,
      0.706461282818459
   ],
   "0.9": [
      0.6575858848955047,
      0.6111320160174823,
      0.10983616116010601,
      0.31858717985833884,
      0.025302352386116417,
      0.0,
      0.0,
      0.0,
      0.007462065335844098,
      0.6812021890711814,
      0.28008996674844,
      0.3923010920688131,
      0.374621130948854,
      0.435326159928291,
      0.43781416370278664,
      0.47499741109536764,
      0.6675653726899963,
      0.7872046800817393,
      0.529030476826529,
      0.44782297377356955,
      0.36843925666181837,
      0.4627464491030267,
      0.350483394216614,
      0.30120603204709345,
      0.28406457420165265,
      0.25619901992146393,
      0.32376873874232986,
      0.2981707172697846,
      0.4656331977263812,
      0.48964420856381935,
      0.5680555446538139,
      0.659090205349227,
      0.7605719367709249,
      0.8813488499646625,
      0.4968126792052631,
      0.595412003189178,
      0.5207224952667631,
      0.4611440967588319,
      0.37471709943281606,
      0.8883214285194381,
      0.6743470329373875,
      0.18835489234807545,
      0.0,
      0.0,
      0.49284356163880316,
      0.7854505545274906,
      0.6458306809707749,
      0.5829613137607351
   ],
   "0.75": [
      0.4558930513481554,
      0.4764248105158346,
      0.0,
      0.05321456309466864,
      0.0,
      0.0,
      0.0,
      0.0,
      0.0,
      0.48295072394624056,
      0.011606064558729748,
      0.16886100676477592,
      0.20698314174296395,
      0.18992962532190483,
      0.18970447711716434,
      0.32530425713262884,
      0.43990833266169016,
      0.6294802423681075,
      0.36958485127286833,
      0.2338790345071748,
      0.28391843429940167,
      0.24552157556209794,
      0.17141969056733047,
      0.13062884536501268,
      0.14595765108343164,
      0.1379792950296017,
      0.15622958613031776,
      0.21975361623611692,
      0.2696066908623546,
      0.33054592365940527,
      0.3491402896287018,
      0.4725174094659553,
      0.46727393241769405,
      0.28741461373126204,
      0.2272758204733908,
      0.30230816181819187,
      0.13827040443665928,
      0.27547130415439025,
      0.25212879710039043,
      0.6434387100168679,
      0.11876910164507305,
      0.0,
      0.0,
      0.0,
      0.2424964065086751,
      0.47834773333773417,
      0.2374762385335511,
      0.3231925224049513
   ]
}