{
   "0.95": [
      0.6350742782464466,
      0.5248835264910182,
      0.7512188313183358,
      0.6383161075476296,
      0.6274675686183556,
      0.6075992972523137,
      0.643348626690198,
      0.5086997049439508,
      0.5993968473361255,
      0.6454104067393917,
      0.6203917351889308,
      0.5495083724122628,
      0.5277463799812132,
      0.48374733017434207,
      0.5263464015312529,
      0.4543836426541327,
      0.29946280611324216,
      0.34305521391487237,
      0.33154901288529526,
      0.25514762087598936,
      0.2421168803266743,
      0.22826337821202347,
      0.18715140137530806,
      0.21970847476336341,
      0.2587789588013346,
      0.3426114081020513,
      0.5082757250162928,
      0.2667164917712055,
      0.313441822681273,
      0.42666393488331744,
      0.42547390387905937,
      0.38967160058634487,
      0.4021607650335325,
      0.43239924252854123,
      0.413610407707671,
      0.40977981279802095,
      0.48643731365541254,
      0.4428315607462073,
      0.5558105302447935,
      0.5476693498588613,
      0.6856901096498562,
      0.6571716263252246,
      0.6784841765256728,
      0.7156080193964095,
      0.8288441086263449,
      0.9046044361799614,
      0.92123129990075,
      0.8506036807801866
   ],
   "0.9": [
      0.5645369950607273,
      0.4916177486866198,
      0.5919488037696073,
      0.5757122208548257,
      0.5511454984235312,
      0.44377284667733724,
      0.40464120725986685,
      0.41260505032976424,
      0.4143793423256044,
      0.5285277890202614,
      0.5431533696039575,
      0.49953602301381667,
      0.4844182067724044,
      0.4256068961260781,
      0.44628787255215036,
      0.39250665834714665,
      0.261179149288392,
      0.22110610376763928,
      0.2466042489000641,
      0.21480482262031436,
      0.19593096410532784,
      0.17852539003585827,
      0.14053546959471885,
      0.16884090846372493,
      0.17849855975191228,
      0.20416442593286882,
      0.2510661565108233,
      0.24644590207275235,
      0.26775975602030344,
      0.2509266024614965,
      0.28771647209280193,
      0.22477006246251297,
      0.2636401019130199,
      0.2871391057414065,
      0.3467010293940233,
      0.3622253180742601,
      0.3888131870301481,
      0.3650616278025655,
      0.46455683526001773,
      0.501088507041455,
      0.587408877928056,
      0.5766674118814062,
      0.5087387280617514,
      0.3723654295498698,
      0.5087473247498888,
      0.5121539796371828,
      0.5411444353332205,
      0.6088718552987041
   ],
   "0.75": [
      0.11854803740174369,
      0.31655510443216,
      0.22137910159689855,
      0.29066811174760016,
      0.16376789609020959,
      0.10874964430603791,
      0.12722644416094095,
      0.14116772276719386,
      0.1272339520495661,
      0.24225783978728838,
      0.2461525844787576,
      0.2311196704441017,
      0.2095502784716917,
      0.15488583522753563,
      0.12424826778254307,
      0.13484068955648235,
      0.13674852582534838,
      0.14942406932519675,
      0.11840591432533601,
      0.14350621890226883,
      0.10212156351604805,
      0.09213830491178052,
      0.09760101976732243,
      0.0856872134987873,
      0.10925530187311977,
      0.10508154471754108,
      0.14957901488220013,
      0.06538934016138463,
      0.07564161241304931,
      0.07914664595798644,
      0.11415326905057953,
      0.12805554938809036,
      0.1358413517129571,
      0.11727525756320581,
      0.1438666666206979,
      0.1679541259976229,
      0.1649897781377528,
      0.14703023623319805,
      0.25125216371109466,
      0.3225380781011988,
      0.3887777020308796,
      0.3558819945751782,
      0.2121953878763064,
      0.2504292099078817,
      0.35148118109988075,
      0.35700696730902226,
      0.2927897414179625,
      0.42334706407835554
   ]
}