{
  "0.95": 0.5541125541125541,
  "0.9": 0.4640692640692641,
  "0.75": 0.2683982683982684
}