{
   "0.95": [
      0.6904478881864015,
      0.4562156845435879,
      0.5159830294582003,
      0.6983459043399941,
      0.720915317076726,
      0.7968518656294801,
      0.7177043756041621,
      0.6498503292977511,
      0.6557561440835766,
      0.6993159709101525,
      0.7368595600116369,
      0.7221481617582083,
      0.7164714648347106,
      0.6658883704038939,
      0.6600311921288029,
      0.6060794361377,
      0.3491234013852058,
      0.49099662631835755,
      0.46148512831382626,
      0.3046475938908262,
      0.4961266798134375,
      0.5093052887245287,
      0.44573856126621997,
      0.3549607670440706,
      0.3793334809173336,
      0.4477493733100555,
      0.38600125222413545,
      0.36847804604532736,
      0.40761232241873585,
      0.48975958594094315,
      0.6222017149803225,
      0.8700871864723329,
      0.7854106175414847,
      0.5722677151371577,
      0.30905731898056343,
      0.43612593435266717,
      0.4633278606717616,
      0.47502704022677894,
      0.5169153848789129,
      0.5454785023761072,
      0.5814684075855936,
      0.6175491883879465,
      0.5866795668883633,
      0.5756308698375131,
      0.6421578699290056,
      0.6038071855760813,
      0.719263666848389,
      0.7997510217664164
   ],
   "0.9": [
      0.538938217492123,
      0.3436762195314129,
      0.48615064245026196,
      0.5525852703733126,
      0.6050070149566945,
      0.5734880347947048,
      0.5989134299197096,
      0.5090659354397353,
      0.5869006165141284,
      0.651332929345352,
      0.5201466428226432,
      0.5168804528090636,
      0.504965636911139,
      0.3291926784533876,
      0.26918559172896867,
      0.3416171857486715,
      0.2339208016476771,
      0.34069308507893475,
      0.2921371355530453,
      0.2738434260432434,
      0.37440792092191066,
      0.3710974965155359,
      0.40885672263828404,
      0.2961695135783157,
      0.2728685265999731,
      0.2829164685693457,
      0.34680028572082233,
      0.3278411769589291,
      0.32167483716166156,
      0.3655994170069341,
      0.4930429986004438,
      0.6332194957166739,
      0.5268000629650924,
      0.49104596576359455,
      0.28219178029714537,
      0.39469196960206054,
      0.3979758037663091,
      0.4191307653482038,
      0.47551689004837855,
      0.471691908321001,
      0.5026921177693516,
      0.5633348856395637,
      0.49840123981219114,
      0.4720881480167102,
      0.5827578911858282,
      0.5400899487609689,
      0.5148878317049704,
      0.5548758238904161
   ],
   "0.75": [
      0.2643559487181481,
      0.2506708783755271,
      0.41366711663774,
      0.26313387439340097,
      0.19185250040887836,
      0.33766000175400934,
      0.45097165559321806,
      0.33301798329700877,
      0.4091256874376669,
      0.43892183379402255,
      0.4328198725059706,
      0.3734078452191083,
      0.2908303016588644,
      0.22868047162526678,
      0.1654088409832391,
      0.22383639617571707,
      0.12321322915689806,
      0.13871483517325434,
      0.17514590410849495,
      0.08985488396279487,
      0.2343523852924103,
      0.249520535765705,
      0.15758024717931024,
      0.12094930347720931,
      0.16138463150137755,
      0.134969204368266,
      0.14412706866963662,
      0.2262039047565543,
      0.13514425526130694,
      0.24742532418914626,
      0.3104803505618138,
      0.3944317716226561,
      0.30329480688855365,
      0.3111170514996747,
      0.12735308870698547,
      0.13858768292867796,
      0.08208327165163486,
      0.07452339118435013,
      0.17582895072358104,
      0.34113063563037077,
      0.28733289595523837,
      0.2813075063157932,
      0.24159550293036597,
      0.323234523996639,
      0.37335493331052505,
      0.3463527952223964,
      0.32166243739678513,
      0.239525867295653
   ]
}