{
  "0.95": 0.3965367965367965,
  "0.9": 0.3670995670995671,
  "0.75": 0.22077922077922077
}