{
   "0.95": [
      1.5734403118803901,
      0.991032990665554,
      0.9045803658324306,
      0.7471192580306216,
      0.7120581209468463,
      0.6101688374253726,
      0.5378777449028862,
      0.5340516877419849,
      0.5084452642919896,
      0.6344661968622337,
      0.678470136150571,
      0.5676535676664087,
      0.484659919319478,
      0.8583520152090144,
      0.8640937122470027,
      0.6778421503983325,
      0.5118637276483049,
      0.4797383152632802,
      0.43768343549926725,
      0.45887585196362524,
      0.41334786856986316,
      0.48300775521566913,
      0.5033024030416644,
      0.5144645902145416,
      0.5924821423846302,
      0.6482741577010926,
      0.48539544113625294,
      0.47476565234331747,
      0.5172024651249763,
      0.5481034593926377,
      0.5371212277776728,
      0.6211060501409134,
      0.7821634327690784,
      0.9235781214344917,
      0.7004593461414744,
      0.796263422478801,
      1.0331734851304706,
      1.7191231373363738,
      4.734200063348036,
      2.882364512594686,
      2.143276540465903,
      2.259956857527971,
      2.446959797319275,
      2.6574068009276366,
      1.6906087163078827,
      1.8253315549700007,
      2.1288589815041172,
      1.5874099673599913
   ],
   "0.9": [
      1.1227208010146479,
      0.7691313309366618,
      0.704932598077717,
      0.5680578332720962,
      0.5328499569065355,
      0.4609105574833241,
      0.40415112757484045,
      0.3995003559002489,
      0.3751887479224072,
      0.4752668259608933,
      0.5093104734738628,
      0.4338379043543056,
      0.37031624005860314,
      0.5384478265697676,
      0.7179478111384626,
      0.401629811650076,
      0.4666918968438863,
      0.43944603173613567,
      0.39710337713047295,
      0.3978981072087321,
      0.37587148265918885,
      0.43172024809120074,
      0.4546558880440154,
      0.4586399644427397,
      0.46361447886508894,
      0.4894648679514622,
      0.43673342538723825,
      0.42348866237370064,
      0.46510866363507225,
      0.4834309192117303,
      0.4808478419167856,
      0.5363874290268631,
      0.7129902939649174,
      0.8503536993494748,
      0.6056362815675891,
      0.5059412743974371,
      0.7003297663530101,
      1.2830533861803852,
      3.4626449298463844,
      2.1193365400346957,
      1.6065541441001712,
      1.7024787915327673,
      1.8592451608527232,
      1.9845200228199116,
      1.3167610437282025,
      1.460305091224761,
      1.6660083609897434,
      1.236878569626467
   ],
   "0.75": [
      0.5170334617579563,
      0.35887405069395417,
      0.29064980999567425,
      0.24185886736627393,
      0.21648622132052062,
      0.16623750368360934,
      0.12766941299476983,
      0.11985411964843122,
      0.12115285763043401,
      0.14994622883814188,
      0.16936736223933715,
      0.14468148424733004,
      0.12453218772357369,
      0.14847634688553007,
      0.32243620467971035,
      0.2080308185596793,
      0.2846568972325593,
      0.32861505168236,
      0.239493677124025,
      0.15721368365049274,
      0.21430573018776639,
      0.3346875732895849,
      0.32300990856710227,
      0.23513504410654987,
      0.16704837531458416,
      0.17703160748295824,
      0.26534976403746596,
      0.21892448511202411,
      0.27507289020506226,
      0.28158809961861736,
      0.2747136955030126,
      0.34687550424561486,
      0.5082494710497658,
      0.4877479367103991,
      0.2789998529113035,
      0.24980947724513244,
      0.29027579217939653,
      0.5167733176610042,
      1.3341214595317203,
      0.6789862723509256,
      0.47137954727920356,
      0.476745990633157,
      0.4822164594218729,
      0.4894766778864717,
      0.3769777902860074,
      0.4248341738823497,
      0.4874322209641197,
      0.507886034264088
   ]
}