{
  "0.95": 0.5134199134199134,
  "0.9": 0.45800865800865803,
  "0.75": 0.29783549783549784
}