{
   "0.95": [
      0.0,
      0.0,
      0.0,
      0.16666666666666666,
      0.16666666666666666,
      0.5416666666666666,
      0.5,
      0.5416666666666666,
      0.56,
      0.52,
      0.52,
      0.0,
      0.0,
      0.5769230769230769,
      0.6153846153846154,
      0.5384615384615384,
      0.5,
      0.4230769230769231,
      0.5,
      0.46153846153846156,
      0.5,
      0.5384615384615384,
      0.56,
      0.56,
      0.6,
      0.6,
      0.56,
      0.56,
      0.48,
      0.56,
      0.48,
      0.56,
      0.5,
      0.5769230769230769,
      0.5769230769230769,
      0.5384615384615384,
      0.5,
      0.0,
      0.0,
      0.16666666666666666,
      0.391304347826087,
      0.5,
      0.45454545454545453,
      0.42857142857142855,
      0.0,
      0.0,
      0.0,
      0.0
   ],
   "0.9": [
      0.0,
      0.0,
      0.0,
      0.0,
      0.16666666666666666,
      0.5416666666666666,
      0.5,
      0.5416666666666666,
      0.56,
      0.52,
      0.52,
      0.0,
      0.0,
      0.5769230769230769,
      0.5769230769230769,
      0.5384615384615384,
      0.5,
      0.4230769230769231,
      0.4230769230769231,
      0.46153846153846156,
      0.5,
      0.5384615384615384,
      0.56,
      0.56,
      0.56,
      0.56,
      0.52,
      0.48,
      0.44,
      0.52,
      0.48,
      0.52,
      0.4230769230769231,
      0.5769230769230769,
      0.5769230769230769,
      0.38461538461538464,
      0.15384615384615385,
      0.0,
      0.0,
      0.0,
      0.391304347826087,
      0.5,
      0.45454545454545453,
      0.42857142857142855,
      0.0,
      0.0,
      0.0,
      0.0
   ],
   "0.75": [
      0.0,
      0.0,
      0.0,
      0.0,
      0.0,
      0.0,
      0.125,
      0.5416666666666666,
      0.52,
      0.52,
      0.24,
      0.0,
      0.0,
      0.07692307692307693,
      0.4230769230769231,
      0.5,
      0.38461538461538464,
      0.34615384615384615,
      0.34615384615384615,
      0.15384615384615385,
      0.2692307692307692,
      0.5,
      0.48,
      0.32,
      0.16,
      0.24,
      0.36,
      0.2,
      0.4,
      0.4,
      0.36,
      0.28,
      0.4230769230769231,
      0.46153846153846156,
      0.2692307692307692,
      0.038461538461538464,
      0.0,
      0.0,
      0.0,
      0.0,
      0.08695652173913043,
      0.45454545454545453,
      0.13636363636363635,
      0.14285714285714285,
      0.0,
      0.0,
      0.0,
      0.0
   ]
}