{
  "0.95": 0.5896103896103896,
  "0.9": 0.5515151515151515,
  "0.75": 0.3974025974025974
}