{
   "0.95": [
      0.75,
      0.5652173913043478,
      0.5833333333333334,
      0.625,
      0.5416666666666666,
      0.5833333333333334,
      0.625,
      0.5833333333333334,
      0.64,
      0.56,
      0.56,
      0.6,
      0.6,
      0.5769230769230769,
      0.5769230769230769,
      0.5769230769230769,
      0.5,
      0.46153846153846156,
      0.46153846153846156,
      0.5384615384615384,
      0.5,
      0.5769230769230769,
      0.56,
      0.56,
      0.6,
      0.6,
      0.6,
      0.6,
      0.6,
      0.56,
      0.56,
      0.56,
      0.5769230769230769,
      0.5769230769230769,
      0.4230769230769231,
      0.5769230769230769,
      0.5769230769230769,
      0.5769230769230769,
      0.5833333333333334,
      0.5833333333333334,
      0.6086956521739131,
      0.6818181818181818,
      0.6363636363636364,
      0.6666666666666666,
      0.7777777777777778,
      0.7222222222222222,
      0.7777777777777778,
      0.7647058823529411
   ],
   "0.9": [
      0.6875,
      0.5652173913043478,
      0.5833333333333334,
      0.5416666666666666,
      0.4583333333333333,
      0.5,
      0.5833333333333334,
      0.5833333333333334,
      0.52,
      0.52,
      0.56,
      0.56,
      0.6,
      0.5769230769230769,
      0.46153846153846156,
      0.5384615384615384,
      0.46153846153846156,
      0.38461538461538464,
      0.4230769230769231,
      0.4230769230769231,
      0.46153846153846156,
      0.5384615384615384,
      0.56,
      0.56,
      0.6,
      0.6,
      0.6,
      0.56,
      0.52,
      0.56,
      0.52,
      0.52,
      0.5384615384615384,
      0.5769230769230769,
      0.3076923076923077,
      0.46153846153846156,
      0.46153846153846156,
      0.5384615384615384,
      0.5416666666666666,
      0.5833333333333334,
      0.6086956521739131,
      0.5909090909090909,
      0.6363636363636364,
      0.6190476190476191,
      0.6666666666666666,
      0.7222222222222222,
      0.7222222222222222,
      0.6470588235294118
   ],
   "0.75": [
      0.4375,
      0.43478260869565216,
      0.5416666666666666,
      0.375,
      0.2916666666666667,
      0.375,
      0.4583333333333333,
      0.4583333333333333,
      0.44,
      0.44,
      0.52,
      0.44,
      0.48,
      0.38461538461538464,
      0.38461538461538464,
      0.38461538461538464,
      0.38461538461538464,
      0.34615384615384615,
      0.4230769230769231,
      0.34615384615384615,
      0.4230769230769231,
      0.46153846153846156,
      0.56,
      0.36,
      0.36,
      0.4,
      0.44,
      0.44,
      0.44,
      0.4,
      0.44,
      0.2,
      0.4230769230769231,
      0.46153846153846156,
      0.07692307692307693,
      0.07692307692307693,
      0.038461538461538464,
      0.11538461538461539,
      0.375,
      0.5,
      0.4782608695652174,
      0.5,
      0.4090909090909091,
      0.5238095238095238,
      0.5555555555555556,
      0.5555555555555556,
      0.5555555555555556,
      0.5882352941176471
   ]
}