{
   "0.95": [
      0.5904450220601054,
      0.47264595487045735,
      0.5907238654408802,
      0.557683799996847,
      0.6173587148912464,
      0.5651547182664898,
      0.579501068442711,
      0.511798667988801,
      0.6200751827213243,
      0.6503174279873144,
      0.6783973380305559,
      0.6592349622966491,
      0.6496856300670064,
      0.5862393172717245,
      0.5809938764903538,
      0.553543635426948,
      0.46987898333635586,
      0.4810638961996334,
      0.4747275158662782,
      0.4313828926536759,
      0.44184455870547734,
      0.45441637324292417,
      0.42540972264956745,
      0.4327051987905557,
      0.46312685616556937,
      0.42771930731604113,
      0.46126217137213005,
      0.45314526516261155,
      0.5413852544915279,
      0.40116820028472977,
      0.4539902261886964,
      0.3448954093629499,
      0.34005035189414345,
      0.392176062786843,
      0.46120555509859035,
      0.6109484834741744,
      0.7189197958571402,
      0.6901921281875346,
      0.7453955680669362,
      0.7505741626875697,
      0.7273218755131391,
      0.7524710715077103,
      0.7051917583717703,
      0.7226627641423373,
      0.9487483016042397,
      1.005266670990091,
      0.982999804650562,
      0.9826929765976933
   ],
   "0.9": [
      0.3430653531236905,
      0.41239785253456807,
      0.4965141182033786,
      0.505636748891718,
      0.548453507685306,
      0.5080719394462022,
      0.5244294961221617,
      0.4527838877120616,
      0.5309755861120073,
      0.5887947610849014,
      0.6014757370476009,
      0.5931003320885159,
      0.5891434440877572,
      0.5341187278892298,
      0.5164031913027743,
      0.5035613651449876,
      0.4086032347891043,
      0.4265675319644627,
      0.42194369986256075,
      0.38147083942584376,
      0.3845803942741237,
      0.38391057565437414,
      0.37285486072648777,
      0.3733241255241677,
      0.3904781988414092,
      0.3578244623864389,
      0.4032572185008067,
      0.3408773140322182,
      0.2710967976466206,
      0.2730498545962349,
      0.32844439084313837,
      0.2732359145117552,
      0.27377053992266315,
      0.3003440682084046,
      0.313693379528789,
      0.41463926856809347,
      0.41490578407836143,
      0.41783794938240226,
      0.48847131231074814,
      0.617316423020628,
      0.6316783848169586,
      0.6582789964277672,
      0.5810130738433694,
      0.5831891873898084,
      0.7860712518195753,
      0.8216903010222864,
      0.8595570145098306,
      0.8698533865480723
   ],
   "0.75": [
      0.1055475647442337,
      0.2351426124655976,
      0.3536144867382011,
      0.39061030825437915,
      0.18926287047456294,
      0.21739549335265523,
      0.2904006447051802,
      0.28361367171462887,
      0.30715499939163005,
      0.430138713498627,
      0.3866056032012107,
      0.39610652214253605,
      0.4011095007127367,
      0.2983388075147009,
      0.2336687989648502,
      0.2364452524325609,
      0.2634865213374131,
      0.2549867982233608,
      0.2843527911146873,
      0.2453135092963939,
      0.19835090542535438,
      0.17047550555266727,
      0.185430226797503,
      0.19870326930594231,
      0.20395931630483738,
      0.2459354377538019,
      0.23204022446959158,
      0.15434341492657086,
      0.11127555657513408,
      0.11475760399398206,
      0.14472758096442004,
      0.1291796472987372,
      0.13164939506616222,
      0.13072050443471595,
      0.13485494902581555,
      0.13380445690484435,
      0.15915841051108573,
      0.155105660642822,
      0.2607884646482762,
      0.37752837423999386,
      0.4656909676488089,
      0.4805127018860263,
      0.39783198131646486,
      0.4108829940551389,
      0.5164099556410418,
      0.4996531973684975,
      0.4795718623286256,
      0.47952230223613623
   ]
}