{
   "0.95": [
      0.583119750052537,
      0.4712518622580116,
      0.6027640773291773,
      0.5634879337513683,
      0.6327072886421801,
      0.5596562215294164,
      0.558053648056586,
      0.5094177116897847,
      0.5913179149296783,
      0.6434214093807359,
      0.6677775643559681,
      0.6537965762798782,
      0.6499427950153399,
      0.59120132123382,
      0.5941347016439258,
      0.5354796957265131,
      0.44579732258780297,
      0.5848772898832825,
      0.5706964586148747,
      0.5186528207583021,
      0.5264416246553787,
      0.5732851015607714,
      0.6171321215559284,
      0.5893152982829661,
      0.6181574073150258,
      0.697367134768459,
      0.5567261995132684,
      0.5098979156971574,
      0.49749622159862705,
      0.5070873399288919,
      0.6260628271761075,
      0.6530043993806851,
      0.6866713365440507,
      0.6036002498540072,
      0.44929316533328423,
      0.5505853055254772,
      0.6678946192615197,
      0.6508904055128155,
      0.6852869168875361,
      0.6822622645952243,
      0.7067271457150008,
      0.7360392045464711,
      0.6831841929347919,
      0.6996699953284173,
      0.8858690994902031,
      0.9094856637710166,
      0.9726529239583525,
      0.9740682296759398
   ],
   "0.9": [
      0.31784417700123324,
      0.4131894529494757,
      0.5021556771683751,
      0.5122797042170918,
      0.5318672897053249,
      0.49452108834184066,
      0.5062179946618436,
      0.4380403892543508,
      0.512003870436174,
      0.5790650638407284,
      0.5754262156841341,
      0.5823521425223646,
      0.5790409874169957,
      0.5136839881050381,
      0.46078851818429634,
      0.4627994830490431,
      0.3704870847706008,
      0.48462422382500026,
      0.46565691056034914,
      0.4232363369818878,
      0.4580099086316509,
      0.5092973584302989,
      0.5273372012982578,
      0.5064357443481708,
      0.5442719337896404,
      0.5422115270565221,
      0.4790601840497282,
      0.4278951151590695,
      0.404691058447486,
      0.41444119782260985,
      0.5166342828950975,
      0.5383392106404348,
      0.4971321617379073,
      0.5080127290350868,
      0.31942952131279034,
      0.3805282825167889,
      0.4239221654256918,
      0.43510763526777685,
      0.4957604944086091,
      0.5966932303367185,
      0.6061556996911457,
      0.644692154109189,
      0.5778826592938888,
      0.5967225368215002,
      0.7788216331992057,
      0.800046812884608,
      0.8441712585020685,
      0.8134375984084765
   ],
   "0.75": [
      0.10754703479110977,
      0.22922117404755865,
      0.3234387003716185,
      0.36161006924230793,
      0.19355063179785678,
      0.22593566034122997,
      0.3008025374686295,
      0.2737827307392187,
      0.314700621265313,
      0.39756295209660375,
      0.38446904461385467,
      0.3939703986573132,
      0.3971523099627769,
      0.3055566181398917,
      0.2296310958715863,
      0.296400879067288,
      0.18511432081763188,
      0.2707728462232559,
      0.3154401472142986,
      0.2424790146761326,
      0.28455145928344727,
      0.31853456700250526,
      0.29088648588656957,
      0.2749088011909232,
      0.2868575175337108,
      0.22268997168198568,
      0.2231465544956035,
      0.21405768210043943,
      0.22612687359013456,
      0.21998151809119895,
      0.27513788611787626,
      0.27877636038370424,
      0.31342397039822323,
      0.3015220763653731,
      0.1789556364243898,
      0.16069725759950812,
      0.17135426666068074,
      0.16425132403243312,
      0.2672699556191448,
      0.3749929364693621,
      0.4346451138151383,
      0.40626548930631773,
      0.37263005864714843,
      0.39840765735692907,
      0.5117871790132041,
      0.49720490306822385,
      0.46847788932612716,
      0.431685391911348
   ]
}