{
   "0.95": [
      0.8125,
      0.5217391304347826,
      0.5833333333333334,
      0.625,
      0.5416666666666666,
      0.625,
      0.5833333333333334,
      0.5833333333333334,
      0.56,
      0.52,
      0.52,
      0.52,
      0.52,
      0.5384615384615384,
      0.5,
      0.5384615384615384,
      0.38461538461538464,
      0.3076923076923077,
      0.34615384615384615,
      0.23076923076923078,
      0.4230769230769231,
      0.46153846153846156,
      0.52,
      0.48,
      0.36,
      0.52,
      0.44,
      0.4,
      0.44,
      0.56,
      0.52,
      0.6,
      0.5769230769230769,
      0.5,
      0.4230769230769231,
      0.5384615384615384,
      0.5769230769230769,
      0.5769230769230769,
      0.5833333333333334,
      0.5833333333333334,
      0.5217391304347826,
      0.5454545454545454,
      0.45454545454545453,
      0.47619047619047616,
      0.6666666666666666,
      0.6111111111111112,
      0.6111111111111112,
      0.5882352941176471
   ],
   "0.9": [
      0.8125,
      0.5217391304347826,
      0.5833333333333334,
      0.5416666666666666,
      0.5416666666666666,
      0.5416666666666666,
      0.5416666666666666,
      0.5416666666666666,
      0.52,
      0.48,
      0.52,
      0.48,
      0.52,
      0.46153846153846156,
      0.38461538461538464,
      0.46153846153846156,
      0.2692307692307692,
      0.3076923076923077,
      0.3076923076923077,
      0.23076923076923078,
      0.34615384615384615,
      0.38461538461538464,
      0.48,
      0.32,
      0.16,
      0.36,
      0.4,
      0.36,
      0.44,
      0.44,
      0.44,
      0.52,
      0.5,
      0.46153846153846156,
      0.2692307692307692,
      0.5,
      0.5384615384615384,
      0.5384615384615384,
      0.5833333333333334,
      0.5416666666666666,
      0.5217391304347826,
      0.5,
      0.4090909090909091,
      0.42857142857142855,
      0.6111111111111112,
      0.6111111111111112,
      0.5555555555555556,
      0.5294117647058824
   ],
   "0.75": [
      0.4375,
      0.43478260869565216,
      0.5833333333333334,
      0.4583333333333333,
      0.375,
      0.4583333333333333,
      0.5416666666666666,
      0.5416666666666666,
      0.48,
      0.44,
      0.52,
      0.36,
      0.32,
      0.34615384615384615,
      0.3076923076923077,
      0.3076923076923077,
      0.15384615384615385,
      0.15384615384615385,
      0.19230769230769232,
      0.038461538461538464,
      0.2692307692307692,
      0.3076923076923077,
      0.28,
      0.16,
      0.04,
      0.24,
      0.24,
      0.32,
      0.2,
      0.24,
      0.36,
      0.28,
      0.2692307692307692,
      0.2692307692307692,
      0.07692307692307693,
      0.07692307692307693,
      0.038461538461538464,
      0.038461538461538464,
      0.20833333333333334,
      0.5416666666666666,
      0.34782608695652173,
      0.22727272727272727,
      0.18181818181818182,
      0.2857142857142857,
      0.3888888888888889,
      0.5,
      0.3888888888888889,
      0.35294117647058826
   ]
}