{
  "0.95": 0.587012987012987,
  "0.9": 0.5428571428571428,
  "0.75": 0.4
}