{
   "0.95": [
      0.4598479440673598,
      0.5108550354640152,
      0.5330235116967402,
      0.4856952109006341,
      0.36210467948540453,
      0.40848762633271457,
      0.3516076192572536,
      0.400444616568534,
      0.3808782626649219,
      0.42616001583668484,
      0.5173184855310493,
      0.501679449692059,
      0.36910885185371634,
      0.338059797550681,
      0.361203964491977,
      0.374913521410739,
      0.3904547349295768,
      0.4124779340545477,
      0.43380512522402187,
      0.476603038139835,
      0.46109672114180905,
      0.42927958400432453,
      0.5859144534138472,
      0.5596385142421313,
      0.5504844889516638,
      0.6446169067685228,
      0.5725741817179579,
      0.5203929335282971,
      0.5281731408816994,
      0.5446464173027388,
      0.49406969000390566,
      0.5026346735401116,
      0.4558724106222066,
      0.45193378579229504,
      0.3966734540104849,
      0.3540950794116849,
      0.36529012996176996,
      0.35587624528079664,
      0.36250016740908253,
      0.4563078802040258,
      0.3704517485088801,
      0.3393031483105976,
      0.3833030545675721,
      0.4798856043914201,
      0.3549726142883985,
      0.4357819300827618,
      0.4009278282357965,
      0.271349263809227
   ],
   "0.9": [
      0.26666285108950727,
      0.32091703097450996,
      0.29543184326105837,
      0.32158751810263736,
      0.2810240404913874,
      0.32165572884692295,
      0.2526385764973424,
      0.343766346094494,
      0.2850765514299608,
      0.28441569446898146,
      0.30108309198887817,
      0.2879673035767645,
      0.28949877512202715,
      0.26357378632015466,
      0.25004039906058645,
      0.26452286326789765,
      0.3009333071465524,
      0.3119943622623426,
      0.32349130178357227,
      0.34055429499681117,
      0.35409982440138105,
      0.355064199535465,
      0.42480957981281514,
      0.49293615773043964,
      0.39797690061233265,
      0.46358794269342013,
      0.4797980523282752,
      0.4045041209584412,
      0.3608844247115892,
      0.4146727519756766,
      0.36047558030683036,
      0.3780062614526071,
      0.3680008421165612,
      0.293245814882936,
      0.32370888272832404,
      0.2745435659093945,
      0.26591934782125376,
      0.27113270545687024,
      0.28394043857714124,
      0.2545853582923303,
      0.2807241511453588,
      0.2541495989968716,
      0.24159883628183934,
      0.25151642906662275,
      0.23562577225803658,
      0.2394283098569539,
      0.26421060021726134,
      0.20943212181595852
   ],
   "0.75": [
      0.11189420031784644,
      0.09793287752641691,
      0.10091716830842545,
      0.11410333409825997,
      0.11327041990181218,
      0.09943930283582889,
      0.09880233785881674,
      0.10466618451760651,
      0.10706853389431062,
      0.10063320200796715,
      0.13068500855713444,
      0.10920047742339327,
      0.10564069437778117,
      0.1048377059423079,
      0.11374118605630913,
      0.14177536812797034,
      0.13536825653977286,
      0.14917319363640646,
      0.153751682515927,
      0.21553541577984614,
      0.1783108391248034,
      0.19664069884024404,
      0.22935796889583515,
      0.23939831307454873,
      0.1994101268714157,
      0.2089005537067433,
      0.25212443435159254,
      0.20353828796560636,
      0.1926124522989687,
      0.21762216458227845,
      0.2149217397059393,
      0.19857711293868563,
      0.16797679671412535,
      0.1591217238177149,
      0.1503233459712019,
      0.13653750240820822,
      0.12162227781186867,
      0.12892260297010072,
      0.1312459104273481,
      0.12552584248041543,
      0.10329888884210149,
      0.09861236840267736,
      0.10390719622304254,
      0.11927470383060669,
      0.11955736968976305,
      0.08483032000886755,
      0.11852116758685471,
      0.09588401944408137
   ]
}