{
  "0.95": 0.9034782608695652,
  "0.9": 0.823304347826087,
  "0.75": 0.62
}