{
   "0.95": [
      0.45113541546291847,
      0.4892810693825458,
      0.5204905116377149,
      0.49184435530999904,
      0.3667707140196158,
      0.39936714152465014,
      0.3800740792086081,
      0.4459844872930893,
      0.3974501213951011,
      0.43140879403057475,
      0.4744339934276689,
      0.46713088936250574,
      0.3450600963978959,
      0.28596260657661254,
      0.29242708552379565,
      0.32742848027163196,
      0.33896996483557135,
      0.3455106521776935,
      0.3528145764969294,
      0.3492580665040428,
      0.3519168051788986,
      0.3886913097605838,
      0.4689671998217917,
      0.47789027768008163,
      0.4703733402801944,
      0.5145853533207845,
      0.47741823044385767,
      0.4789356399884075,
      0.5306827873251962,
      0.5553712262819913,
      0.5682041038904281,
      0.5549669432716899,
      0.47292203275774586,
      0.46884931840837557,
      0.38041333315801773,
      0.35445730741011805,
      0.3885945102859527,
      0.360303833501777,
      0.36046212389542703,
      0.44533951107039704,
      0.42460112712869874,
      0.3744045783526285,
      0.38337378427199026,
      0.4518314555778533,
      0.397248195107392,
      0.4476699798690421,
      0.38458748279214877,
      0.30158760814397434
   ],
   "0.9": [
      0.2704486313237337,
      0.2851831169152532,
      0.3104020978888489,
      0.3268204507933223,
      0.2965805125386546,
      0.31561729708856895,
      0.2671616522644544,
      0.3564508142922446,
      0.28104559101538706,
      0.289662243121313,
      0.34637934583356866,
      0.30165231471727244,
      0.27307196945496254,
      0.2478184597213756,
      0.22009476932682476,
      0.25604397239708204,
      0.27174650687787344,
      0.245413600989208,
      0.27747768341782186,
      0.30187476812349456,
      0.2809006421603911,
      0.31670375374351784,
      0.3523138019452597,
      0.3728818801351725,
      0.3531512122469212,
      0.3926542806969473,
      0.419090615871976,
      0.34919490672071973,
      0.3690076723423244,
      0.4276615376367649,
      0.4319407415511196,
      0.41225494056346823,
      0.38191071777098645,
      0.36509996160602876,
      0.3097088592026843,
      0.2552195621768352,
      0.2859250765188714,
      0.2525239186039667,
      0.25549987022549414,
      0.28986566179495277,
      0.27177472917221274,
      0.2521501962342179,
      0.2671332533185001,
      0.25351652350407994,
      0.2375588218694539,
      0.2361018569783618,
      0.25977311013773746,
      0.2089711437076579
   ],
   "0.75": [
      0.09548186492199663,
      0.08233200103967357,
      0.0928183665046283,
      0.1254315827207569,
      0.09813171381155535,
      0.09798760278135986,
      0.08727018086235781,
      0.10566213616584998,
      0.1291454761590099,
      0.11482439207203142,
      0.1300175468992881,
      0.12054040559749532,
      0.10613026923267022,
      0.09471968561473332,
      0.11589584357016305,
      0.12226335041051026,
      0.11813680419312161,
      0.13339591203488738,
      0.11158320144214776,
      0.15335715764528318,
      0.14500253942163263,
      0.158746428134489,
      0.1903545508229155,
      0.19491296018791684,
      0.18651019376182737,
      0.19461893587287085,
      0.23418468737966774,
      0.1636360187492348,
      0.21203072524489053,
      0.20861393269261722,
      0.23131508666474934,
      0.18315751917337858,
      0.20226045881061744,
      0.1910736242363212,
      0.17877224356735855,
      0.13514442083256667,
      0.11249951442452842,
      0.12928936701499402,
      0.11888121251653806,
      0.11941935958989368,
      0.10361740964414946,
      0.10194865575307496,
      0.10664544451381794,
      0.12045044528837578,
      0.11821269078797692,
      0.08797192326737169,
      0.08821582742041793,
      0.10343361887531835
   ]
}