{
   "0.95": [
      0.825,
      0.8833333333333333,
      0.923728813559322,
      0.9576271186440678,
      0.8389830508474576,
      0.8983050847457628,
      0.864406779661017,
      0.8983050847457628,
      0.8728813559322034,
      0.8813559322033898,
      0.8983050847457628,
      0.864406779661017,
      0.847457627118644,
      0.8050847457627118,
      0.8487394957983193,
      0.8571428571428571,
      0.8739495798319328,
      0.8991596638655462,
      0.907563025210084,
      0.8823529411764706,
      0.865546218487395,
      0.8571428571428571,
      0.8833333333333333,
      0.865546218487395,
      0.865546218487395,
      0.8813559322033898,
      0.8898305084745762,
      0.8983050847457628,
      0.8728813559322034,
      0.925,
      0.8925619834710744,
      0.9256198347107438,
      0.8583333333333333,
      0.859504132231405,
      0.8347107438016529,
      0.8512396694214877,
      0.8760330578512396,
      0.8264462809917356,
      0.8099173553719008,
      0.8934426229508197,
      0.8934426229508197,
      0.8524590163934426,
      0.8861788617886179,
      0.9024390243902439,
      0.8629032258064516,
      0.8617886178861789,
      0.8943089430894309,
      0.819672131147541
   ],
   "0.9": [
      0.6833333333333333,
      0.725,
      0.7288135593220338,
      0.8813559322033898,
      0.7711864406779662,
      0.847457627118644,
      0.7457627118644068,
      0.8305084745762712,
      0.7542372881355932,
      0.7542372881355932,
      0.8389830508474576,
      0.7542372881355932,
      0.7457627118644068,
      0.7966101694915254,
      0.7815126050420168,
      0.7815126050420168,
      0.8403361344537815,
      0.7983193277310925,
      0.8151260504201681,
      0.8487394957983193,
      0.7478991596638656,
      0.7815126050420168,
      0.7416666666666667,
      0.7815126050420168,
      0.7142857142857143,
      0.7372881355932204,
      0.8050847457627118,
      0.7711864406779662,
      0.7457627118644068,
      0.8583333333333333,
      0.8181818181818182,
      0.8512396694214877,
      0.7416666666666667,
      0.743801652892562,
      0.7272727272727273,
      0.71900826446281,
      0.7851239669421488,
      0.7272727272727273,
      0.7024793388429752,
      0.7786885245901639,
      0.7622950819672131,
      0.7704918032786885,
      0.7479674796747967,
      0.7642276422764228,
      0.717741935483871,
      0.7235772357723578,
      0.7560975609756098,
      0.6311475409836066
   ],
   "0.75": [
      0.38333333333333336,
      0.38333333333333336,
      0.4152542372881356,
      0.5169491525423728,
      0.4830508474576271,
      0.4745762711864407,
      0.4406779661016949,
      0.4830508474576271,
      0.4576271186440678,
      0.5,
      0.5084745762711864,
      0.4491525423728814,
      0.5084745762711864,
      0.4576271186440678,
      0.5462184873949579,
      0.5210084033613446,
      0.5546218487394958,
      0.5378151260504201,
      0.46218487394957986,
      0.5126050420168067,
      0.5126050420168067,
      0.4369747899159664,
      0.475,
      0.4957983193277311,
      0.5042016806722689,
      0.4406779661016949,
      0.4915254237288136,
      0.4322033898305085,
      0.4915254237288136,
      0.5,
      0.5371900826446281,
      0.5206611570247934,
      0.5166666666666667,
      0.47107438016528924,
      0.512396694214876,
      0.4049586776859504,
      0.47107438016528924,
      0.4793388429752066,
      0.4462809917355372,
      0.4672131147540984,
      0.4344262295081967,
      0.4426229508196721,
      0.3902439024390244,
      0.4878048780487805,
      0.49193548387096775,
      0.3983739837398374,
      0.34959349593495936,
      0.4262295081967213
   ]
}