{
   "0.95": [
      0.825,
      0.8916666666666667,
      0.9152542372881356,
      0.9576271186440678,
      0.8389830508474576,
      0.8983050847457628,
      0.864406779661017,
      0.8983050847457628,
      0.864406779661017,
      0.8898305084745762,
      0.8983050847457628,
      0.864406779661017,
      0.8305084745762712,
      0.8389830508474576,
      0.8823529411764706,
      0.9159663865546218,
      0.907563025210084,
      0.8907563025210085,
      0.9411764705882353,
      0.9159663865546218,
      0.8907563025210085,
      0.9159663865546218,
      0.9,
      0.8991596638655462,
      0.8487394957983193,
      0.8559322033898306,
      0.9067796610169492,
      0.9067796610169492,
      0.8389830508474576,
      0.925,
      0.9090909090909091,
      0.859504132231405,
      0.7916666666666666,
      0.8512396694214877,
      0.8099173553719008,
      0.8677685950413223,
      0.8842975206611571,
      0.8264462809917356,
      0.8264462809917356,
      0.8934426229508197,
      0.8934426229508197,
      0.8688524590163934,
      0.8780487804878049,
      0.9024390243902439,
      0.8709677419354839,
      0.8617886178861789,
      0.8861788617886179,
      0.819672131147541
   ],
   "0.9": [
      0.6833333333333333,
      0.725,
      0.7288135593220338,
      0.8813559322033898,
      0.7711864406779662,
      0.847457627118644,
      0.7457627118644068,
      0.8305084745762712,
      0.7627118644067796,
      0.7627118644067796,
      0.8389830508474576,
      0.7796610169491526,
      0.7711864406779662,
      0.7966101694915254,
      0.8403361344537815,
      0.8151260504201681,
      0.865546218487395,
      0.8319327731092437,
      0.8067226890756303,
      0.7983193277310925,
      0.7647058823529411,
      0.8235294117647058,
      0.75,
      0.7815126050420168,
      0.7226890756302521,
      0.7372881355932204,
      0.7711864406779662,
      0.7796610169491526,
      0.7203389830508474,
      0.7583333333333333,
      0.7851239669421488,
      0.8347107438016529,
      0.6916666666666667,
      0.6942148760330579,
      0.7355371900826446,
      0.7272727272727273,
      0.7851239669421488,
      0.6611570247933884,
      0.7024793388429752,
      0.7295081967213115,
      0.7622950819672131,
      0.7868852459016393,
      0.7479674796747967,
      0.7560975609756098,
      0.717741935483871,
      0.7317073170731707,
      0.7479674796747967,
      0.639344262295082
   ],
   "0.75": [
      0.38333333333333336,
      0.38333333333333336,
      0.4152542372881356,
      0.5169491525423728,
      0.4915254237288136,
      0.4745762711864407,
      0.4406779661016949,
      0.4745762711864407,
      0.423728813559322,
      0.4830508474576271,
      0.5169491525423728,
      0.4830508474576271,
      0.5084745762711864,
      0.5084745762711864,
      0.4957983193277311,
      0.5462184873949579,
      0.5294117647058824,
      0.5042016806722689,
      0.5378151260504201,
      0.5378151260504201,
      0.4957983193277311,
      0.48739495798319327,
      0.425,
      0.4789915966386555,
      0.47058823529411764,
      0.5,
      0.4830508474576271,
      0.4576271186440678,
      0.4830508474576271,
      0.4666666666666667,
      0.4462809917355372,
      0.5289256198347108,
      0.44166666666666665,
      0.4132231404958678,
      0.47107438016528924,
      0.4462809917355372,
      0.4297520661157025,
      0.48760330578512395,
      0.4214876033057851,
      0.4344262295081967,
      0.4672131147540984,
      0.4180327868852459,
      0.4146341463414634,
      0.4715447154471545,
      0.49193548387096775,
      0.3983739837398374,
      0.34146341463414637,
      0.4180327868852459
   ]
}