{
   "0.95": [
      0.9306305847554592,
      0.6192208385930182,
      0.6192208385930182,
      0.6192208385930182,
      0.45181050481857127,
      0.4685515381960154,
      0.45181050481857127,
      0.691441684803329,
      0.5309080012250397,
      0.4437593653093121,
      0.2235745555970837,
      0.35866720244132305,
      0.4869115111602663,
      0.3659123777873283,
      0.36338205188784745,
      0.4397292428267319,
      0.48357259658172647,
      0.49536160054605527,
      0.554055737352701,
      0.6472247877279559,
      0.5438198732776,
      0.6408512727417386,
      0.6292908785965827,
      0.655673043467826,
      0.7950140821744187,
      0.789008991927057,
      0.7942355200322259,
      0.6239824049184793,
      0.6570296745597998,
      0.6991200761573649,
      0.6892051130150901,
      0.722540271597461,
      0.6099255638322676,
      0.5776404923035683,
      0.48240365302938426,
      0.3833461750884937,
      0.4196519298894274,
      0.3502490964820689,
      0.39141514944854133,
      0.6106535072585643,
      0.1727530366083247,
      0.9505731779302816,
      0.22993735708522034,
      0.5442705597401593,
      0.548312128913846,
      0.6192231341787852,
      0.49554760305963924,
      0.6572966117398226
   ],
   "0.9": [
      0.5675300626752902,
      0.4518105048185712,
      0.18415354985271218,
      0.3776218481245007,
      0.1626570722669579,
      0.1626570722669579,
      0.1626570722669579,
      0.41252029362707604,
      0.3374211237915713,
      0.31899889961427597,
      0.08286766472467912,
      0.27499235280200574,
      0.45395259686815786,
      0.2708729928147297,
      0.21118741548725026,
      0.31243180276813665,
      0.3297120358217701,
      0.3990035464882998,
      0.4078413854157192,
      0.461858221137234,
      0.41575196200427345,
      0.48631075805707413,
      0.4970233389759598,
      0.502573413074667,
      0.5634862553487521,
      0.555502922264626,
      0.5856861564712034,
      0.5006185801319588,
      0.43146280430962036,
      0.5211444664311361,
      0.4916350438291915,
      0.4444284540414706,
      0.4304831990725346,
      0.40406245150320297,
      0.3645108983806711,
      0.2821691598133343,
      0.23625871410449548,
      0.2521819314408384,
      0.2623195099988545,
      0.36744479599106017,
      0.12740610840872355,
      0.6588923614686366,
      0.13927119512351965,
      0.32216438376346174,
      0.3379086684037564,
      0.37808329047942296,
      0.30140198531562207,
      0.24043692998992897
   ],
   "0.75": [
      0.24445825599532217,
      0.162657072266958,
      0.1626570722669579,
      0.1626570722669579,
      0.1626570722669579,
      0.1626570722669579,
      0.1626570722669579,
      0.043310116387728734,
      0.011465610808995965,
      0.02547776567294903,
      0.005521137982829694,
      0.03191037247828462,
      0.12127237939018047,
      0.043965882724088516,
      0.04406019686442621,
      0.09229535227101412,
      0.1085552451299485,
      0.16507819742568017,
      0.15682132963679749,
      0.22371458273890896,
      0.1830463869249693,
      0.2336291763482545,
      0.2673459732880865,
      0.2477796597799089,
      0.2874244412204556,
      0.2932012486161208,
      0.3222650821065681,
      0.275458110825174,
      0.236978493965092,
      0.23952912749833338,
      0.2462655081410404,
      0.18507742463489776,
      0.1796154939831241,
      0.14740631464964407,
      0.11844706897764551,
      0.07459126938053856,
      0.07570118406494263,
      0.07553769237732619,
      0.06508239344642662,
      0.156364904068498,
      0.04567077267618993,
      0.3610461220620717,
      0.020364061650573733,
      0.04211922287829514,
      0.012230644308064639,
      0.011181180800861073,
      0.03015008773941937,
      0.026347145079403937
   ]
}