{
   "0.95": [
      0.95,
      0.9416666666666667,
      0.9491525423728814,
      0.9576271186440678,
      0.9491525423728814,
      0.940677966101695,
      0.940677966101695,
      0.9576271186440678,
      0.9745762711864406,
      0.9322033898305084,
      0.8559322033898306,
      0.864406779661017,
      0.8983050847457628,
      0.9067796610169492,
      0.8571428571428571,
      0.8991596638655462,
      0.9159663865546218,
      0.865546218487395,
      0.8823529411764706,
      0.8991596638655462,
      0.8151260504201681,
      0.8823529411764706,
      0.8583333333333333,
      0.8571428571428571,
      0.9159663865546218,
      0.8813559322033898,
      0.9152542372881356,
      0.8389830508474576,
      0.8813559322033898,
      0.9166666666666666,
      0.9090909090909091,
      0.9338842975206612,
      0.8833333333333333,
      0.859504132231405,
      0.859504132231405,
      0.8264462809917356,
      0.8099173553719008,
      0.859504132231405,
      0.8760330578512396,
      0.9262295081967213,
      0.9426229508196722,
      0.8770491803278688,
      0.9512195121951219,
      0.926829268292683,
      0.9596774193548387,
      0.943089430894309,
      0.959349593495935,
      0.9590163934426229
   ],
   "0.9": [
      0.9083333333333333,
      0.9166666666666666,
      0.8983050847457628,
      0.923728813559322,
      0.9152542372881356,
      0.9067796610169492,
      0.9152542372881356,
      0.940677966101695,
      0.9152542372881356,
      0.923728813559322,
      0.788135593220339,
      0.788135593220339,
      0.864406779661017,
      0.8305084745762712,
      0.7310924369747899,
      0.7983193277310925,
      0.7899159663865546,
      0.7815126050420168,
      0.7983193277310925,
      0.7394957983193278,
      0.7478991596638656,
      0.773109243697479,
      0.725,
      0.7478991596638656,
      0.773109243697479,
      0.7203389830508474,
      0.7796610169491526,
      0.7372881355932204,
      0.7033898305084746,
      0.8083333333333333,
      0.8099173553719008,
      0.8347107438016529,
      0.7416666666666667,
      0.743801652892562,
      0.7768595041322314,
      0.743801652892562,
      0.7107438016528925,
      0.8264462809917356,
      0.8016528925619835,
      0.8278688524590164,
      0.8524590163934426,
      0.8360655737704918,
      0.8780487804878049,
      0.8617886178861789,
      0.9032258064516129,
      0.9186991869918699,
      0.926829268292683,
      0.9262295081967213
   ],
   "0.75": [
      0.8916666666666667,
      0.8916666666666667,
      0.8983050847457628,
      0.9067796610169492,
      0.9152542372881356,
      0.9067796610169492,
      0.9152542372881356,
      0.8389830508474576,
      0.7457627118644068,
      0.7288135593220338,
      0.6694915254237288,
      0.5847457627118644,
      0.5677966101694916,
      0.4745762711864407,
      0.44537815126050423,
      0.5294117647058824,
      0.5126050420168067,
      0.5294117647058824,
      0.5126050420168067,
      0.4957983193277311,
      0.47058823529411764,
      0.46218487394957986,
      0.4583333333333333,
      0.47058823529411764,
      0.48739495798319327,
      0.4406779661016949,
      0.5254237288135594,
      0.4491525423728814,
      0.4576271186440678,
      0.48333333333333334,
      0.5206611570247934,
      0.512396694214876,
      0.5583333333333333,
      0.5371900826446281,
      0.49586776859504134,
      0.4297520661157025,
      0.4380165289256198,
      0.5289256198347108,
      0.48760330578512395,
      0.680327868852459,
      0.6885245901639344,
      0.7213114754098361,
      0.7479674796747967,
      0.7804878048780488,
      0.7096774193548387,
      0.7479674796747967,
      0.7560975609756098,
      0.7459016393442623
   ]
}