{
  "0.95": 0.8735652173913043,
  "0.9": 0.768,
  "0.75": 0.4711304347826087
}