{
  "0.95": 0.8735652173913043,
  "0.9": 0.7714782608695652,
  "0.75": 0.47895652173913045
}