{
  "0.95": 0.8773913043478261,
  "0.9": 0.7648695652173914,
  "0.75": 0.4652173913043478
}