{
   "0.95": [
      0.4514076078288174,
      0.4893072570119096,
      0.5204605143661787,
      0.4906124486234411,
      0.3662024781351168,
      0.3986623204400645,
      0.3794177035573454,
      0.4456321979290097,
      0.3938269260074543,
      0.4439438661907076,
      0.47517032457475644,
      0.44706701905766827,
      0.3574484198697743,
      0.3566612546295531,
      0.38843809844262783,
      0.42228731374298756,
      0.42695533771516975,
      0.376496723638129,
      0.44377510877777687,
      0.376520610413248,
      0.393508864485893,
      0.4641210595137233,
      0.4602921833351568,
      0.4445090249920006,
      0.4085480741003779,
      0.42929268804308757,
      0.43399326576517594,
      0.40310569590299167,
      0.3734372355310609,
      0.41195626962728904,
      0.43669884726396435,
      0.34828185107284676,
      0.34337983893384005,
      0.3560522631016883,
      0.3655843410517175,
      0.39411261940935755,
      0.3915725823686288,
      0.37572310674938036,
      0.3726982002735641,
      0.4226597356755193,
      0.4207070564371776,
      0.3901589977988193,
      0.3843307916833793,
      0.4505930516657493,
      0.4199909172393653,
      0.44676381451092056,
      0.3769176734624119,
      0.30124674503681076
   ],
   "0.9": [
      0.2713787796949438,
      0.284491876304764,
      0.31049257844325184,
      0.3262796836055857,
      0.296072780141165,
      0.31509243610372745,
      0.26653963207044107,
      0.3564508142922448,
      0.28573500260545176,
      0.29022530153519094,
      0.34829758140419764,
      0.2967175619190028,
      0.26963817187976696,
      0.287874295014161,
      0.26222717528531053,
      0.28493031978466743,
      0.28447185656377005,
      0.2741035723377907,
      0.24238150983060916,
      0.25671785726444957,
      0.2392813296032946,
      0.330628039460023,
      0.29080542439880586,
      0.3246608647339306,
      0.2818512004818309,
      0.305309158391514,
      0.2785688292077887,
      0.2536965450655434,
      0.2526080334874115,
      0.2648076810379478,
      0.29073032226947765,
      0.2700494024841412,
      0.24400518136513788,
      0.22942257846364594,
      0.282131911215866,
      0.286919560374249,
      0.2640927286319021,
      0.23307831619748076,
      0.2571873692774231,
      0.24741306199457638,
      0.26924586879893864,
      0.2639236570330952,
      0.26653704049327903,
      0.25244715333449813,
      0.2370977644882976,
      0.24623651793281257,
      0.2595437983464759,
      0.21008268081524065
   ],
   "0.75": [
      0.0950295290202561,
      0.08233200103967354,
      0.09017287717726692,
      0.12497089521674097,
      0.09783246311347334,
      0.09778757335474389,
      0.08664858055170334,
      0.10573292270893117,
      0.11748379234882052,
      0.10725650367326556,
      0.13001754689928807,
      0.12806276572487055,
      0.10696759377321971,
      0.10758556309569958,
      0.11108713358742023,
      0.10716267729731029,
      0.09954705857187984,
      0.08955837368031692,
      0.1006319449293803,
      0.10556917067679557,
      0.09455295848381341,
      0.09115848569729317,
      0.09583090342654578,
      0.12391745086381592,
      0.11331090322803151,
      0.130034513153503,
      0.11478338178900814,
      0.10444401371294867,
      0.10268519647067294,
      0.10050741683954074,
      0.12106660909004342,
      0.10090267880194086,
      0.11294078487006248,
      0.10109997566760368,
      0.11030649453956791,
      0.11815814870583007,
      0.09854031445151164,
      0.10880009298724312,
      0.09887361695408509,
      0.10292218701481332,
      0.10389550575505108,
      0.10181282333345999,
      0.10992179233129701,
      0.11968025580440182,
      0.11540458397429885,
      0.08901355881121538,
      0.08659294157949333,
      0.10573587749906671
   ]
}