{
   "0.95": [
      0.8666666666666667,
      0.8916666666666667,
      0.923728813559322,
      0.9661016949152542,
      0.847457627118644,
      0.9322033898305084,
      0.864406779661017,
      0.8559322033898306,
      0.8389830508474576,
      0.8728813559322034,
      0.9067796610169492,
      0.8728813559322034,
      0.8305084745762712,
      0.8389830508474576,
      0.8739495798319328,
      0.8823529411764706,
      0.8739495798319328,
      0.8823529411764706,
      0.8739495798319328,
      0.8991596638655462,
      0.8487394957983193,
      0.8151260504201681,
      0.9,
      0.8823529411764706,
      0.8487394957983193,
      0.8983050847457628,
      0.8813559322033898,
      0.864406779661017,
      0.9152542372881356,
      0.9166666666666666,
      0.8760330578512396,
      0.9338842975206612,
      0.875,
      0.9008264462809917,
      0.8842975206611571,
      0.8842975206611571,
      0.8677685950413223,
      0.8099173553719008,
      0.8099173553719008,
      0.8934426229508197,
      0.8688524590163934,
      0.8442622950819673,
      0.8455284552845529,
      0.9186991869918699,
      0.8306451612903226,
      0.8780487804878049,
      0.8943089430894309,
      0.7540983606557377
   ],
   "0.9": [
      0.6666666666666666,
      0.775,
      0.7542372881355932,
      0.8813559322033898,
      0.7966101694915254,
      0.847457627118644,
      0.7542372881355932,
      0.8220338983050848,
      0.7542372881355932,
      0.7796610169491526,
      0.8135593220338984,
      0.788135593220339,
      0.788135593220339,
      0.7542372881355932,
      0.8067226890756303,
      0.7563025210084033,
      0.8487394957983193,
      0.773109243697479,
      0.7815126050420168,
      0.7815126050420168,
      0.7310924369747899,
      0.7394957983193278,
      0.7416666666666667,
      0.8487394957983193,
      0.7563025210084033,
      0.7796610169491526,
      0.7966101694915254,
      0.7542372881355932,
      0.7796610169491526,
      0.8416666666666667,
      0.8016528925619835,
      0.8842975206611571,
      0.8416666666666667,
      0.6942148760330579,
      0.7520661157024794,
      0.7272727272727273,
      0.7355371900826446,
      0.71900826446281,
      0.71900826446281,
      0.7459016393442623,
      0.7622950819672131,
      0.7786885245901639,
      0.7317073170731707,
      0.7804878048780488,
      0.7258064516129032,
      0.7317073170731707,
      0.7804878048780488,
      0.639344262295082
   ],
   "0.75": [
      0.44166666666666665,
      0.4,
      0.4322033898305085,
      0.5169491525423728,
      0.5677966101694916,
      0.5084745762711864,
      0.4830508474576271,
      0.4830508474576271,
      0.4322033898305085,
      0.4915254237288136,
      0.5338983050847458,
      0.423728813559322,
      0.4152542372881356,
      0.4915254237288136,
      0.48739495798319327,
      0.5714285714285714,
      0.5462184873949579,
      0.42857142857142855,
      0.5378151260504201,
      0.5882352941176471,
      0.48739495798319327,
      0.5042016806722689,
      0.4583333333333333,
      0.5126050420168067,
      0.4117647058823529,
      0.4915254237288136,
      0.5,
      0.4661016949152542,
      0.4745762711864407,
      0.6083333333333333,
      0.6115702479338843,
      0.5867768595041323,
      0.475,
      0.5371900826446281,
      0.39669421487603307,
      0.4628099173553719,
      0.49586776859504134,
      0.4380165289256198,
      0.47107438016528924,
      0.45901639344262296,
      0.4180327868852459,
      0.38524590163934425,
      0.3821138211382114,
      0.4796747967479675,
      0.4838709677419355,
      0.34959349593495936,
      0.45528455284552843,
      0.4180327868852459
   ]
}