{
   "0.95": [
      0.6472895245743611,
      0.6555887541884561,
      0.7298145229317337,
      0.7486305811109228,
      0.7146417952098496,
      0.7259888745360253,
      0.7214401482215304,
      0.7400335001326568,
      0.7261650996343805,
      0.748440197024688,
      0.7564234709596857,
      0.7419216593266131,
      0.7251410052081776,
      0.6855855272412316,
      0.6504502839857971,
      0.6280178383357917,
      0.5975098464952581,
      0.6050439765333577,
      0.592001406959333,
      0.6206173106538428,
      0.6588870102527146,
      0.7158577972609378,
      0.7666923758900752,
      0.7590220145738725,
      0.8062222280014778,
      0.8347619515424507,
      0.8007794679886117,
      0.711912998934256,
      0.6956828201327838,
      0.7689465732626397,
      0.7779530805254836,
      0.6802398098960144,
      0.6438561198483854,
      0.6234852594677291,
      0.6193496632156251,
      0.6458403970845598,
      0.6833704475460527,
      0.7298752435773834,
      0.7292885512898589,
      0.7513830287476196,
      0.7470665868588274,
      0.7328801093106825,
      0.7501314376088276,
      0.7291575332769415,
      0.6587778615420926,
      0.6555011957577611,
      0.6554863372453295,
      0.6552476872936049
   ],
   "0.9": [
      0.4972512495995583,
      0.5096711754916454,
      0.5677348682265788,
      0.5846443705641973,
      0.5700595254155024,
      0.5668450036368274,
      0.5698402650954459,
      0.5791982920547024,
      0.5632942075355919,
      0.5772424828160592,
      0.6127453938817969,
      0.592046151336884,
      0.5842293255297657,
      0.5450995573345688,
      0.514603446338859,
      0.4974836981579162,
      0.47699804829740944,
      0.485895034076388,
      0.48340047297533,
      0.5064361060985735,
      0.5186194528829279,
      0.5372092943764989,
      0.6039652977328155,
      0.6027287847470059,
      0.634668288321377,
      0.610376239185473,
      0.6301448374403061,
      0.5420148710035798,
      0.5456352166674582,
      0.5921066513672241,
      0.5858809290925224,
      0.5256752124023966,
      0.5098263080655192,
      0.5093809340689984,
      0.5035925523939849,
      0.5168802773687923,
      0.5487474616732064,
      0.5838847916744686,
      0.5975871132444058,
      0.6200152219063234,
      0.6145828677557454,
      0.5946153983303903,
      0.6156041221221759,
      0.5961042513777544,
      0.5351149308420721,
      0.5294859945946836,
      0.5236047420222645,
      0.5243974273945565
   ],
   "0.75": [
      0.20851750755903514,
      0.23245828022897538,
      0.260763594283349,
      0.27200879568170333,
      0.26796910795570567,
      0.26157624944762325,
      0.27066514304171396,
      0.29131146366789595,
      0.2674251476107772,
      0.2721253394907521,
      0.28674748704939385,
      0.29146098968228595,
      0.30038496877845344,
      0.2671572814478113,
      0.24949090796292528,
      0.24967598318445677,
      0.2565072212611691,
      0.2757043847964578,
      0.28762599097667196,
      0.29649166510529334,
      0.2900496891764257,
      0.2971721213570017,
      0.3125798650421306,
      0.32321943635401396,
      0.3128491908427544,
      0.31314181064810315,
      0.33253423486984846,
      0.2837520060716677,
      0.2874360778317744,
      0.3363397594503285,
      0.33542686259372295,
      0.3096284703684255,
      0.2958072943188828,
      0.2818927819264664,
      0.2869987854876335,
      0.2763207048876635,
      0.26149422238571074,
      0.30208445237624276,
      0.30874888206477474,
      0.320622062029099,
      0.31450921640791074,
      0.29014966799876424,
      0.306086656929384,
      0.30671539039352974,
      0.26468575593121796,
      0.26753098727342123,
      0.26593579937735146,
      0.24991104309341755
   ]
}