{
  "0.95": 0.5758260869565217,
  "0.9": 0.49826086956521737,
  "0.75": 0.30521739130434783
}