{
  "0.95": 0.9587826086956521,
  "0.9": 0.9339130434782609,
  "0.75": 0.6403478260869565
}