{
  "0.95": 0.9622608695652174,
  "0.9": 0.9504347826086956,
  "0.75": 0.7572173913043478
}