{
   "0.95": [
      0.1951364184115933,
      0.12635340697500116,
      0.5904352377538569,
      0.9273202258744494,
      1.065605855519942,
      1.282526508195954,
      1.435716447595987,
      1.3461966756734627,
      1.023130658570185,
      0.8844203916747175,
      0.908527252744549,
      0.8559177287720467,
      0.7990200710913403,
      0.7661999262549266,
      0.8607088564298804,
      0.7954405132910208,
      0.7712187202167687,
      0.7983599132618354,
      0.794497551311697,
      0.7498221547628056,
      0.7293860209937006,
      0.7526847188276772,
      0.7668094047615246,
      0.7232418880525936,
      0.7423058536385084,
      0.7642453136606464,
      0.7549608283654586,
      0.7610443665879303,
      0.7695832617152409,
      0.7588482968835228,
      0.723740324807173,
      0.6884871691662354,
      0.6643120458383136,
      0.60145236559134,
      0.5996397301217103,
      0.6223805484116923,
      0.6450471060584287,
      0.5504459415786371,
      0.4955083195580164,
      0.06650505386300329,
      0.039671102912951915,
      0.034488566025773895,
      0.03018856571239328,
      0.03171770510665224,
      0.039749877541301167,
      0.06506513832994919,
      0.06913004298850685,
      0.08295753451101648
   ],
   "0.9": [
      0.13299370350152606,
      0.08226342074312301,
      0.38264312426747094,
      0.6002371424654244,
      0.7329572795808161,
      0.8552284406611519,
      1.0765882624236132,
      0.9976231416172461,
      0.7326070716278192,
      0.6338622991130236,
      0.6033391019778799,
      0.5584528332830981,
      0.5532979392345722,
      0.5934287871454552,
      0.6510837978400045,
      0.6103697863495642,
      0.6337182653920063,
      0.6558373681501609,
      0.6734389299413819,
      0.6284608816580658,
      0.6103269071555053,
      0.626187140614438,
      0.6318565676360856,
      0.5877456578219172,
      0.6073013172884547,
      0.589909313079103,
      0.5949170011172628,
      0.5180957470536048,
      0.5002831000122692,
      0.589705031812219,
      0.544938939534999,
      0.5465283722222684,
      0.5084459369723188,
      0.4514067046126804,
      0.4357932274756049,
      0.43384895158904424,
      0.4128266748853188,
      0.34966052926322594,
      0.2986781379903211,
      0.03813535297500793,
      0.02674332925989251,
      0.024847519503699154,
      0.022865613252833993,
      0.024620755677316707,
      0.029787371826155283,
      0.04866442219171258,
      0.050275402502265934,
      0.057681450162950273
   ],
   "0.75": [
      0.06305735941882704,
      0.041700769439850835,
      0.20167807866041512,
      0.30941307775359467,
      0.32480153760865826,
      0.38640897261450236,
      0.47220180445059334,
      0.45493385268624825,
      0.36731702385766346,
      0.30777860718363054,
      0.2848226551895245,
      0.24091013370877898,
      0.23235282845316557,
      0.25330660010779343,
      0.26854820846649324,
      0.2726690944565652,
      0.3414669473868759,
      0.38807236417736385,
      0.41396364273465,
      0.3702162793152111,
      0.35795368099292746,
      0.3627603004555355,
      0.36709681676571826,
      0.34840410908323255,
      0.3543061781895257,
      0.3263530964179493,
      0.3590203989032817,
      0.31530969537323716,
      0.2903481450617939,
      0.3324190598044169,
      0.32693052354164803,
      0.25446721354905677,
      0.2405548598857836,
      0.21398011323231106,
      0.16562427538324578,
      0.17118411881897613,
      0.09379249224679684,
      0.10699543044787223,
      0.11764520497303875,
      0.016059220750614903,
      0.012469244560179067,
      0.011853439876907583,
      0.011234371499155316,
      0.01306892134619946,
      0.016076202665713434,
      0.0265599340197028,
      0.026622329356725878,
      0.029844014368392537
   ]
}