{
  "0.95": 0.9577391304347826,
  "0.9": 0.9311304347826087,
  "0.75": 0.6657391304347826
}