{
   "0.95": [
      0.6458768267086165,
      0.6552123329795342,
      0.7305497413462492,
      0.7472422015566372,
      0.7135863145595952,
      0.7213834220502507,
      0.7210574146771036,
      0.7392387794371471,
      0.7234359877406764,
      0.7459611583312079,
      0.7516697299278929,
      0.7386686860517916,
      0.7266149549060645,
      0.728100407659414,
      0.7139441200690007,
      0.7529119703430724,
      0.7579539437519949,
      0.7435700622940471,
      0.7281650388584089,
      0.7487183649946466,
      0.7461870085045934,
      0.7781038566978603,
      0.785359035335638,
      0.7971874905443461,
      0.8063681043880775,
      0.796873577648539,
      0.7724168940242386,
      0.7408210043477593,
      0.7245955033761696,
      0.7240412183146168,
      0.7250269204448491,
      0.7195941937694906,
      0.7209350074324026,
      0.7218865471787766,
      0.703642183316996,
      0.7010462868567539,
      0.7125199651503096,
      0.7234852318900211,
      0.7251773421557598,
      0.7483199586169474,
      0.7460068603265719,
      0.7325694668096937,
      0.7794616809485955,
      0.7881523999868638,
      0.7638582364375801,
      0.7662241364169101,
      0.7906349226617858,
      0.7811167592988211
   ],
   "0.9": [
      0.4957706727546003,
      0.5095740947292685,
      0.5695180269354256,
      0.5832419097119289,
      0.5695463831043971,
      0.5630024066550371,
      0.5696160426582326,
      0.5797874255540614,
      0.5614427833195755,
      0.5745779713559658,
      0.6098084334209982,
      0.5934387810570342,
      0.5874327742882978,
      0.5822701971109682,
      0.5702668602565688,
      0.6010498132715537,
      0.5944466536322628,
      0.5929214658148991,
      0.5855850301606933,
      0.6092891332815911,
      0.6014232757537791,
      0.6458611100090844,
      0.6559463238445477,
      0.667949409275927,
      0.6788757715748723,
      0.6689701129119026,
      0.6440388596202188,
      0.6173949690945979,
      0.6028528824309798,
      0.6016713832600528,
      0.6021491022449997,
      0.586684569255089,
      0.5864295002491765,
      0.585534682049678,
      0.5748376280870056,
      0.567844091598027,
      0.5752088271922218,
      0.5858755013296493,
      0.5940751406022825,
      0.6199332556790389,
      0.6161872893879433,
      0.5942333334160861,
      0.6402192232754897,
      0.6450031778723906,
      0.6209481240048581,
      0.6197109343664158,
      0.6320446106303013,
      0.625417221868507
   ],
   "0.75": [
      0.20954314574377825,
      0.23353992760330167,
      0.26360467955705913,
      0.2724675326170313,
      0.2665561971439223,
      0.26030718356280325,
      0.2717167864680068,
      0.2916417540228083,
      0.26670904644841437,
      0.2682091725595628,
      0.28157775508356897,
      0.28624003210281385,
      0.29743809039472174,
      0.2858104783490407,
      0.25938111962681565,
      0.2624247457349112,
      0.27159839320288226,
      0.28281927236772003,
      0.31638072032420866,
      0.33299316396780326,
      0.3389587645616956,
      0.3834810709176208,
      0.4003191005094446,
      0.41536048763559097,
      0.4163851892884696,
      0.41694936289172024,
      0.3909735268336594,
      0.3578203131770991,
      0.36311700566673294,
      0.35951838368710237,
      0.3479889042391265,
      0.29993508151215337,
      0.31385545927789493,
      0.27162717789158514,
      0.3050655294744828,
      0.28244057273154255,
      0.2655192141173149,
      0.2949896119107119,
      0.30826101682870805,
      0.31893331418119447,
      0.3133543175554761,
      0.29034969984361936,
      0.31864146877027894,
      0.33141412619776484,
      0.30693900858630424,
      0.3123833504157839,
      0.319817996754028,
      0.2966744465292076
   ]
}