{
   "0.95": [
      0.0,
      0.0,
      0.0,
      0.0,
      0.0,
      0.0,
      0.0,
      0.0,
      0.00847457627118644,
      0.059322033898305086,
      0.7542372881355932,
      0.940677966101695,
      0.9661016949152542,
      0.9830508474576272,
      0.9747899159663865,
      0.9747899159663865,
      0.957983193277311,
      0.9411764705882353,
      0.9327731092436975,
      0.9495798319327731,
      0.957983193277311,
      0.9411764705882353,
      0.9416666666666667,
      0.9495798319327731,
      0.9243697478991597,
      0.8983050847457628,
      0.8983050847457628,
      0.9152542372881356,
      0.9067796610169492,
      0.9,
      0.8512396694214877,
      0.8677685950413223,
      0.8666666666666667,
      0.8429752066115702,
      0.8512396694214877,
      0.8842975206611571,
      0.8842975206611571,
      0.8677685950413223,
      0.7520661157024794,
      0.7540983606557377,
      0.5819672131147541,
      0.03278688524590164,
      0.0,
      0.0,
      0.0,
      0.0,
      0.0,
      0.0
   ],
   "0.9": [
      0.0,
      0.0,
      0.0,
      0.0,
      0.0,
      0.0,
      0.0,
      0.0,
      0.0,
      0.03389830508474576,
      0.06779661016949153,
      0.6610169491525424,
      0.8220338983050848,
      0.9322033898305084,
      0.957983193277311,
      0.957983193277311,
      0.9495798319327731,
      0.907563025210084,
      0.9159663865546218,
      0.9243697478991597,
      0.9243697478991597,
      0.8991596638655462,
      0.9166666666666666,
      0.8991596638655462,
      0.8235294117647058,
      0.7711864406779662,
      0.8135593220338984,
      0.8050847457627118,
      0.7966101694915254,
      0.8166666666666667,
      0.8099173553719008,
      0.8264462809917356,
      0.8,
      0.768595041322314,
      0.7107438016528925,
      0.768595041322314,
      0.8181818181818182,
      0.743801652892562,
      0.5537190082644629,
      0.4918032786885246,
      0.06557377049180328,
      0.03278688524590164,
      0.0,
      0.0,
      0.0,
      0.0,
      0.0,
      0.0
   ],
   "0.75": [
      0.0,
      0.0,
      0.0,
      0.0,
      0.0,
      0.0,
      0.0,
      0.0,
      0.0,
      0.025423728813559324,
      0.05084745762711865,
      0.059322033898305086,
      0.11864406779661017,
      0.11864406779661017,
      0.20168067226890757,
      0.6050420168067226,
      0.8235294117647058,
      0.7310924369747899,
      0.7815126050420168,
      0.773109243697479,
      0.7142857142857143,
      0.7058823529411765,
      0.6666666666666666,
      0.6974789915966386,
      0.6218487394957983,
      0.576271186440678,
      0.5847457627118644,
      0.6016949152542372,
      0.6016949152542372,
      0.6333333333333333,
      0.6528925619834711,
      0.6528925619834711,
      0.5916666666666667,
      0.5867768595041323,
      0.5206611570247934,
      0.5537190082644629,
      0.2644628099173554,
      0.06611570247933884,
      0.03305785123966942,
      0.03278688524590164,
      0.02459016393442623,
      0.02459016393442623,
      0.0,
      0.0,
      0.0,
      0.0,
      0.0,
      0.0
   ]
}