{
   "0.95": [
      0.671022322957561,
      0.6634806487897682,
      0.7192328181704185,
      0.7468698209000801,
      0.6945229917310699,
      0.71773898765176,
      0.7166211663710952,
      0.7174055890483221,
      0.7136637408147654,
      0.7447462139118128,
      0.7559410493145272,
      0.7436034017188733,
      0.7371996691943433,
      0.7350084005098808,
      0.7154030059120942,
      0.6863709730966565,
      0.636620510309307,
      0.6808320499242887,
      0.6507300526403553,
      0.6703445204251616,
      0.6782819134620117,
      0.6866383261118253,
      0.6900602150026806,
      0.6665562746231635,
      0.7076843244588455,
      0.8338576079377085,
      0.7877676410092337,
      0.7105145499892573,
      0.7787099538235663,
      0.8236338041967263,
      0.8331022096054951,
      0.7206723555709018,
      0.686250237288093,
      0.6738009941496466,
      0.6657513224896123,
      0.72774118063709,
      0.7541689187080418,
      0.7494677226474596,
      0.7372441151718232,
      0.7586648994725343,
      0.7547790470588911,
      0.7482318842301726,
      0.7989230022610804,
      0.8200595693524294,
      0.8037100437687658,
      0.8212210591869834,
      0.8604814007614755,
      0.8722387465690169
   ],
   "0.9": [
      0.5237785737850981,
      0.5256714221129797,
      0.5789145944947981,
      0.5911941853058611,
      0.5683049621171751,
      0.561165212692387,
      0.5704795715257021,
      0.5738011348987541,
      0.5570179462092806,
      0.5753730625300657,
      0.6151851895582825,
      0.6034401343946136,
      0.5883846151743382,
      0.5865283119118532,
      0.5754633595562592,
      0.5543616126339685,
      0.5222959811813048,
      0.559299528086077,
      0.5417485719896846,
      0.5515546273437111,
      0.5378355950994783,
      0.5299692270053468,
      0.5523008103320732,
      0.5391270459426283,
      0.5657600633799944,
      0.6183771585144674,
      0.632233700698084,
      0.5558824080745314,
      0.6135379269044121,
      0.6409773200669934,
      0.6281436062291087,
      0.5660919743650877,
      0.5422493470270231,
      0.5402553683800653,
      0.5456802278852241,
      0.5780836786841307,
      0.6048662584927006,
      0.597575724130563,
      0.6020999799924228,
      0.6215359453557852,
      0.615358275096419,
      0.6020473490159771,
      0.6502919163158294,
      0.662159620878694,
      0.6492371553211119,
      0.660489893978169,
      0.6922720453472447,
      0.7059604835065284
   ],
   "0.75": [
      0.23920369075665984,
      0.25146018586666546,
      0.2636922509468064,
      0.28681243130362255,
      0.2741591959930372,
      0.2702784637804319,
      0.29066159594492236,
      0.3048350752177835,
      0.28135433422837797,
      0.28745835945086884,
      0.30339355428002956,
      0.3128434303305651,
      0.31931266445582834,
      0.30439851455587424,
      0.29488502818062406,
      0.30014457561418184,
      0.3057294376330524,
      0.32880045517878104,
      0.3241006466953006,
      0.32500414870269273,
      0.3080343730389952,
      0.3002014831446313,
      0.2850475408389718,
      0.2899107357577928,
      0.27740861566730374,
      0.32063979738662873,
      0.3228702941940082,
      0.28472175425627344,
      0.3215124421060958,
      0.3610890611493792,
      0.36080601357032865,
      0.3362467635481803,
      0.32321903147614833,
      0.302507862639661,
      0.30814231887114807,
      0.3116776182573683,
      0.28380346848039395,
      0.3113521159747686,
      0.30949738670736443,
      0.32356768305334566,
      0.3151435861640078,
      0.2933642399178928,
      0.32082078461582914,
      0.33617074218607085,
      0.31841067191212696,
      0.3355100908163556,
      0.35018203858323244,
      0.32934383191746053
   ]
}