{
   "0.95": [
      0.9833333333333333,
      0.9833333333333333,
      0.9745762711864406,
      0.9915254237288136,
      0.9915254237288136,
      0.9915254237288136,
      0.9915254237288136,
      0.9830508474576272,
      0.9745762711864406,
      0.9830508474576272,
      0.9830508474576272,
      0.9661016949152542,
      0.9661016949152542,
      0.9661016949152542,
      0.9495798319327731,
      0.9747899159663865,
      0.9831932773109243,
      0.9831932773109243,
      0.9831932773109243,
      0.9831932773109243,
      0.9747899159663865,
      0.9831932773109243,
      0.9666666666666667,
      0.9663865546218487,
      0.9747899159663865,
      0.9576271186440678,
      0.9661016949152542,
      0.9745762711864406,
      0.9661016949152542,
      0.9416666666666667,
      0.9504132231404959,
      0.9504132231404959,
      0.95,
      0.9338842975206612,
      0.9421487603305785,
      0.9338842975206612,
      0.9421487603305785,
      0.9504132231404959,
      0.9338842975206612,
      0.9426229508196722,
      0.9426229508196722,
      0.9426229508196722,
      0.943089430894309,
      0.943089430894309,
      0.9274193548387096,
      0.9349593495934959,
      0.943089430894309,
      0.9344262295081968
   ],
   "0.9": [
      0.9666666666666667,
      0.9333333333333333,
      0.9576271186440678,
      0.9915254237288136,
      0.9745762711864406,
      0.9830508474576272,
      0.9830508474576272,
      0.9661016949152542,
      0.9745762711864406,
      0.9830508474576272,
      0.9661016949152542,
      0.9661016949152542,
      0.940677966101695,
      0.9576271186440678,
      0.9327731092436975,
      0.957983193277311,
      0.957983193277311,
      0.9747899159663865,
      0.957983193277311,
      0.957983193277311,
      0.9411764705882353,
      0.9747899159663865,
      0.9666666666666667,
      0.9663865546218487,
      0.9411764705882353,
      0.9576271186440678,
      0.9576271186440678,
      0.9576271186440678,
      0.9491525423728814,
      0.9416666666666667,
      0.9504132231404959,
      0.9421487603305785,
      0.9166666666666666,
      0.9008264462809917,
      0.9256198347107438,
      0.9338842975206612,
      0.9338842975206612,
      0.9504132231404959,
      0.9256198347107438,
      0.9426229508196722,
      0.9344262295081968,
      0.9262295081967213,
      0.943089430894309,
      0.943089430894309,
      0.9274193548387096,
      0.9349593495934959,
      0.943089430894309,
      0.9180327868852459
   ],
   "0.75": [
      0.475,
      0.5916666666666667,
      0.6864406779661016,
      0.711864406779661,
      0.7627118644067796,
      0.6440677966101694,
      0.6864406779661016,
      0.7542372881355932,
      0.635593220338983,
      0.635593220338983,
      0.7033898305084746,
      0.711864406779661,
      0.7796610169491526,
      0.6949152542372882,
      0.6050420168067226,
      0.6134453781512605,
      0.5966386554621849,
      0.7478991596638656,
      0.8067226890756303,
      0.8487394957983193,
      0.8571428571428571,
      0.8907563025210085,
      0.925,
      0.8823529411764706,
      0.8907563025210085,
      0.9067796610169492,
      0.8898305084745762,
      0.8983050847457628,
      0.8813559322033898,
      0.9,
      0.8677685950413223,
      0.8347107438016529,
      0.8416666666666667,
      0.7024793388429752,
      0.7520661157024794,
      0.6942148760330579,
      0.6776859504132231,
      0.71900826446281,
      0.7933884297520661,
      0.8114754098360656,
      0.8114754098360656,
      0.7377049180327869,
      0.7967479674796748,
      0.8048780487804879,
      0.6693548387096774,
      0.7154471544715447,
      0.7642276422764228,
      0.7377049180327869
   ]
}