{
   "0.95": [
      0.9833333333333333,
      0.9833333333333333,
      0.9745762711864406,
      0.9915254237288136,
      0.9915254237288136,
      0.9915254237288136,
      0.9915254237288136,
      0.9830508474576272,
      0.9745762711864406,
      0.9830508474576272,
      0.9830508474576272,
      0.9745762711864406,
      0.9745762711864406,
      0.9745762711864406,
      0.957983193277311,
      0.9831932773109243,
      0.9747899159663865,
      0.9747899159663865,
      0.9831932773109243,
      0.9663865546218487,
      0.957983193277311,
      0.9831932773109243,
      0.9666666666666667,
      0.9663865546218487,
      0.9495798319327731,
      0.9491525423728814,
      0.9491525423728814,
      0.9576271186440678,
      0.940677966101695,
      0.9333333333333333,
      0.9338842975206612,
      0.9256198347107438,
      0.925,
      0.9256198347107438,
      0.9421487603305785,
      0.9421487603305785,
      0.9421487603305785,
      0.9504132231404959,
      0.9421487603305785,
      0.9344262295081968,
      0.9344262295081968,
      0.9344262295081968,
      0.9349593495934959,
      0.9349593495934959,
      0.9274193548387096,
      0.9349593495934959,
      0.9349593495934959,
      0.9344262295081968
   ],
   "0.9": [
      0.9666666666666667,
      0.925,
      0.9576271186440678,
      0.9915254237288136,
      0.9745762711864406,
      0.9830508474576272,
      0.9830508474576272,
      0.9576271186440678,
      0.9745762711864406,
      0.9745762711864406,
      0.9661016949152542,
      0.9491525423728814,
      0.9322033898305084,
      0.923728813559322,
      0.9159663865546218,
      0.9327731092436975,
      0.907563025210084,
      0.9327731092436975,
      0.9411764705882353,
      0.9243697478991597,
      0.8823529411764706,
      0.9243697478991597,
      0.9583333333333334,
      0.957983193277311,
      0.9327731092436975,
      0.8728813559322034,
      0.9067796610169492,
      0.9152542372881356,
      0.923728813559322,
      0.9166666666666666,
      0.8925619834710744,
      0.9090909090909091,
      0.8916666666666667,
      0.8925619834710744,
      0.9008264462809917,
      0.9256198347107438,
      0.9338842975206612,
      0.9504132231404959,
      0.9090909090909091,
      0.9344262295081968,
      0.9262295081967213,
      0.9180327868852459,
      0.9349593495934959,
      0.9349593495934959,
      0.9032258064516129,
      0.9105691056910569,
      0.926829268292683,
      0.9016393442622951
   ],
   "0.75": [
      0.375,
      0.5416666666666666,
      0.6271186440677966,
      0.6949152542372882,
      0.7457627118644068,
      0.6271186440677966,
      0.652542372881356,
      0.7457627118644068,
      0.5932203389830508,
      0.5932203389830508,
      0.6610169491525424,
      0.635593220338983,
      0.6440677966101694,
      0.4491525423728814,
      0.46218487394957986,
      0.5294117647058824,
      0.6050420168067226,
      0.7310924369747899,
      0.7563025210084033,
      0.7563025210084033,
      0.7058823529411765,
      0.6890756302521008,
      0.6666666666666666,
      0.6554621848739496,
      0.5882352941176471,
      0.6271186440677966,
      0.5932203389830508,
      0.5847457627118644,
      0.6016949152542372,
      0.6833333333333333,
      0.7355371900826446,
      0.7520661157024794,
      0.7,
      0.7355371900826446,
      0.7355371900826446,
      0.6942148760330579,
      0.6528925619834711,
      0.6859504132231405,
      0.7851239669421488,
      0.7868852459016393,
      0.8032786885245902,
      0.7295081967213115,
      0.7967479674796748,
      0.7723577235772358,
      0.6612903225806451,
      0.6910569105691057,
      0.7235772357723578,
      0.6639344262295082
   ]
}