{
   "0.95": [
      0.9833333333333333,
      0.9833333333333333,
      0.9745762711864406,
      0.9915254237288136,
      0.9745762711864406,
      0.9915254237288136,
      0.9745762711864406,
      0.9830508474576272,
      0.9745762711864406,
      0.9915254237288136,
      0.9830508474576272,
      0.9745762711864406,
      0.9745762711864406,
      0.9745762711864406,
      0.9495798319327731,
      0.9831932773109243,
      0.9831932773109243,
      0.9831932773109243,
      0.9747899159663865,
      0.9663865546218487,
      0.9663865546218487,
      0.9831932773109243,
      0.9666666666666667,
      0.9663865546218487,
      0.957983193277311,
      0.9491525423728814,
      0.9576271186440678,
      0.9576271186440678,
      0.9576271186440678,
      0.95,
      0.9504132231404959,
      0.9504132231404959,
      0.9416666666666667,
      0.9256198347107438,
      0.9338842975206612,
      0.9504132231404959,
      0.9421487603305785,
      0.9421487603305785,
      0.9421487603305785,
      0.9344262295081968,
      0.9344262295081968,
      0.9262295081967213,
      0.926829268292683,
      0.926829268292683,
      0.9274193548387096,
      0.9349593495934959,
      0.943089430894309,
      0.9180327868852459
   ],
   "0.9": [
      0.9666666666666667,
      0.9416666666666667,
      0.9491525423728814,
      0.9745762711864406,
      0.940677966101695,
      0.9576271186440678,
      0.9661016949152542,
      0.9491525423728814,
      0.9576271186440678,
      0.9745762711864406,
      0.9661016949152542,
      0.9576271186440678,
      0.940677966101695,
      0.923728813559322,
      0.9411764705882353,
      0.9747899159663865,
      0.957983193277311,
      0.957983193277311,
      0.9663865546218487,
      0.9495798319327731,
      0.9243697478991597,
      0.957983193277311,
      0.9666666666666667,
      0.957983193277311,
      0.907563025210084,
      0.9067796610169492,
      0.9576271186440678,
      0.9576271186440678,
      0.9067796610169492,
      0.9083333333333333,
      0.9421487603305785,
      0.9256198347107438,
      0.8833333333333333,
      0.8925619834710744,
      0.9008264462809917,
      0.8925619834710744,
      0.9090909090909091,
      0.9090909090909091,
      0.9256198347107438,
      0.9262295081967213,
      0.9180327868852459,
      0.9180327868852459,
      0.926829268292683,
      0.926829268292683,
      0.9112903225806451,
      0.8780487804878049,
      0.9024390243902439,
      0.8852459016393442
   ],
   "0.75": [
      0.4,
      0.4083333333333333,
      0.4067796610169492,
      0.4915254237288136,
      0.5084745762711864,
      0.4406779661016949,
      0.6016949152542372,
      0.6694915254237288,
      0.5254237288135594,
      0.5423728813559322,
      0.6186440677966102,
      0.6101694915254238,
      0.5932203389830508,
      0.4491525423728814,
      0.46218487394957986,
      0.5882352941176471,
      0.7142857142857143,
      0.7478991596638656,
      0.8067226890756303,
      0.8151260504201681,
      0.7310924369747899,
      0.7142857142857143,
      0.7333333333333333,
      0.7563025210084033,
      0.680672268907563,
      0.7203389830508474,
      0.6949152542372882,
      0.6779661016949152,
      0.7372881355932204,
      0.7666666666666667,
      0.8016528925619835,
      0.7768595041322314,
      0.7583333333333333,
      0.6611570247933884,
      0.6859504132231405,
      0.6528925619834711,
      0.512396694214876,
      0.5619834710743802,
      0.6528925619834711,
      0.7704918032786885,
      0.7049180327868853,
      0.5983606557377049,
      0.7235772357723578,
      0.7317073170731707,
      0.6048387096774194,
      0.6422764227642277,
      0.6991869918699187,
      0.5655737704918032
   ]
}