{
   "0.95": [
      0.989247311827957,
      0.978494623655914,
      0.989247311827957,
      0.967741935483871,
      0.967741935483871,
      0.946236559139785,
      0.956989247311828,
      0.956989247311828,
      0.978494623655914,
      0.989247311827957,
      0.978494623655914,
      0.978494623655914,
      0.978494623655914,
      0.989247311827957,
      0.967741935483871,
      0.978494623655914,
      0.9680851063829787,
      0.9578947368421052,
      0.9468085106382979,
      0.925531914893617,
      0.8936170212765957,
      0.9239130434782609,
      0.9347826086956522,
      0.9032258064516129,
      0.9354838709677419,
      0.9361702127659575,
      0.925531914893617,
      0.9139784946236559,
      0.925531914893617,
      0.956989247311828,
      0.9247311827956989,
      0.8924731182795699,
      0.925531914893617,
      0.9574468085106383,
      0.925531914893617,
      0.9468085106382979,
      0.9468085106382979,
      0.9468085106382979,
      0.9468085106382979,
      0.9574468085106383,
      0.9468085106382979,
      0.9468085106382979,
      0.9574468085106383,
      0.9468085106382979,
      0.9680851063829787,
      0.9574468085106383,
      0.9361702127659575,
      0.9574468085106383
   ],
   "0.9": [
      0.946236559139785,
      0.956989247311828,
      0.946236559139785,
      0.8602150537634409,
      0.8817204301075269,
      0.8494623655913979,
      0.9032258064516129,
      0.9247311827956989,
      0.9354838709677419,
      0.946236559139785,
      0.946236559139785,
      0.9354838709677419,
      0.946236559139785,
      0.9247311827956989,
      0.9354838709677419,
      0.9139784946236559,
      0.925531914893617,
      0.9368421052631579,
      0.9042553191489362,
      0.8617021276595744,
      0.851063829787234,
      0.8478260869565217,
      0.8369565217391305,
      0.8387096774193549,
      0.8494623655913979,
      0.851063829787234,
      0.851063829787234,
      0.8602150537634409,
      0.8191489361702128,
      0.8172043010752689,
      0.8172043010752689,
      0.8064516129032258,
      0.8297872340425532,
      0.851063829787234,
      0.8617021276595744,
      0.8829787234042553,
      0.8936170212765957,
      0.8936170212765957,
      0.8936170212765957,
      0.8617021276595744,
      0.8829787234042553,
      0.8829787234042553,
      0.8936170212765957,
      0.9042553191489362,
      0.9148936170212766,
      0.925531914893617,
      0.9148936170212766,
      0.9148936170212766
   ],
   "0.75": [
      0.7634408602150538,
      0.7096774193548387,
      0.6989247311827957,
      0.6451612903225806,
      0.5806451612903226,
      0.5698924731182796,
      0.6451612903225806,
      0.6129032258064516,
      0.6666666666666666,
      0.6774193548387096,
      0.6344086021505376,
      0.6989247311827957,
      0.7096774193548387,
      0.6559139784946236,
      0.7526881720430108,
      0.6236559139784946,
      0.6914893617021277,
      0.6842105263157895,
      0.6382978723404256,
      0.5957446808510638,
      0.6170212765957447,
      0.6195652173913043,
      0.6521739130434783,
      0.5591397849462365,
      0.5913978494623656,
      0.574468085106383,
      0.5425531914893617,
      0.5161290322580645,
      0.5851063829787234,
      0.6344086021505376,
      0.6236559139784946,
      0.6344086021505376,
      0.6808510638297872,
      0.6276595744680851,
      0.6063829787234043,
      0.6808510638297872,
      0.648936170212766,
      0.7021276595744681,
      0.6702127659574468,
      0.574468085106383,
      0.648936170212766,
      0.6914893617021277,
      0.6702127659574468,
      0.6702127659574468,
      0.6914893617021277,
      0.7446808510638298,
      0.648936170212766,
      0.5957446808510638
   ]
}