{
   "0.95": [
      0.989247311827957,
      0.989247311827957,
      0.989247311827957,
      0.967741935483871,
      0.967741935483871,
      0.9247311827956989,
      0.956989247311828,
      0.967741935483871,
      0.978494623655914,
      0.989247311827957,
      0.978494623655914,
      0.978494623655914,
      0.967741935483871,
      0.956989247311828,
      0.956989247311828,
      0.9354838709677419,
      0.925531914893617,
      0.9578947368421052,
      0.9680851063829787,
      0.9148936170212766,
      0.925531914893617,
      0.9347826086956522,
      0.9239130434782609,
      0.9139784946236559,
      0.9247311827956989,
      0.9042553191489362,
      0.9361702127659575,
      0.9139784946236559,
      0.9148936170212766,
      0.8817204301075269,
      0.8817204301075269,
      0.9032258064516129,
      0.8936170212765957,
      0.8936170212765957,
      0.925531914893617,
      0.9042553191489362,
      0.8723404255319149,
      0.9148936170212766,
      0.925531914893617,
      0.9468085106382979,
      0.9468085106382979,
      0.9574468085106383,
      0.9680851063829787,
      0.9468085106382979,
      0.9680851063829787,
      0.9574468085106383,
      0.9361702127659575,
      0.9468085106382979
   ],
   "0.9": [
      0.956989247311828,
      0.956989247311828,
      0.946236559139785,
      0.8494623655913979,
      0.8602150537634409,
      0.8817204301075269,
      0.8924731182795699,
      0.9247311827956989,
      0.9247311827956989,
      0.9354838709677419,
      0.9139784946236559,
      0.9354838709677419,
      0.9354838709677419,
      0.9139784946236559,
      0.8924731182795699,
      0.8494623655913979,
      0.8936170212765957,
      0.8631578947368421,
      0.851063829787234,
      0.8404255319148937,
      0.8617021276595744,
      0.8586956521739131,
      0.8478260869565217,
      0.8709677419354839,
      0.8602150537634409,
      0.8297872340425532,
      0.8617021276595744,
      0.8817204301075269,
      0.851063829787234,
      0.8064516129032258,
      0.7634408602150538,
      0.8064516129032258,
      0.8085106382978723,
      0.8404255319148937,
      0.7872340425531915,
      0.8297872340425532,
      0.7553191489361702,
      0.8404255319148937,
      0.8191489361702128,
      0.851063829787234,
      0.8829787234042553,
      0.8829787234042553,
      0.8936170212765957,
      0.9148936170212766,
      0.9148936170212766,
      0.925531914893617,
      0.9042553191489362,
      0.9042553191489362
   ],
   "0.75": [
      0.6559139784946236,
      0.6451612903225806,
      0.6236559139784946,
      0.6451612903225806,
      0.5913978494623656,
      0.5913978494623656,
      0.6559139784946236,
      0.6451612903225806,
      0.6774193548387096,
      0.6774193548387096,
      0.6989247311827957,
      0.7096774193548387,
      0.6774193548387096,
      0.6881720430107527,
      0.6021505376344086,
      0.5268817204301075,
      0.6382978723404256,
      0.6631578947368421,
      0.6702127659574468,
      0.648936170212766,
      0.6063829787234043,
      0.5978260869565217,
      0.6304347826086957,
      0.5913978494623656,
      0.6236559139784946,
      0.6276595744680851,
      0.5212765957446809,
      0.5913978494623656,
      0.5106382978723404,
      0.4946236559139785,
      0.4838709677419355,
      0.4731182795698925,
      0.5531914893617021,
      0.5106382978723404,
      0.5,
      0.574468085106383,
      0.5,
      0.46808510638297873,
      0.46808510638297873,
      0.40425531914893614,
      0.44680851063829785,
      0.5957446808510638,
      0.574468085106383,
      0.5957446808510638,
      0.6702127659574468,
      0.723404255319149,
      0.6170212765957447,
      0.5319148936170213
   ]
}