{
  "0.95": 0.8794294628928014,
  "0.9": 0.7860485848005349,
  "0.75": 0.5344328058836639
}