{
   "0.95": [
      0.5604982710288353,
      0.606610756355742,
      0.6701528932772828,
      0.6172508919548793,
      0.589554715749304,
      0.5793357820607667,
      0.673814324506694,
      0.6896439129882497,
      0.6475820936890322,
      0.6568085078311151,
      0.6097389811509258,
      0.6454904171995111,
      0.6486854596231942,
      0.6306344807476068,
      0.6181758964940718,
      0.6304843195134252,
      0.6642244226604231,
      0.6154845793135414,
      0.6454927185971943,
      0.6269184402981532,
      0.6110467396964152,
      0.5898474244161279,
      0.6437836499472108,
      0.6099917582800548,
      0.6366292610760551,
      0.6368987709713557,
      0.6178320868524061,
      0.6194186113664152,
      0.6215949162401417,
      0.6027242419915368,
      0.6049287254364295,
      0.6185419774388158,
      0.6539108638574448,
      0.6585456424190943,
      0.647478860319427,
      0.6360159412964373,
      0.615716540284307,
      0.635417839983315,
      0.5905098670576973,
      0.5898971048365361,
      0.6058411728786298,
      0.6700074988623377,
      0.727296307483863,
      0.6939831614158473,
      0.7519771757004361,
      0.7811695426712253,
      0.7652800845662253,
      0.8395079462861162
   ],
   "0.9": [
      0.40100831325365016,
      0.42500870929171136,
      0.4721709407547945,
      0.4201775099472487,
      0.40230815200552245,
      0.39323517774724664,
      0.4503960654974671,
      0.4642546408314583,
      0.44071256144028104,
      0.44999926443655464,
      0.4157689073222469,
      0.4384280968918938,
      0.4357398424547968,
      0.4312105083053724,
      0.420130471477092,
      0.4347266978933355,
      0.46065024700684787,
      0.4210867704561937,
      0.4485135057471592,
      0.44187012689435423,
      0.42430065581822424,
      0.4083591267766031,
      0.45014032583404917,
      0.43571275910268925,
      0.45813492565232306,
      0.4601429542372592,
      0.4541576867348409,
      0.4577433461788405,
      0.4543176739499234,
      0.4349700699303751,
      0.4304071794842187,
      0.4458672942559811,
      0.4768808052640205,
      0.46518137709162644,
      0.44926874914807957,
      0.44324700398115896,
      0.4303695384187621,
      0.4361083900523864,
      0.4085525839797202,
      0.41103755815737136,
      0.4271568281950834,
      0.4665918719891766,
      0.5037779992756924,
      0.48392257183250015,
      0.5293979179258441,
      0.5545089037573024,
      0.5384782467856221,
      0.5943464539424145
   ],
   "0.75": [
      0.18431273977004797,
      0.1851058108521,
      0.2081723466896875,
      0.1772517825790371,
      0.17214436352351395,
      0.16407176610647817,
      0.17910954318753672,
      0.17731054226696635,
      0.17389557103346728,
      0.1865038636733441,
      0.17301987234777233,
      0.17434766268178284,
      0.17032735037822877,
      0.16314557040944414,
      0.1577360460332048,
      0.15929381276019838,
      0.1681971282380737,
      0.15493799608666542,
      0.16183900940529938,
      0.15758068501468006,
      0.16338716501644404,
      0.16087591575270097,
      0.18480415472226863,
      0.17566793883586976,
      0.1830325283184749,
      0.18124596959072367,
      0.17656618342197014,
      0.16964099167541669,
      0.1849528456011365,
      0.1751764371588089,
      0.17366777362715569,
      0.17754539324647398,
      0.19636899735599883,
      0.19389630671997002,
      0.18526522070968254,
      0.1895948443246507,
      0.18293720359828677,
      0.18741999854580443,
      0.18517918785046428,
      0.1710179709474604,
      0.18147677791137154,
      0.1999525291166023,
      0.21292576464985116,
      0.19941687376778588,
      0.21790746901630048,
      0.23973183888295113,
      0.23164470225225825,
      0.25945961489078834
   ]
}