{
  "0.95": 0.9445063516826387,
  "0.9": 0.8812123913527969,
  "0.75": 0.6249164252284377
}