{
   "0.95": [
      0.5457203349862075,
      0.5625205459662509,
      0.5286403715307008,
      0.560114451266833,
      0.5187550032535438,
      0.5001449991560244,
      0.5446918186682322,
      0.5624124826197114,
      0.5322779859451371,
      0.5028602963512142,
      0.5137974786676269,
      0.5599833720210095,
      0.5949969587372463,
      0.5503714032552457,
      0.6099827195511887,
      0.5587335210169032,
      0.6243445711560981,
      0.6876311620581206,
      0.6684996090192737,
      0.7027807582685766,
      0.7613185277552772,
      0.7643447701255363,
      0.7404806087873612,
      0.7308317594669965,
      0.6317772423445035,
      0.6240719807551933,
      0.5748877521267681,
      0.5630607284738749,
      0.6032352933287851,
      0.5565341191197246,
      0.5313056113890574,
      0.5602463272753554,
      0.6075037486109557,
      0.5949799355999522,
      0.4775885913000262,
      0.4554833511507297,
      0.47737494548158305,
      0.48136313410834664,
      0.5403418881307674,
      0.539778301980801,
      0.6081726113691595,
      0.6281447333592075,
      0.6935867269562368,
      0.7099368187619867,
      0.739056161798318,
      0.7302288184039257,
      0.6948134603695786,
      0.7282443050459039
   ],
   "0.9": [
      0.38940843686364535,
      0.3957877209752997,
      0.3746330013225627,
      0.4123890775492791,
      0.3709343113598559,
      0.3713338562651447,
      0.3907746105958517,
      0.405102365647606,
      0.3849751421671259,
      0.36635952477477046,
      0.36864971992801326,
      0.40152908046937236,
      0.420746601854021,
      0.39127570761962654,
      0.4402027791371421,
      0.41351512346087754,
      0.46915052955881703,
      0.5158896683891501,
      0.5199129172021131,
      0.5382594052629703,
      0.586280318980045,
      0.585699571753699,
      0.5709322230369057,
      0.5623817088378029,
      0.489493629710306,
      0.4780716012426814,
      0.4459432023984502,
      0.44189429166874494,
      0.4532714716890356,
      0.4196626039859566,
      0.39749842147094844,
      0.41967389049757636,
      0.44887077729757224,
      0.43806933646218005,
      0.34414709000394594,
      0.32658266698658006,
      0.34787456383760035,
      0.3477258256139364,
      0.3782040878248686,
      0.3665844009086171,
      0.42228269039701166,
      0.4243662338764923,
      0.46420634416690965,
      0.5033905311873323,
      0.5129027190086787,
      0.5186758877679559,
      0.49334133786203704,
      0.5198638394498801
   ],
   "0.75": [
      0.18863747250232166,
      0.18870763924396283,
      0.17733477978710566,
      0.20065673413751176,
      0.18039526549816648,
      0.18258998874942883,
      0.18718810724248452,
      0.19375227297945496,
      0.18467116787531015,
      0.1748127293854493,
      0.17521780525310962,
      0.18680722579640807,
      0.19121657225326155,
      0.1808308430976444,
      0.20621560332253974,
      0.20564678780788875,
      0.23408551415983767,
      0.26413864249000674,
      0.27746687334207726,
      0.2864302906083741,
      0.31198979126709353,
      0.297854893422126,
      0.2856239390414531,
      0.2837182230205612,
      0.25821441305575177,
      0.2453201499911842,
      0.22600702860174066,
      0.22890021692224793,
      0.22461376004829536,
      0.20481067083271257,
      0.19159458312791308,
      0.18245718699580352,
      0.189701810583823,
      0.19376006729310966,
      0.16083170648980233,
      0.1591161307228184,
      0.1660069536422252,
      0.15742207663971836,
      0.17904448773595233,
      0.16358567781964461,
      0.1895991057758409,
      0.17982905829038182,
      0.19252112277726677,
      0.21539160790829423,
      0.21637255755357102,
      0.21332690192772918,
      0.2061745162366289,
      0.22808634973298272
   ]
}