{
   "0.95": [
      0.5525079403893289,
      0.587714576115214,
      0.6586164699540327,
      0.6098915242406475,
      0.5787195993760149,
      0.5720566483046771,
      0.6650957793015374,
      0.6567408577942093,
      0.6092766070197175,
      0.5943859568608693,
      0.5603144335228398,
      0.6006142069421834,
      0.5914735808863445,
      0.561205038429527,
      0.5363415877580868,
      0.5289232988076346,
      0.5617904460478245,
      0.5665880985532985,
      0.6213516125514134,
      0.6404084928458718,
      0.6564773089634434,
      0.6359858739695665,
      0.6849758185416644,
      0.6720363117810136,
      0.611334122471802,
      0.6153185569352775,
      0.5978220478158973,
      0.5882956756758446,
      0.6291397468354115,
      0.5906136559644396,
      0.5495910396516792,
      0.5618426113895765,
      0.5832947225619035,
      0.5456787385892355,
      0.46965552784523723,
      0.44265784792197477,
      0.44290868226471314,
      0.4723488764578599,
      0.4915098512297095,
      0.5470847251803016,
      0.5909250312660993,
      0.6682205144659084,
      0.749348556576156,
      0.7128208637854516,
      0.782988343449482,
      0.7890558394557711,
      0.7667337682422694,
      0.8541088575906062
   ],
   "0.9": [
      0.39647032518738196,
      0.41821048737607996,
      0.4635863534219462,
      0.41583018650292547,
      0.39886887286185946,
      0.3888162971763198,
      0.4448025415203787,
      0.4467392930160622,
      0.4159498160104273,
      0.41055012946404296,
      0.38959102996545036,
      0.4068811245368488,
      0.40227980867394,
      0.3897858548615172,
      0.37423199334512686,
      0.37904722751310616,
      0.4041738864466086,
      0.4078247022198124,
      0.46239215473111744,
      0.48163607396789637,
      0.5010894429482032,
      0.486315884349554,
      0.5241315048779227,
      0.5168491504946114,
      0.4710745862233216,
      0.4710114632049036,
      0.46332467646473624,
      0.45351007566446316,
      0.4680501047221095,
      0.4501370360096424,
      0.41269131910917234,
      0.4095725348112064,
      0.4251959268682932,
      0.3996934768825017,
      0.334556419390207,
      0.31765695562204005,
      0.3232312688826225,
      0.34295064264990366,
      0.36223155733202295,
      0.39063824277214043,
      0.4226186794197763,
      0.4692387030959198,
      0.521840274146628,
      0.4987364558146707,
      0.5515784502880897,
      0.5605870153919739,
      0.540709299236896,
      0.6015884356344487
   ],
   "0.75": [
      0.1865433687606967,
      0.1926393310862449,
      0.2099044281414112,
      0.1824507878472788,
      0.17446276372844866,
      0.16922877636476735,
      0.18401178961572406,
      0.178514246810013,
      0.1719906146779476,
      0.17564646836526457,
      0.16870550318118163,
      0.17260826393735723,
      0.17355558417738765,
      0.17371929107978173,
      0.1710251094338489,
      0.18160490725740888,
      0.19439851548817752,
      0.2026415604061705,
      0.23752134266523994,
      0.24847688962683423,
      0.25877493808097374,
      0.2475544110544003,
      0.25947968631403706,
      0.2545706881654552,
      0.24792479032274412,
      0.23843096497719135,
      0.22753823256086914,
      0.23199730954398112,
      0.22195471717632215,
      0.2141887004002496,
      0.19878452068410896,
      0.1764297173089456,
      0.17871867323880358,
      0.17801687907328193,
      0.16142724481279822,
      0.15702659416336973,
      0.1577887044650046,
      0.16143077240223191,
      0.17582553012136934,
      0.18142015790731378,
      0.1900313051466233,
      0.2030787895947843,
      0.22289638682194246,
      0.2106660607006654,
      0.2288295237044262,
      0.2446878117058773,
      0.23484383465772762,
      0.26760520141329425
   ]
}