{
   "0.95": [
      0.967741935483871,
      0.956989247311828,
      0.956989247311828,
      0.956989247311828,
      0.956989247311828,
      0.9354838709677419,
      0.956989247311828,
      0.956989247311828,
      0.967741935483871,
      0.967741935483871,
      0.956989247311828,
      0.978494623655914,
      0.978494623655914,
      0.978494623655914,
      0.946236559139785,
      0.967741935483871,
      0.9680851063829787,
      0.9473684210526315,
      0.9574468085106383,
      0.9468085106382979,
      0.925531914893617,
      0.9347826086956522,
      0.9130434782608695,
      0.9139784946236559,
      0.9139784946236559,
      0.8829787234042553,
      0.9361702127659575,
      0.9247311827956989,
      0.925531914893617,
      0.8924731182795699,
      0.8924731182795699,
      0.9139784946236559,
      0.8936170212765957,
      0.8829787234042553,
      0.9361702127659575,
      0.9574468085106383,
      0.9361702127659575,
      0.9361702127659575,
      0.9468085106382979,
      0.9680851063829787,
      0.9574468085106383,
      0.9574468085106383,
      0.9574468085106383,
      0.9574468085106383,
      0.9680851063829787,
      0.9680851063829787,
      0.9680851063829787,
      0.9680851063829787
   ],
   "0.9": [
      0.9139784946236559,
      0.9139784946236559,
      0.9139784946236559,
      0.8924731182795699,
      0.8709677419354839,
      0.8817204301075269,
      0.9139784946236559,
      0.9247311827956989,
      0.9354838709677419,
      0.9354838709677419,
      0.946236559139785,
      0.956989247311828,
      0.967741935483871,
      0.9032258064516129,
      0.9247311827956989,
      0.8924731182795699,
      0.8936170212765957,
      0.8842105263157894,
      0.8829787234042553,
      0.8404255319148937,
      0.8297872340425532,
      0.8478260869565217,
      0.8369565217391305,
      0.8172043010752689,
      0.8494623655913979,
      0.8191489361702128,
      0.8617021276595744,
      0.8709677419354839,
      0.8404255319148937,
      0.8172043010752689,
      0.7419354838709677,
      0.8064516129032258,
      0.8404255319148937,
      0.8617021276595744,
      0.8617021276595744,
      0.851063829787234,
      0.8829787234042553,
      0.8829787234042553,
      0.8936170212765957,
      0.8723404255319149,
      0.8829787234042553,
      0.8617021276595744,
      0.8723404255319149,
      0.8936170212765957,
      0.925531914893617,
      0.9361702127659575,
      0.925531914893617,
      0.925531914893617
   ],
   "0.75": [
      0.7311827956989247,
      0.7096774193548387,
      0.6666666666666666,
      0.6559139784946236,
      0.6129032258064516,
      0.6774193548387096,
      0.6451612903225806,
      0.6129032258064516,
      0.6559139784946236,
      0.6236559139784946,
      0.5376344086021505,
      0.6129032258064516,
      0.6559139784946236,
      0.6989247311827957,
      0.6236559139784946,
      0.6236559139784946,
      0.6808510638297872,
      0.6736842105263158,
      0.6595744680851063,
      0.648936170212766,
      0.6276595744680851,
      0.5652173913043478,
      0.5760869565217391,
      0.6021505376344086,
      0.5913978494623656,
      0.6382978723404256,
      0.6063829787234043,
      0.5698924731182796,
      0.574468085106383,
      0.5161290322580645,
      0.5053763440860215,
      0.4946236559139785,
      0.5425531914893617,
      0.5851063829787234,
      0.5425531914893617,
      0.6063829787234043,
      0.6063829787234043,
      0.6382978723404256,
      0.574468085106383,
      0.6170212765957447,
      0.6276595744680851,
      0.6808510638297872,
      0.6914893617021277,
      0.723404255319149,
      0.6914893617021277,
      0.6808510638297872,
      0.6595744680851063,
      0.648936170212766
   ]
}