{
   "0.95": [
      0.9082480807250041,
      1.0539609445125886,
      0.9262226419122842,
      0.7112792911938116,
      0.7244486813411883,
      0.8091392499222829,
      0.9684860056721957,
      1.0821851179653894,
      1.0066038123168781,
      0.9269881178500721,
      0.6040210517151177,
      0.45825583598788094,
      0.43243966216507024,
      0.4381179575600025,
      0.4247776570323937,
      0.48375818051071745,
      0.5103912737243249,
      0.6275671251271302,
      0.7994831477893213,
      0.8187398603177228,
      0.7834135959253158,
      0.7942058169298215,
      0.7521564465989263,
      0.7240783603306058,
      0.6478110618549894,
      0.7272000595568295,
      0.6718497551606898,
      0.6259242174765834,
      0.6641095701506666,
      0.6287350355299405,
      0.5837704767646456,
      0.5957869270055811,
      0.5981166368413254,
      0.6075733344335238,
      0.49543770239808765,
      0.4625906723511111,
      0.44758357290541373,
      0.4906407302260845,
      0.561892894546729,
      0.6916979688566693,
      0.7423579287549885,
      0.7679878585515993,
      0.757861606085114,
      0.8427376165012012,
      1.1574722382469231,
      1.2639112513161876,
      0.9118163876874494,
      0.8458344402356731
   ],
   "0.9": [
      0.6850116540412663,
      0.8161656939306652,
      0.6946184535070581,
      0.5343990606009,
      0.5599231727465643,
      0.5974064156586092,
      0.7161674286783623,
      0.8349613830036662,
      0.7578709801260465,
      0.7082753610042475,
      0.45334069117804515,
      0.3447273032969662,
      0.31413562431111286,
      0.3207334782633871,
      0.3039971993195853,
      0.3566619303725732,
      0.3736738079941248,
      0.4634316080848652,
      0.6126784165996144,
      0.6428734881791445,
      0.5971101110957068,
      0.6213686418266893,
      0.5937496551544982,
      0.5587510189941156,
      0.5090480268688846,
      0.5612084527545276,
      0.5262931275294557,
      0.5083758897147819,
      0.5002280027148148,
      0.471709016302296,
      0.4344481139384892,
      0.43362678303324487,
      0.42682918621642996,
      0.42558841892839605,
      0.34680639813336944,
      0.31319938323976226,
      0.32672214234772545,
      0.3578760112982357,
      0.42366146488436957,
      0.4840582077844561,
      0.520343497309096,
      0.5273186951268413,
      0.5056891119029908,
      0.5941079696826402,
      0.8204439058875616,
      0.9008046955551519,
      0.7323146419629775,
      0.6416878563807614
   ],
   "0.75": [
      0.3735487836646997,
      0.4222738742984306,
      0.3614907921035054,
      0.2749774654871055,
      0.2918843417112238,
      0.3008862355738061,
      0.35657225797712105,
      0.44997948468388027,
      0.3797196502263778,
      0.3606584997117852,
      0.23365590790659096,
      0.17380018164724945,
      0.15063316540671642,
      0.15559961569941397,
      0.15346871809870785,
      0.16584050362057348,
      0.180120143700665,
      0.2058201789628307,
      0.2903116548889788,
      0.31730339069745844,
      0.2900102581086679,
      0.30237919424364323,
      0.29127731766628595,
      0.28786872379309764,
      0.2638910193815285,
      0.287511104739657,
      0.27344301437283586,
      0.26869491655020694,
      0.2540382819156543,
      0.2402792178833101,
      0.23039901487205916,
      0.21972808668275365,
      0.1854318320994229,
      0.15980575273111874,
      0.16528474157013964,
      0.16484115381657818,
      0.15852548084775558,
      0.18076524237964237,
      0.2029431520741642,
      0.21723234363453658,
      0.22531816823069073,
      0.23697539954811683,
      0.22486864595944142,
      0.2591424660466211,
      0.407948129656484,
      0.44461160759816565,
      0.3990867250265816,
      0.3394452030534743
   ]
}