{
  "0.95": 0.9505237352351237,
  "0.9": 0.8881212391352797,
  "0.75": 0.6449743704033876
}