{
   "0.95": [
      0.7956989247311828,
      0.8709677419354839,
      0.9139784946236559,
      0.967741935483871,
      0.8709677419354839,
      0.967741935483871,
      0.978494623655914,
      0.956989247311828,
      0.978494623655914,
      0.956989247311828,
      0.8709677419354839,
      0.9139784946236559,
      0.9354838709677419,
      0.9354838709677419,
      0.8924731182795699,
      0.8709677419354839,
      0.8617021276595744,
      0.9157894736842105,
      0.9148936170212766,
      0.9148936170212766,
      0.9468085106382979,
      0.9347826086956522,
      0.9456521739130435,
      0.946236559139785,
      0.9354838709677419,
      0.9468085106382979,
      0.9361702127659575,
      0.956989247311828,
      0.9468085106382979,
      0.9032258064516129,
      0.8172043010752689,
      0.8709677419354839,
      0.8829787234042553,
      0.8936170212765957,
      0.8723404255319149,
      0.8085106382978723,
      0.7446808510638298,
      0.6914893617021277,
      0.6808510638297872,
      0.723404255319149,
      0.6170212765957447,
      0.7127659574468085,
      0.8191489361702128,
      0.8829787234042553,
      0.8723404255319149,
      0.9680851063829787,
      0.9361702127659575,
      0.7446808510638298
   ],
   "0.9": [
      0.6559139784946236,
      0.7419354838709677,
      0.8064516129032258,
      0.8817204301075269,
      0.8172043010752689,
      0.9139784946236559,
      0.8064516129032258,
      0.8817204301075269,
      0.946236559139785,
      0.9354838709677419,
      0.8064516129032258,
      0.8602150537634409,
      0.8494623655913979,
      0.8494623655913979,
      0.7526881720430108,
      0.8602150537634409,
      0.8297872340425532,
      0.8315789473684211,
      0.8936170212765957,
      0.8404255319148937,
      0.8085106382978723,
      0.8369565217391305,
      0.8804347826086957,
      0.9032258064516129,
      0.8817204301075269,
      0.925531914893617,
      0.8617021276595744,
      0.9139784946236559,
      0.8191489361702128,
      0.7741935483870968,
      0.7419354838709677,
      0.7849462365591398,
      0.776595744680851,
      0.776595744680851,
      0.7340425531914894,
      0.6808510638297872,
      0.6170212765957447,
      0.6170212765957447,
      0.6063829787234043,
      0.6276595744680851,
      0.44680851063829785,
      0.5319148936170213,
      0.6382978723404256,
      0.776595744680851,
      0.6808510638297872,
      0.9148936170212766,
      0.8085106382978723,
      0.6170212765957447
   ],
   "0.75": [
      0.4731182795698925,
      0.5268817204301075,
      0.5698924731182796,
      0.7204301075268817,
      0.43010752688172044,
      0.5268817204301075,
      0.41935483870967744,
      0.7096774193548387,
      0.7849462365591398,
      0.7849462365591398,
      0.3763440860215054,
      0.7096774193548387,
      0.6451612903225806,
      0.5376344086021505,
      0.4731182795698925,
      0.44086021505376344,
      0.6063829787234043,
      0.6631578947368421,
      0.6595744680851063,
      0.6808510638297872,
      0.6382978723404256,
      0.6086956521739131,
      0.6413043478260869,
      0.5913978494623656,
      0.6451612903225806,
      0.6276595744680851,
      0.5531914893617021,
      0.5806451612903226,
      0.5425531914893617,
      0.5053763440860215,
      0.5591397849462365,
      0.5483870967741935,
      0.5425531914893617,
      0.5425531914893617,
      0.5638297872340425,
      0.5638297872340425,
      0.40425531914893614,
      0.43617021276595747,
      0.425531914893617,
      0.2978723404255319,
      0.19148936170212766,
      0.23404255319148937,
      0.2978723404255319,
      0.35106382978723405,
      0.3617021276595745,
      0.6702127659574468,
      0.574468085106383,
      0.425531914893617
   ]
}