{
  "0.95": 0.9400490305326499,
  "0.9": 0.8722977490528192,
  "0.75": 0.5919322487185201
}