{
   "0.95": [
      0.9969922330430914,
      0.9016624393080042,
      1.2569381684818495,
      1.045955897476052,
      1.0771020046431161,
      1.103841972176675,
      1.2569837147074725,
      1.0503322330192604,
      1.0304644056243428,
      1.1765889357760382,
      1.2126683850396958,
      1.3810263410172228,
      1.4302664376473384,
      1.1766611846843114,
      1.3980469166579996,
      1.277871814156794,
      1.1909431532945016,
      0.8786264758749653,
      0.866188152821547,
      0.9458042060194495,
      1.0260806642729356,
      0.8034771554028785,
      0.8043898869308115,
      0.8595136776816849,
      0.8220713489279452,
      0.7980936351608289,
      0.8030304363692192,
      0.7625504074248549,
      0.7061286639772835,
      0.8624151012727903,
      1.0195653345814404,
      0.8755153016612455,
      1.0372337368689877,
      0.9874525226669862,
      0.9941902948000851,
      1.1264596756869802,
      1.0601555685289907,
      0.9944480545083465,
      1.1178466541129566,
      1.2665576036691375,
      0.9550852398925789,
      1.3928516153500885,
      0.9793255843634708,
      0.8746206320529178,
      0.7941666193434226,
      1.073992517258688,
      1.0568445875753882,
      1.0894818459981472
   ],
   "0.9": [
      0.5495187152679754,
      0.684273003197521,
      0.9390794606312377,
      0.7721794216485738,
      0.7994094245555357,
      0.8236346623092258,
      0.9278802613233009,
      0.7763692652799467,
      0.8247781717422931,
      0.9440887075229568,
      0.8936794644441551,
      0.9741850591054971,
      1.1379740917907397,
      0.9124238795865448,
      1.0298479291633207,
      0.9888823233597283,
      0.9916627410637276,
      0.6934557974198594,
      0.6250332680177114,
      0.5910865649134336,
      0.6033362940535603,
      0.4972881240167743,
      0.5423705037929121,
      0.564193585925097,
      0.5067516468228453,
      0.6187063610255953,
      0.5917284413391493,
      0.4801425322609416,
      0.5014050968986566,
      0.5988471236856269,
      0.6676656294410672,
      0.585360184889623,
      0.6837716818746817,
      0.7644699467121268,
      0.7215806505983778,
      0.8536908834937859,
      0.7277948770030518,
      0.6149261008595818,
      0.7775611116909531,
      0.9247338095347472,
      0.7558471338993664,
      1.0549112117768162,
      0.7683367191925973,
      0.7214771351984133,
      0.6239913933902926,
      0.796267315579784,
      0.8728137064536444,
      0.8186735574228153
   ],
   "0.75": [
      0.3597758041042441,
      0.3769905983152803,
      0.5624610920412045,
      0.3979163269448849,
      0.3648626246607462,
      0.38236973345255265,
      0.5268530446418999,
      0.43083752213863014,
      0.40453060863591994,
      0.48775266416828006,
      0.4607451798172047,
      0.5501418733513076,
      0.5623689390632977,
      0.44630356449787145,
      0.5183147169857322,
      0.5077381186445419,
      0.43407224660083893,
      0.35930858561652756,
      0.23333050164013616,
      0.18872045669355475,
      0.23751170358621454,
      0.24933817902083366,
      0.2286108132627372,
      0.21739979572020804,
      0.22175780870674563,
      0.16646100828569532,
      0.23919336601391802,
      0.22330024143064317,
      0.16487431696668822,
      0.2038109271030158,
      0.21549370588315503,
      0.17577978681861298,
      0.24645640700286042,
      0.238062222229435,
      0.2266585349157978,
      0.2463937840372535,
      0.2546994192333099,
      0.1753375112365493,
      0.2970598000852185,
      0.3212498900376681,
      0.34373210538788956,
      0.4220611459883215,
      0.36942331199400963,
      0.34307141575130984,
      0.3460144889260581,
      0.4320370964156897,
      0.4243255918357205,
      0.4628457264017175
   ]
}