{
   "0.95": [
      1.1577734718435964,
      0.9095029443081678,
      1.1434652991219674,
      1.1653455208148513,
      1.1142552563257893,
      1.097984490281255,
      1.1224128552716255,
      0.9384862064090489,
      1.0061104711454316,
      1.3113585904180203,
      1.2068458053049633,
      1.1687039749068657,
      1.280739893668063,
      1.2184171632318095,
      1.3542888443386358,
      1.1544643711034441,
      1.0420821638627737,
      0.9941839219863104,
      1.030633243945649,
      1.0504777285515796,
      0.9030879367901624,
      0.9401399763598424,
      0.8556306746590313,
      0.8504518906478546,
      1.0928727429704843,
      1.0886332296529415,
      0.9606921537287603,
      0.8951899661432081,
      0.8536400143275747,
      0.9837301822736737,
      1.090901411093636,
      1.0549047745206406,
      1.1698701969490977,
      1.1470498301745546,
      0.9715164753210905,
      1.0242955245382095,
      0.9846262359200837,
      0.9461754048622991,
      1.0570899480926366,
      1.2673019095544305,
      1.1460328777036328,
      1.3956925613679094,
      1.0229301445815773,
      0.877682478417056,
      0.8901092752900084,
      0.8537432043338501,
      0.790697027711181,
      0.8168666737278173
   ],
   "0.9": [
      0.5141307786813635,
      0.7531307538197474,
      0.9010636922818952,
      0.8829563415479803,
      0.8362826188355473,
      0.88053166372869,
      0.8852529391406001,
      0.7412615243890776,
      0.7445252261884087,
      0.9201131244730516,
      0.8507453689344995,
      0.83051971048223,
      0.9022035251123585,
      0.9583551573744957,
      1.0140330232588641,
      0.8735508875439402,
      0.7905119177979716,
      0.8089662460374729,
      0.8569017879669485,
      0.8396389775063403,
      0.7032676941894247,
      0.7827781686017502,
      0.7375056987467224,
      0.6873166110659014,
      0.7367745046855069,
      0.6299440614265372,
      0.7143301337481643,
      0.6280276876862702,
      0.6722989693789742,
      0.7816297553816027,
      0.6720584661422532,
      0.8455158898232734,
      0.9711672607262668,
      0.8800898673073165,
      0.6765045563665019,
      0.7374286129135262,
      0.760491146763358,
      0.6181711750749233,
      0.7625335755547832,
      0.8894045266272215,
      0.9032409315527724,
      1.10101227691529,
      0.7635672978058572,
      0.6118930474299786,
      0.6607582619495591,
      0.6439059124144539,
      0.6088937500040579,
      0.6463033512823941
   ],
   "0.75": [
      0.2920548772933639,
      0.37160331213246905,
      0.43121065077014276,
      0.457234834730772,
      0.41209335594728974,
      0.432289920713545,
      0.4807255068994264,
      0.40819310027729294,
      0.3204243001031336,
      0.40409343779555396,
      0.40459639756501137,
      0.4417882836204417,
      0.49442227390693244,
      0.5150807057610806,
      0.5212958593249389,
      0.3809133491880364,
      0.431297971547819,
      0.47154044391924627,
      0.4285386542877493,
      0.40549552984558146,
      0.36213455039839826,
      0.40431456013821043,
      0.32601941333023976,
      0.3105042838473221,
      0.2849221780700657,
      0.2648437438072495,
      0.3635916132836774,
      0.2800407064314095,
      0.3501601228287422,
      0.3708365245046567,
      0.3496601231751293,
      0.460753764994715,
      0.5526557065528511,
      0.4287032197592805,
      0.3271020952625775,
      0.2820629179360293,
      0.24585650295856648,
      0.1822758656785056,
      0.28911745407797257,
      0.4159689358813772,
      0.39930942984913553,
      0.4506635885448211,
      0.26995003205713214,
      0.2807084355254883,
      0.30676746288696444,
      0.3301309964180398,
      0.2725299459618799,
      0.35769018029898536
   ]
}