{
   "0.95": [
      0.875,
      0.9130434782608695,
      0.8333333333333334,
      0.875,
      0.75,
      0.875,
      1.0,
      1.0,
      0.92,
      0.96,
      0.96,
      0.92,
      0.92,
      0.8846153846153846,
      1.0,
      1.0,
      1.0,
      0.8846153846153846,
      1.0,
      0.9230769230769231,
      0.8846153846153846,
      0.9230769230769231,
      0.96,
      0.96,
      0.92,
      1.0,
      1.0,
      1.0,
      0.96,
      1.0,
      1.0,
      0.96,
      0.9615384615384616,
      0.9230769230769231,
      1.0,
      0.9615384615384616,
      0.9230769230769231,
      0.9615384615384616,
      0.75,
      0.875,
      0.8695652173913043,
      0.9545454545454546,
      0.9545454545454546,
      0.9523809523809523,
      0.8888888888888888,
      0.9444444444444444,
      0.8888888888888888,
      0.9411764705882353
   ],
   "0.9": [
      0.6875,
      0.782608695652174,
      0.7916666666666666,
      0.7916666666666666,
      0.7083333333333334,
      0.7916666666666666,
      0.875,
      0.875,
      0.88,
      0.88,
      0.84,
      0.8,
      0.88,
      0.8076923076923077,
      0.9230769230769231,
      0.8846153846153846,
      0.9230769230769231,
      0.8461538461538461,
      0.8846153846153846,
      0.8461538461538461,
      0.8076923076923077,
      0.8846153846153846,
      0.92,
      0.92,
      0.88,
      0.96,
      1.0,
      1.0,
      0.96,
      0.96,
      0.84,
      0.76,
      0.8846153846153846,
      0.7692307692307693,
      0.8076923076923077,
      0.9615384615384616,
      0.8461538461538461,
      0.8846153846153846,
      0.625,
      0.7083333333333334,
      0.8260869565217391,
      0.9545454545454546,
      0.7727272727272727,
      0.9047619047619048,
      0.7777777777777778,
      0.8888888888888888,
      0.8888888888888888,
      0.8235294117647058
   ],
   "0.75": [
      0.4375,
      0.5217391304347826,
      0.5833333333333334,
      0.5,
      0.375,
      0.3333333333333333,
      0.4583333333333333,
      0.4166666666666667,
      0.52,
      0.68,
      0.68,
      0.64,
      0.64,
      0.6923076923076923,
      0.6538461538461539,
      0.6538461538461539,
      0.4230769230769231,
      0.5384615384615384,
      0.46153846153846156,
      0.5384615384615384,
      0.6153846153846154,
      0.8076923076923077,
      0.68,
      0.64,
      0.6,
      0.6,
      0.56,
      0.56,
      0.56,
      0.52,
      0.4,
      0.52,
      0.5,
      0.34615384615384615,
      0.4230769230769231,
      0.5384615384615384,
      0.5,
      0.34615384615384615,
      0.25,
      0.4583333333333333,
      0.6521739130434783,
      0.45454545454545453,
      0.4090909090909091,
      0.6190476190476191,
      0.6666666666666666,
      0.6111111111111112,
      0.6111111111111112,
      0.5294117647058824
   ]
}