{
  "0.95": 0.9272727272727272,
  "0.9": 0.8311688311688312,
  "0.75": 0.4658008658008658
}