{
  "0.95": 0.9142857142857143,
  "0.9": 0.8242424242424242,
  "0.75": 0.5463203463203463
}