{
   "0.95": [
      0.9898452296091111,
      0.9065491499443056,
      1.2585462707892108,
      1.051190969280966,
      1.0790883885045714,
      1.0923613361396765,
      1.249934441267418,
      1.0381192143914544,
      1.04083618050257,
      1.192865585512922,
      1.1894596163720819,
      1.377562999997926,
      1.4874421932708055,
      1.2366567909808626,
      1.6466599237979598,
      1.4555882577361283,
      1.4418032870976882,
      1.2055421800389978,
      1.310256749981937,
      1.186359645783109,
      1.1285918182137582,
      1.4222828517903108,
      1.4755826411610584,
      1.485124710639307,
      1.2574285012372923,
      1.4183089086272045,
      1.1882171364699672,
      1.3010481198780688,
      1.0918993119389029,
      1.1761595217406136,
      1.3901598922032605,
      1.0136878026912093,
      1.4562880258623858,
      1.1924414178266682,
      1.0232564585364112,
      1.0837194671629924,
      1.0735865391440038,
      0.9626683991206773,
      1.1209899308466544,
      1.2679889922513001,
      0.9625912872543396,
      1.3896762188096903,
      0.9797149467230041,
      0.8741106686252139,
      0.7998042308746778,
      1.0718313991809212,
      1.0489805826089564,
      1.0849471929524073
   ],
   "0.9": [
      0.5490348528166399,
      0.6835121147944013,
      0.9421201633158438,
      0.7710894379325801,
      0.8019121128873725,
      0.8164350298960944,
      0.9287422791464316,
      0.7917958692622313,
      0.8254711158928082,
      0.9382736381820882,
      0.880803183472989,
      0.9935832379937912,
      1.1504451665738344,
      1.0245268882901246,
      1.2889282339763224,
      1.069869359732119,
      1.122031970133594,
      0.9702194935968278,
      1.0774702322888117,
      1.0089318446434032,
      0.9212459766718452,
      1.1634620957920414,
      1.1511887558943168,
      1.1984567752724815,
      0.9743547692575877,
      0.9666644588713521,
      0.9190002465454026,
      1.0126736059707666,
      0.8726743802395386,
      0.8772653086708101,
      0.9733710455651112,
      0.6825785637490733,
      1.0822365067181186,
      0.9720573863587489,
      0.7374495644328006,
      0.7818266545021867,
      0.7241480160339059,
      0.6068879318710892,
      0.7706430525756743,
      0.9158006436766406,
      0.761118684721624,
      1.0658096265959556,
      0.7691660120186776,
      0.7164037508519979,
      0.6273413873888803,
      0.7948219534909438,
      0.8669413461235008,
      0.81537068428241
   ],
   "0.75": [
      0.3595608609570802,
      0.3842546164361256,
      0.5632582934074903,
      0.400905142584241,
      0.36753345087646466,
      0.37993529870635934,
      0.5256655775573325,
      0.42764394885901763,
      0.4057825282506113,
      0.4834046225904869,
      0.44225108884717745,
      0.5515120518570671,
      0.5826099981152661,
      0.5239123903929689,
      0.6271070369365762,
      0.5235003390164085,
      0.5425669046366242,
      0.574593791922748,
      0.5765524565324107,
      0.5795386252633755,
      0.5046069823632311,
      0.7500269518843588,
      0.6415189450369784,
      0.5883776446284098,
      0.37325190218334536,
      0.35170312007364496,
      0.3922219668141871,
      0.3976240964054013,
      0.42053797646230223,
      0.42980914476035953,
      0.45779108608338426,
      0.4231017011242609,
      0.5451695398851016,
      0.5040467292858695,
      0.3224022076671376,
      0.2732583828376019,
      0.267011302340254,
      0.17975680793666624,
      0.30923211738875933,
      0.3208004683415143,
      0.34580634961960294,
      0.4233987509493002,
      0.36759882453838416,
      0.340477548583562,
      0.3469792898329105,
      0.4334200947917593,
      0.4210507180445214,
      0.4610186933171736
   ]
}