{
  "0.95": 0.935064935064935,
  "0.9": 0.8545454545454545,
  "0.75": 0.5359307359307359
}