{
  "0.95": 0.9142857142857143,
  "0.9": 0.845021645021645,
  "0.75": 0.4354978354978355
}