{
   "0.95": [
      0.125,
      1.0,
      1.0,
      1.0,
      1.0,
      1.0,
      1.0,
      1.0,
      1.0,
      1.0,
      1.0,
      1.0,
      1.0,
      1.0,
      1.0,
      0.9615384615384616,
      0.9230769230769231,
      0.9615384615384616,
      1.0,
      1.0,
      1.0,
      1.0,
      1.0,
      0.96,
      0.92,
      0.96,
      1.0,
      1.0,
      0.96,
      0.96,
      0.96,
      0.88,
      0.8846153846153846,
      0.8461538461538461,
      0.8846153846153846,
      0.6153846153846154,
      1.0,
      0.9230769230769231,
      0.9583333333333334,
      1.0,
      1.0,
      1.0,
      1.0,
      1.0,
      1.0,
      0.1111111111111111,
      0.1111111111111111,
      0.058823529411764705
   ],
   "0.9": [
      0.125,
      0.391304347826087,
      0.0,
      1.0,
      1.0,
      1.0,
      1.0,
      1.0,
      1.0,
      1.0,
      1.0,
      1.0,
      1.0,
      1.0,
      0.9230769230769231,
      0.9615384615384616,
      0.8461538461538461,
      0.8461538461538461,
      0.9615384615384616,
      0.9230769230769231,
      0.9615384615384616,
      1.0,
      0.92,
      0.96,
      0.88,
      0.92,
      0.96,
      1.0,
      0.96,
      0.96,
      0.84,
      0.72,
      0.8076923076923077,
      0.6538461538461539,
      0.8461538461538461,
      0.5769230769230769,
      0.8461538461538461,
      0.8461538461538461,
      0.875,
      1.0,
      1.0,
      1.0,
      1.0,
      1.0,
      0.8888888888888888,
      0.1111111111111111,
      0.1111111111111111,
      0.058823529411764705
   ],
   "0.75": [
      0.125,
      0.0,
      0.0,
      0.0,
      0.0,
      0.0,
      0.0,
      0.0,
      0.0,
      0.0,
      0.0,
      0.0,
      1.0,
      0.9615384615384616,
      0.8461538461538461,
      0.6538461538461539,
      0.5,
      0.6538461538461539,
      0.6923076923076923,
      0.7307692307692307,
      0.6153846153846154,
      0.8076923076923077,
      0.84,
      0.72,
      0.76,
      0.8,
      0.68,
      0.72,
      0.84,
      0.6,
      0.44,
      0.48,
      0.5769230769230769,
      0.38461538461538464,
      0.4230769230769231,
      0.4230769230769231,
      0.38461538461538464,
      0.5769230769230769,
      0.7083333333333334,
      0.0,
      1.0,
      0.8636363636363636,
      0.0,
      0.0,
      0.0,
      0.1111111111111111,
      0.1111111111111111,
      0.058823529411764705
   ]
}