{
   "0.95": [
      0.875,
      0.9130434782608695,
      0.875,
      0.875,
      0.75,
      0.875,
      0.8333333333333334,
      0.875,
      1.0,
      1.0,
      0.96,
      0.92,
      0.92,
      1.0,
      1.0,
      0.9615384615384616,
      1.0,
      0.7692307692307693,
      0.9230769230769231,
      0.8461538461538461,
      0.8461538461538461,
      0.8846153846153846,
      0.88,
      0.92,
      0.96,
      0.96,
      0.96,
      0.96,
      0.96,
      1.0,
      0.92,
      0.92,
      0.8846153846153846,
      0.8461538461538461,
      1.0,
      0.9230769230769231,
      0.9230769230769231,
      0.8846153846153846,
      0.875,
      0.9583333333333334,
      0.9130434782608695,
      0.9090909090909091,
      0.9090909090909091,
      0.8571428571428571,
      0.8888888888888888,
      0.9444444444444444,
      0.9444444444444444,
      0.8235294117647058
   ],
   "0.9": [
      0.6875,
      0.9130434782608695,
      0.7916666666666666,
      0.7916666666666666,
      0.7083333333333334,
      0.75,
      0.7916666666666666,
      0.75,
      0.84,
      0.96,
      0.88,
      0.92,
      0.88,
      0.8846153846153846,
      0.9230769230769231,
      0.9230769230769231,
      0.8076923076923077,
      0.6538461538461539,
      0.8461538461538461,
      0.7307692307692307,
      0.8076923076923077,
      0.8076923076923077,
      0.88,
      0.88,
      0.92,
      0.88,
      0.88,
      0.8,
      0.88,
      0.92,
      0.76,
      0.84,
      0.8846153846153846,
      0.7692307692307693,
      0.7692307692307693,
      0.8076923076923077,
      0.8846153846153846,
      0.8076923076923077,
      0.75,
      0.7916666666666666,
      0.782608695652174,
      0.9090909090909091,
      0.7272727272727273,
      0.7142857142857143,
      0.8333333333333334,
      0.8333333333333334,
      0.8333333333333334,
      0.6470588235294118
   ],
   "0.75": [
      0.375,
      0.391304347826087,
      0.5416666666666666,
      0.5416666666666666,
      0.4166666666666667,
      0.4166666666666667,
      0.5,
      0.5,
      0.4,
      0.64,
      0.6,
      0.64,
      0.72,
      0.6538461538461539,
      0.6153846153846154,
      0.5384615384615384,
      0.6153846153846154,
      0.5384615384615384,
      0.5384615384615384,
      0.5,
      0.5,
      0.7307692307692307,
      0.64,
      0.56,
      0.64,
      0.68,
      0.84,
      0.72,
      0.6,
      0.4,
      0.36,
      0.6,
      0.6538461538461539,
      0.38461538461538464,
      0.46153846153846156,
      0.5384615384615384,
      0.5,
      0.3076923076923077,
      0.4583333333333333,
      0.4583333333333333,
      0.6521739130434783,
      0.5454545454545454,
      0.36363636363636365,
      0.5238095238095238,
      0.6666666666666666,
      0.7222222222222222,
      0.6666666666666666,
      0.29411764705882354
   ]
}