{
   "0.95": [
      0.9753702986558008,
      2.031074893391465,
      3.5663583553928127,
      35.143595861064675,
      11.032335884239329,
      33.0981613059538,
      51.72170488610405,
      6.840727239875611,
      123.89197173726737,
      18.183643516847756,
      301.1231383396564,
      127.40454828930875,
      13.557760040546171,
      2.6919014300270288,
      2.074299873064748,
      1.4434442020904175,
      1.4600751282604314,
      1.7263624751328408,
      2.0320369890627505,
      2.035846991490921,
      1.5603061661504103,
      1.909598625741881,
      1.9471734908958893,
      1.7090959832566741,
      2.022650817139216,
      1.8324405064562204,
      1.6355319210250798,
      2.033098279018239,
      1.8294458724517186,
      1.6171546295633472,
      1.6774598968811447,
      1.3745305370853858,
      1.4170370979165372,
      1.4559156254369312,
      1.9181605862365096,
      1.0213109497922253,
      3.114921096117257,
      1.2752897676248205,
      1.4429412205064165,
      13.77055411544394,
      44.944186894196704,
      34.722841816946,
      30.37076917220155,
      17.597536531345437,
      2.0150141071408276,
      0.35963016219992483,
      0.09150159129971144,
      0.9155091262607613
   ],
   "0.9": [
      0.5305480725551991,
      0.15808258852688187,
      0.20874509828296023,
      8.47278497316315,
      7.504011784146317,
      23.110958689258315,
      36.15273770250388,
      2.843779216860157,
      113.45994689447122,
      13.286179465421322,
      123.44714951116676,
      109.35199850190212,
      8.922717506856937,
      1.9934735574524918,
      1.550965869726245,
      1.0811720642870493,
      1.195477963753581,
      1.477383279397014,
      1.6394196392628166,
      1.6641219386486668,
      1.2847936467181982,
      1.5684653107972977,
      1.7034184616860844,
      1.4162235158658347,
      1.5317321442012841,
      1.4822322093339722,
      1.2831640203166361,
      1.6756645816363798,
      1.550810478923688,
      1.41862596916451,
      1.2970315876306684,
      1.0919710649835657,
      1.1032624854577864,
      1.1240992814554567,
      1.5551449887980544,
      0.7892119824237285,
      2.097236421411143,
      0.8032962878800093,
      0.9806118562596537,
      7.692938495677789,
      33.0981613059538,
      33.098161305953795,
      17.152714305244835,
      13.050457806474169,
      0.4858006367700518,
      0.21417161969562123,
      0.054492214706094715,
      0.5305480725551991
   ],
   "0.75": [
      0.5305480725551991,
      0.0310338328753437,
      0.05449221470609471,
      0.5691969241471797,
      0.16856870673264307,
      0.5551777738993984,
      1.2446785624247494,
      0.4963134874866067,
      22.666136463157713,
      3.12159481425378,
      40.81460970511581,
      23.855598253497366,
      3.9130535681517618,
      0.8298936377927582,
      0.6486385413077445,
      0.518629135965676,
      0.5654823520731485,
      0.7635807369007941,
      0.9154572581446945,
      1.0035161016496443,
      0.7355932333296464,
      0.9794098793687068,
      1.0899974320999537,
      0.7043241923499081,
      0.5942661864144673,
      0.5150506230411441,
      0.6691599250298567,
      0.6763216871107367,
      0.7808606000431604,
      0.602902695483263,
      0.6451153426231496,
      0.6084873094343964,
      0.642468430210417,
      0.6466570353564445,
      0.6851293487806469,
      0.4212579568235007,
      0.6371464703161077,
      0.3609156031129595,
      0.5523634750169597,
      0.4570918731720173,
      14.326117246075178,
      8.264102809720526,
      1.0632927815263962,
      0.5305480725551991,
      0.031187970118338303,
      0.21417161969562123,
      0.054492214706094715,
      0.5305480725551991
   ]
}