{
  "0.95": 0.8469565217391304,
  "0.9": 0.7485217391304347,
  "0.75": 0.4707826086956522
}