{
  "0.95": 0.8499130434782609,
  "0.9": 0.7474782608695653,
  "0.75": 0.455304347826087
}