{
   "0.95": [
      0.85,
      0.8583333333333333,
      0.9322033898305084,
      0.923728813559322,
      0.7966101694915254,
      0.8728813559322034,
      0.847457627118644,
      0.8813559322033898,
      0.7627118644067796,
      0.8389830508474576,
      0.9067796610169492,
      0.9152542372881356,
      0.8898305084745762,
      0.8983050847457628,
      0.8907563025210085,
      0.8991596638655462,
      0.9159663865546218,
      0.8739495798319328,
      0.9159663865546218,
      0.8739495798319328,
      0.8319327731092437,
      0.9159663865546218,
      0.8666666666666667,
      0.8403361344537815,
      0.8823529411764706,
      0.8728813559322034,
      0.8559322033898306,
      0.8305084745762712,
      0.8305084745762712,
      0.8416666666666667,
      0.859504132231405,
      0.8264462809917356,
      0.775,
      0.743801652892562,
      0.7603305785123967,
      0.743801652892562,
      0.768595041322314,
      0.7520661157024794,
      0.768595041322314,
      0.8360655737704918,
      0.8278688524590164,
      0.8360655737704918,
      0.8617886178861789,
      0.8943089430894309,
      0.7903225806451613,
      0.7804878048780488,
      0.8617886178861789,
      0.7459016393442623
   ],
   "0.9": [
      0.7333333333333333,
      0.775,
      0.8389830508474576,
      0.8050847457627118,
      0.7457627118644068,
      0.7372881355932204,
      0.7033898305084746,
      0.711864406779661,
      0.6779661016949152,
      0.7372881355932204,
      0.788135593220339,
      0.7372881355932204,
      0.7711864406779662,
      0.7542372881355932,
      0.8151260504201681,
      0.7647058823529411,
      0.8319327731092437,
      0.7983193277310925,
      0.8235294117647058,
      0.7647058823529411,
      0.7058823529411765,
      0.7563025210084033,
      0.7333333333333333,
      0.7394957983193278,
      0.7647058823529411,
      0.7711864406779662,
      0.7457627118644068,
      0.6949152542372882,
      0.6779661016949152,
      0.725,
      0.7107438016528925,
      0.743801652892562,
      0.6166666666666667,
      0.6611570247933884,
      0.6859504132231405,
      0.6446280991735537,
      0.6115702479338843,
      0.6528925619834711,
      0.6859504132231405,
      0.7377049180327869,
      0.7540983606557377,
      0.7049180327868853,
      0.8048780487804879,
      0.7642276422764228,
      0.7258064516129032,
      0.6422764227642277,
      0.6747967479674797,
      0.6147540983606558
   ],
   "0.75": [
      0.4,
      0.4583333333333333,
      0.4661016949152542,
      0.5169491525423728,
      0.4576271186440678,
      0.5,
      0.4491525423728814,
      0.5084745762711864,
      0.4067796610169492,
      0.4830508474576271,
      0.4915254237288136,
      0.4745762711864407,
      0.4745762711864407,
      0.4406779661016949,
      0.5126050420168067,
      0.5462184873949579,
      0.44537815126050423,
      0.5126050420168067,
      0.5882352941176471,
      0.5630252100840336,
      0.5210084033613446,
      0.453781512605042,
      0.475,
      0.4117647058823529,
      0.453781512605042,
      0.3728813559322034,
      0.4067796610169492,
      0.4067796610169492,
      0.3898305084745763,
      0.475,
      0.3884297520661157,
      0.45454545454545453,
      0.4083333333333333,
      0.371900826446281,
      0.371900826446281,
      0.4132231404958678,
      0.36363636363636365,
      0.38016528925619836,
      0.4462809917355372,
      0.45081967213114754,
      0.4426229508196721,
      0.45901639344262296,
      0.4878048780487805,
      0.4959349593495935,
      0.46774193548387094,
      0.43089430894308944,
      0.4065040650406504,
      0.4180327868852459
   ]
}