{
   "0.95": [
      0.29015771622395653,
      0.28761770488401417,
      0.45134296019950243,
      0.39844239837214973,
      0.3522651081248042,
      0.3866129103859001,
      0.4007071750059135,
      0.4377398649277196,
      0.3578217630167474,
      0.40721950359065134,
      0.5051869073354383,
      0.4416714775075716,
      0.4612273876032089,
      0.458867111386436,
      0.44211237867415143,
      0.4330039687685007,
      0.5050647276842036,
      0.3896982762457344,
      0.46703598907026933,
      0.40431648559999134,
      0.3428981203844779,
      0.4917064391770166,
      0.42491375709844725,
      0.4209523808847068,
      0.46763066347286875,
      0.4876328826393287,
      0.4234133650847162,
      0.35510365997360405,
      0.33474118338928543,
      0.35107630946096546,
      0.41670739656030814,
      0.37207011292558234,
      0.3512972506466437,
      0.33362148224217053,
      0.3149293270149265,
      0.3353759116209013,
      0.3604282134052972,
      0.3511050376671655,
      0.3645699533048703,
      0.403713952464878,
      0.4065535979986148,
      0.3673843451516852,
      0.4374626551394855,
      0.4555112021715452,
      0.359948375450532,
      0.41903377716007184,
      0.5007708184007449,
      0.40085295588950287
   ],
   "0.9": [
      0.19304467244675994,
      0.21850293134245188,
      0.25652240506946733,
      0.2606930683089752,
      0.2656465945224483,
      0.2609757743846336,
      0.26857724890417284,
      0.293217346005224,
      0.2715330704573512,
      0.2790631460340017,
      0.2980954549160118,
      0.2949450921450235,
      0.2876130809821781,
      0.2814233083033911,
      0.3593347257257332,
      0.2771093984669377,
      0.3210034889031417,
      0.2991357473009381,
      0.29889179010041095,
      0.2842137244776543,
      0.24616476790865882,
      0.3106492996632007,
      0.29125645099161773,
      0.3034276531384781,
      0.31601988719477275,
      0.31130663503332134,
      0.2937663227553341,
      0.245603566774521,
      0.23038517120304658,
      0.25428164854753693,
      0.24581687726609272,
      0.25643270932906304,
      0.2314941955841163,
      0.23744722603086105,
      0.23404854368861452,
      0.25429161792077015,
      0.24052152947426925,
      0.2471370536705123,
      0.2645730902961733,
      0.2802531003186283,
      0.2925699063338698,
      0.2763794995244747,
      0.3204457588328151,
      0.29204932815987417,
      0.27623508968216437,
      0.2695199645206863,
      0.2900781196798455,
      0.272186067169284
   ],
   "0.75": [
      0.07658073160202691,
      0.07974834079608717,
      0.08996352179772507,
      0.09809396232270755,
      0.09242263507039603,
      0.11456104909826062,
      0.09827700120008313,
      0.11329462954619177,
      0.10043852611670075,
      0.09419440600129066,
      0.10408543643746926,
      0.11739960935149228,
      0.134923947228819,
      0.10976405401193835,
      0.11241031015358943,
      0.1300240784197568,
      0.09381264662106743,
      0.10953332865113914,
      0.12748637120242368,
      0.10296479693312352,
      0.08995325012556622,
      0.09132832214004499,
      0.11258942221353908,
      0.12269254629619925,
      0.15020118241359434,
      0.13772643999179743,
      0.12435699580781494,
      0.10654051600468434,
      0.10025142138470224,
      0.10366144131875643,
      0.11132727136382753,
      0.10290134179636685,
      0.10427952414379554,
      0.10405888693046256,
      0.09279880715685529,
      0.1316847127486908,
      0.10850010674047222,
      0.10408218446262893,
      0.1409673356064742,
      0.12770226366408247,
      0.10643133783979863,
      0.12056892959994671,
      0.13570159576883875,
      0.14854614303311559,
      0.1313840085944267,
      0.1361698638756766,
      0.12028357806551901,
      0.14963691489722353
   ]
}