{
   "0.95": [
      0.3076773970744188,
      0.3315955599959066,
      0.4347059195990757,
      0.3959638645311325,
      0.36431372780145266,
      0.39949088578587766,
      0.41765477331034123,
      0.4303643056944503,
      0.3876343273588603,
      0.4437527902632043,
      0.5010216613920906,
      0.526190128049333,
      0.4586660697770279,
      0.45935414924037504,
      0.406785366513396,
      0.36681153688095663,
      0.388500595881823,
      0.4250492764775385,
      0.36334823960303375,
      0.4531543829797576,
      0.4294109744643918,
      0.4921930473204165,
      0.5092793574340589,
      0.5346647681830846,
      0.5522201090283939,
      0.6367691399493411,
      0.508910413895085,
      0.5063034082457767,
      0.4927316435392122,
      0.5743185622275916,
      0.5288640484362366,
      0.5084684888072283,
      0.4702091433419215,
      0.43975186940537964,
      0.4018316551503134,
      0.40178952729950534,
      0.3481704650357327,
      0.35626906200070807,
      0.3524444456928919,
      0.4096040119583327,
      0.39836470219878356,
      0.3790918771915723,
      0.3820985447407237,
      0.3570766742025724,
      0.2776920471725193,
      0.32396480950660944,
      0.4385430747893454,
      0.3431225842920126
   ],
   "0.9": [
      0.2148935312540418,
      0.24730771466069182,
      0.2711360589961034,
      0.292783239735977,
      0.26660577262998575,
      0.2753814845788191,
      0.2745398212487799,
      0.2828105916955677,
      0.28315756325658165,
      0.2966364305607301,
      0.32798303490608616,
      0.3270164028393653,
      0.2887739816739964,
      0.2722086811389997,
      0.30588881406905905,
      0.27358601572931024,
      0.3014686636113581,
      0.2715708347753196,
      0.2749193706366129,
      0.33416563907851177,
      0.3480914836253174,
      0.376525393886373,
      0.40263586166407855,
      0.4362822182955295,
      0.43487136143648203,
      0.4346273109631838,
      0.3949160095428738,
      0.39115825431248635,
      0.3395251425935438,
      0.44550853329498,
      0.39788604254930204,
      0.40635045827791694,
      0.3796605530213593,
      0.3406753480114607,
      0.2871745018969034,
      0.2685224655058647,
      0.2815305195535374,
      0.2664214607086555,
      0.27609019737984825,
      0.2902370116070867,
      0.28736350663123766,
      0.27576416266644416,
      0.2801269005930319,
      0.25038226181790735,
      0.21833697053985326,
      0.22803116044777608,
      0.2589521722822347,
      0.23995900657494112
   ],
   "0.75": [
      0.0928123321842871,
      0.07866028087066557,
      0.08436501084304654,
      0.11396053357494328,
      0.11508299084184047,
      0.1055211826109792,
      0.11776101050916582,
      0.1266730169641692,
      0.11724385631404517,
      0.10167519747517119,
      0.10373455028138964,
      0.131725556455124,
      0.14834522648153098,
      0.11162583899316941,
      0.1313678911432386,
      0.13291392426523965,
      0.12918515672384925,
      0.12270666710303815,
      0.16062821554710205,
      0.16508430171355182,
      0.1775172446935166,
      0.20412154601528978,
      0.19679167309806053,
      0.2001029068797091,
      0.20404215815365587,
      0.21491728722852216,
      0.24070631531330988,
      0.19215966529037415,
      0.16159101009636848,
      0.19954425517656507,
      0.22220631206358224,
      0.18194439995015632,
      0.17916016798708542,
      0.15873470986635063,
      0.15339803500164675,
      0.14707059457282046,
      0.12532566001572404,
      0.13698623036435917,
      0.12797633882464873,
      0.1413951404982945,
      0.10246393693901405,
      0.11427727485221739,
      0.12872282063984616,
      0.11935142890350992,
      0.09682832979303038,
      0.11188760382572907,
      0.10540923616594514,
      0.12635115111115242
   ]
}