{
   "0.95": [
      0.3212760689534389,
      0.3534676431655388,
      0.4681228691659478,
      0.4421952244986396,
      0.38093265264425963,
      0.38844836969937546,
      0.3642573984336135,
      0.4640275312549772,
      0.3722771853769831,
      0.4121128125363171,
      0.519638349897802,
      0.4967646411126493,
      0.4828763571954798,
      0.47277456427232445,
      0.49894068696035015,
      0.46563932960225557,
      0.5526390326581302,
      0.6074392911466862,
      0.5497234713806827,
      0.6338964145059247,
      0.5521447785449005,
      0.604723306380897,
      0.5191626205194394,
      0.5483591479113442,
      0.5625179988258632,
      0.6091963212199817,
      0.5182085180705098,
      0.45821739017051,
      0.47327322951965,
      0.5547689787216683,
      0.4674204985558937,
      0.4937167807603083,
      0.42062140774913664,
      0.40336488717544844,
      0.378559236811071,
      0.3563343052870643,
      0.3236328313825255,
      0.3090322904832579,
      0.3770009338012061,
      0.36203199027043725,
      0.3100225430678328,
      0.34390037195325085,
      0.4099154290917708,
      0.47987110843995257,
      0.3637356933344228,
      0.3393362601521779,
      0.4620989244081828,
      0.45428744098193624
   ],
   "0.9": [
      0.19152086867322174,
      0.2345935447156483,
      0.3328918022448638,
      0.2940868788549212,
      0.2983357068041066,
      0.30293681473645345,
      0.3022970770972919,
      0.3420218463644655,
      0.2767065473694874,
      0.33179868845825483,
      0.37102797433774437,
      0.37333661490273384,
      0.33591847232363703,
      0.3446460755942611,
      0.3706200972630626,
      0.3189182280940928,
      0.40928192598077123,
      0.47615670048127656,
      0.4308899454048092,
      0.5126438073378012,
      0.4359644517020029,
      0.39454106846644665,
      0.4060314910156506,
      0.4094266349369084,
      0.42342648178724396,
      0.41030209660319195,
      0.41064663109282573,
      0.3494029530999661,
      0.37602650965794165,
      0.412899823869114,
      0.38393619936856505,
      0.4059119812553265,
      0.32789603649491084,
      0.28698932084380213,
      0.2845250180688959,
      0.28512300722984507,
      0.20717544510697616,
      0.2448981442249179,
      0.2892036506370364,
      0.288765116463529,
      0.25008418870808496,
      0.2700140688986987,
      0.291188343139066,
      0.31514969512163854,
      0.290739083817906,
      0.2686323072739284,
      0.33421959603608664,
      0.3665907971072874
   ],
   "0.75": [
      0.10641762365833521,
      0.12668309972412256,
      0.139011760097416,
      0.11486593850653577,
      0.12162326023325391,
      0.12540524057138683,
      0.13823180853394781,
      0.16275899712520386,
      0.1419495418819859,
      0.15830307971563765,
      0.11630949995837374,
      0.15679781338054044,
      0.16701587176727528,
      0.14124171591236862,
      0.1811722644233744,
      0.1737433214804198,
      0.23715204982152735,
      0.21743970849794386,
      0.23571351958280085,
      0.2733804412793869,
      0.2622629745902384,
      0.24874590419322964,
      0.21406073901894668,
      0.2197909904588398,
      0.20987704261144113,
      0.2169176667683364,
      0.2211707055746944,
      0.19537354494554238,
      0.1805731139725144,
      0.18832302647653493,
      0.23432250009010108,
      0.17290333826579765,
      0.16270161328041513,
      0.15117996325905225,
      0.1482037965724386,
      0.1423974716793197,
      0.11943859474835197,
      0.142449763235037,
      0.15329796632184653,
      0.13703979178808937,
      0.13168588264812542,
      0.14323965982278894,
      0.15653924386698537,
      0.1715864518976773,
      0.13886541085540158,
      0.1333283173040592,
      0.1800828949000216,
      0.1678647200961417
   ]
}