{
   "0.95": [
      0.85,
      0.875,
      0.9152542372881356,
      0.9067796610169492,
      0.8220338983050848,
      0.8559322033898306,
      0.8050847457627118,
      0.8813559322033898,
      0.7966101694915254,
      0.847457627118644,
      0.8898305084745762,
      0.8983050847457628,
      0.9067796610169492,
      0.847457627118644,
      0.8487394957983193,
      0.8907563025210085,
      0.8907563025210085,
      0.9159663865546218,
      0.8487394957983193,
      0.8991596638655462,
      0.8319327731092437,
      0.8739495798319328,
      0.825,
      0.8319327731092437,
      0.8487394957983193,
      0.8305084745762712,
      0.8050847457627118,
      0.8305084745762712,
      0.8813559322033898,
      0.8916666666666667,
      0.8512396694214877,
      0.9090909090909091,
      0.8416666666666667,
      0.7768595041322314,
      0.8512396694214877,
      0.8429752066115702,
      0.8016528925619835,
      0.7933884297520661,
      0.8181818181818182,
      0.819672131147541,
      0.7950819672131147,
      0.8032786885245902,
      0.8455284552845529,
      0.8861788617886179,
      0.8064516129032258,
      0.7398373983739838,
      0.8292682926829268,
      0.8114754098360656
   ],
   "0.9": [
      0.675,
      0.6916666666666667,
      0.8135593220338984,
      0.7966101694915254,
      0.7203389830508474,
      0.7203389830508474,
      0.7627118644067796,
      0.7796610169491526,
      0.6779661016949152,
      0.7372881355932204,
      0.8305084745762712,
      0.8050847457627118,
      0.7711864406779662,
      0.7457627118644068,
      0.7647058823529411,
      0.7394957983193278,
      0.7983193277310925,
      0.8403361344537815,
      0.7647058823529411,
      0.8403361344537815,
      0.7647058823529411,
      0.7058823529411765,
      0.725,
      0.7478991596638656,
      0.7647058823529411,
      0.6694915254237288,
      0.6864406779661016,
      0.711864406779661,
      0.788135593220339,
      0.8333333333333334,
      0.7851239669421488,
      0.8512396694214877,
      0.7666666666666667,
      0.7272727272727273,
      0.7107438016528925,
      0.7933884297520661,
      0.6611570247933884,
      0.6859504132231405,
      0.7768595041322314,
      0.7704918032786885,
      0.7131147540983607,
      0.7131147540983607,
      0.7235772357723578,
      0.7642276422764228,
      0.7338709677419355,
      0.6422764227642277,
      0.7317073170731707,
      0.7131147540983607
   ],
   "0.75": [
      0.4666666666666667,
      0.5333333333333333,
      0.5254237288135594,
      0.4322033898305085,
      0.423728813559322,
      0.4576271186440678,
      0.5084745762711864,
      0.4915254237288136,
      0.4491525423728814,
      0.4745762711864407,
      0.4322033898305085,
      0.4576271186440678,
      0.4915254237288136,
      0.3728813559322034,
      0.44537815126050423,
      0.5210084033613446,
      0.5294117647058824,
      0.40336134453781514,
      0.44537815126050423,
      0.4369747899159664,
      0.4957983193277311,
      0.5210084033613446,
      0.475,
      0.4789915966386555,
      0.44537815126050423,
      0.4322033898305085,
      0.4067796610169492,
      0.4576271186440678,
      0.4661016949152542,
      0.5333333333333333,
      0.6115702479338843,
      0.48760330578512395,
      0.43333333333333335,
      0.48760330578512395,
      0.4628099173553719,
      0.47107438016528924,
      0.5206611570247934,
      0.4793388429752066,
      0.5454545454545454,
      0.45081967213114754,
      0.45901639344262296,
      0.38524590163934425,
      0.5040650406504065,
      0.5203252032520326,
      0.47580645161290325,
      0.43089430894308944,
      0.45528455284552843,
      0.4016393442622951
   ]
}