{
   "0.95": [
      0.3046068000069885,
      0.2194046134380406,
      0.6402440062641498,
      0.6478415903368012,
      0.5547063418856141,
      0.5152158025508037,
      0.3859315548150049,
      0.5868054192721855,
      0.40994297806436103,
      0.47223845336789705,
      0.4350894678933597,
      0.44246591615313713,
      0.4097667103155225,
      0.5019706526995003,
      0.4577542360197619,
      0.4113317200118134,
      0.4412654374688436,
      0.46984519236087635,
      0.5159726146012759,
      0.49185271451370677,
      0.5792930272801794,
      0.6201744064579497,
      0.5479221535255044,
      0.5838682095981635,
      0.5951964316004026,
      0.6591929216316144,
      0.6670298184683929,
      0.6323617076102738,
      0.683831667906481,
      0.7690768250016747,
      0.7432549733224141,
      0.6940294265925082,
      0.7080776502235043,
      0.6253501181681709,
      0.6497678838246689,
      0.49786503084947387,
      0.49502323742889837,
      0.4179418207316118,
      0.4765903889628108,
      0.1286719617346179,
      0.10191245005872838,
      0.06294811438525033,
      0.06697386113378599,
      0.06119907251134355,
      0.06161638998867173,
      0.07006068425405139,
      0.04021508136085842,
      0.20343547542833715
   ],
   "0.9": [
      0.2036518507396535,
      0.18440260592060748,
      0.5080860333061774,
      0.5953188644174718,
      0.48558033109764304,
      0.443661554669096,
      0.2932411871862964,
      0.39649378396636276,
      0.3265024283465836,
      0.2977937678012218,
      0.2934235269738669,
      0.280543143713972,
      0.28725033759986185,
      0.3367840820070137,
      0.30590970474535445,
      0.25232595436307353,
      0.33558861947767066,
      0.3252896847897711,
      0.39555067094516116,
      0.3828831441774903,
      0.451360452384175,
      0.4506720497012716,
      0.4436686812087364,
      0.472539584694696,
      0.4606197754827587,
      0.5450028430736377,
      0.47579140429510214,
      0.4421068655333086,
      0.43563889656123167,
      0.5664327708302269,
      0.5038816381972122,
      0.5239343471949665,
      0.5451836750807101,
      0.444340230699326,
      0.421570728335847,
      0.37237932810953533,
      0.33347471548982005,
      0.26368729261306806,
      0.27675226362926875,
      0.07239840169538846,
      0.04978575029802321,
      0.0330932830127737,
      0.05926729132481443,
      0.045733292688794024,
      0.039523702962925164,
      0.05290074017135145,
      0.031036872737384237,
      0.16335149046839167
   ],
   "0.75": [
      0.0716066138670204,
      0.06693808996570633,
      0.2896509084095702,
      0.25318382940456813,
      0.2264748776208464,
      0.27777146371835804,
      0.11819862143075606,
      0.18043298965826088,
      0.14727012308614093,
      0.2066305065812133,
      0.1296859836163805,
      0.053376553389268465,
      0.12204356950186838,
      0.04513982249006596,
      0.08067498337126952,
      0.06046222987993663,
      0.14949085646683305,
      0.15346098457654808,
      0.20509174239893224,
      0.18694963106464477,
      0.2080206357328395,
      0.1965269518712484,
      0.2224351815817765,
      0.20434325056039815,
      0.22033426059503608,
      0.17871368197516058,
      0.22307577115562865,
      0.24284680132418077,
      0.21583018416505945,
      0.20771957970378727,
      0.2318364713646596,
      0.18983577217260542,
      0.1989805218848573,
      0.14869663362025856,
      0.11686165251718394,
      0.1121437471321412,
      0.082180218713282,
      0.08344719206549812,
      0.09095240253141101,
      0.018782256034300417,
      0.033825316568804914,
      0.013783053432458635,
      0.049638398988814884,
      0.017926092285631447,
      0.021647192490598984,
      0.019400848906483248,
      0.017882353048144707,
      0.06319250750635962
   ]
}