{
  "0.95": 0.8935652173913043,
  "0.9": 0.8201739130434783,
  "0.75": 0.5787826086956521
}