{
   "0.95": [
      0.9416666666666667,
      0.95,
      0.9576271186440678,
      0.9491525423728814,
      0.940677966101695,
      0.940677966101695,
      0.9491525423728814,
      0.9491525423728814,
      0.940677966101695,
      0.9067796610169492,
      0.9152542372881356,
      0.923728813559322,
      0.9152542372881356,
      0.9322033898305084,
      0.9327731092436975,
      0.9159663865546218,
      0.8991596638655462,
      0.8907563025210085,
      0.8991596638655462,
      0.8403361344537815,
      0.865546218487395,
      0.8823529411764706,
      0.8083333333333333,
      0.8823529411764706,
      0.8487394957983193,
      0.8389830508474576,
      0.8813559322033898,
      0.8389830508474576,
      0.864406779661017,
      0.8833333333333333,
      0.8760330578512396,
      0.8842975206611571,
      0.875,
      0.8512396694214877,
      0.8842975206611571,
      0.8429752066115702,
      0.8429752066115702,
      0.8760330578512396,
      0.8925619834710744,
      0.8688524590163934,
      0.8524590163934426,
      0.8934426229508197,
      0.8861788617886179,
      0.926829268292683,
      0.9032258064516129,
      0.8780487804878049,
      0.8699186991869918,
      0.9098360655737705
   ],
   "0.9": [
      0.8833333333333333,
      0.925,
      0.9322033898305084,
      0.9322033898305084,
      0.9322033898305084,
      0.9152542372881356,
      0.9152542372881356,
      0.8813559322033898,
      0.8983050847457628,
      0.8728813559322034,
      0.864406779661017,
      0.8305084745762712,
      0.864406779661017,
      0.8728813559322034,
      0.8067226890756303,
      0.8151260504201681,
      0.8151260504201681,
      0.7983193277310925,
      0.7899159663865546,
      0.7647058823529411,
      0.7647058823529411,
      0.7394957983193278,
      0.7166666666666667,
      0.7983193277310925,
      0.773109243697479,
      0.788135593220339,
      0.6949152542372882,
      0.7033898305084746,
      0.7372881355932204,
      0.8166666666666667,
      0.8016528925619835,
      0.8512396694214877,
      0.7666666666666667,
      0.7272727272727273,
      0.743801652892562,
      0.768595041322314,
      0.8099173553719008,
      0.8099173553719008,
      0.859504132231405,
      0.7704918032786885,
      0.7459016393442623,
      0.8360655737704918,
      0.8699186991869918,
      0.8617886178861789,
      0.8306451612903226,
      0.8130081300813008,
      0.8455284552845529,
      0.819672131147541
   ],
   "0.75": [
      0.7666666666666667,
      0.725,
      0.7372881355932204,
      0.711864406779661,
      0.423728813559322,
      0.4661016949152542,
      0.7966101694915254,
      0.7796610169491526,
      0.7203389830508474,
      0.8050847457627118,
      0.7457627118644068,
      0.5847457627118644,
      0.635593220338983,
      0.4745762711864407,
      0.5294117647058824,
      0.4789915966386555,
      0.5210084033613446,
      0.5378151260504201,
      0.5378151260504201,
      0.4957983193277311,
      0.5378151260504201,
      0.4369747899159664,
      0.4583333333333333,
      0.453781512605042,
      0.42857142857142855,
      0.3559322033898305,
      0.3813559322033898,
      0.5,
      0.4915254237288136,
      0.43333333333333335,
      0.5289256198347108,
      0.5619834710743802,
      0.525,
      0.512396694214876,
      0.4297520661157025,
      0.47107438016528924,
      0.45454545454545453,
      0.5206611570247934,
      0.628099173553719,
      0.5737704918032787,
      0.6557377049180327,
      0.7049180327868853,
      0.7479674796747967,
      0.7317073170731707,
      0.6935483870967742,
      0.6666666666666666,
      0.7154471544715447,
      0.6885245901639344
   ]
}