{
   "0.95": [
      0.8583333333333333,
      0.8833333333333333,
      0.9322033898305084,
      0.9491525423728814,
      0.8220338983050848,
      0.8728813559322034,
      0.864406779661017,
      0.8389830508474576,
      0.8050847457627118,
      0.864406779661017,
      0.9152542372881356,
      0.923728813559322,
      0.8983050847457628,
      0.9067796610169492,
      0.907563025210084,
      0.8823529411764706,
      0.8739495798319328,
      0.9495798319327731,
      0.865546218487395,
      0.9243697478991597,
      0.8487394957983193,
      0.8823529411764706,
      0.85,
      0.8319327731092437,
      0.7983193277310925,
      0.8728813559322034,
      0.8135593220338984,
      0.8559322033898306,
      0.864406779661017,
      0.9083333333333333,
      0.8842975206611571,
      0.8760330578512396,
      0.8,
      0.8181818181818182,
      0.8016528925619835,
      0.8264462809917356,
      0.7355371900826446,
      0.768595041322314,
      0.7355371900826446,
      0.8442622950819673,
      0.8278688524590164,
      0.8360655737704918,
      0.8455284552845529,
      0.8536585365853658,
      0.782258064516129,
      0.7479674796747967,
      0.8373983739837398,
      0.7295081967213115
   ],
   "0.9": [
      0.75,
      0.8166666666666667,
      0.8305084745762712,
      0.8559322033898306,
      0.7288135593220338,
      0.7966101694915254,
      0.7288135593220338,
      0.6779661016949152,
      0.7033898305084746,
      0.7711864406779662,
      0.8135593220338984,
      0.7711864406779662,
      0.7796610169491526,
      0.7203389830508474,
      0.8571428571428571,
      0.8067226890756303,
      0.8571428571428571,
      0.8235294117647058,
      0.7563025210084033,
      0.8235294117647058,
      0.8067226890756303,
      0.773109243697479,
      0.7083333333333334,
      0.7899159663865546,
      0.7563025210084033,
      0.7033898305084746,
      0.652542372881356,
      0.7372881355932204,
      0.7203389830508474,
      0.8583333333333333,
      0.7851239669421488,
      0.8264462809917356,
      0.7166666666666667,
      0.7272727272727273,
      0.6776859504132231,
      0.628099173553719,
      0.6694214876033058,
      0.6611570247933884,
      0.6859504132231405,
      0.7622950819672131,
      0.7213114754098361,
      0.7213114754098361,
      0.7723577235772358,
      0.7479674796747967,
      0.7096774193548387,
      0.6341463414634146,
      0.6504065040650406,
      0.6229508196721312
   ],
   "0.75": [
      0.38333333333333336,
      0.4083333333333333,
      0.4406779661016949,
      0.4406779661016949,
      0.5169491525423728,
      0.5084745762711864,
      0.4661016949152542,
      0.4830508474576271,
      0.423728813559322,
      0.4406779661016949,
      0.4152542372881356,
      0.4661016949152542,
      0.4745762711864407,
      0.423728813559322,
      0.5042016806722689,
      0.5630252100840336,
      0.5462184873949579,
      0.4957983193277311,
      0.5378151260504201,
      0.44537815126050423,
      0.4957983193277311,
      0.4957983193277311,
      0.4583333333333333,
      0.42016806722689076,
      0.46218487394957986,
      0.4491525423728814,
      0.4491525423728814,
      0.4406779661016949,
      0.4067796610169492,
      0.5,
      0.5702479338842975,
      0.4793388429752066,
      0.4083333333333333,
      0.49586776859504134,
      0.4628099173553719,
      0.4049586776859504,
      0.4132231404958678,
      0.4297520661157025,
      0.39669421487603307,
      0.4918032786885246,
      0.4344262295081967,
      0.4426229508196721,
      0.4878048780487805,
      0.43902439024390244,
      0.3951612903225806,
      0.4146341463414634,
      0.3902439024390244,
      0.3442622950819672
   ]
}