{
  "0.95": 0.8443478260869566,
  "0.9": 0.7302608695652174,
  "0.75": 0.4523478260869565
}