{
   "0.95": [
      0.9166666666666666,
      0.8833333333333333,
      0.940677966101695,
      0.9576271186440678,
      0.8389830508474576,
      0.9067796610169492,
      0.8813559322033898,
      0.9152542372881356,
      0.847457627118644,
      0.8898305084745762,
      0.9152542372881356,
      0.9322033898305084,
      0.8983050847457628,
      0.9152542372881356,
      0.8991596638655462,
      0.8991596638655462,
      0.8991596638655462,
      0.9495798319327731,
      0.8823529411764706,
      0.9243697478991597,
      0.8823529411764706,
      0.9159663865546218,
      0.9166666666666666,
      0.865546218487395,
      0.865546218487395,
      0.8898305084745762,
      0.8389830508474576,
      0.8728813559322034,
      0.8983050847457628,
      0.9166666666666666,
      0.9090909090909091,
      0.9008264462809917,
      0.8416666666666667,
      0.8429752066115702,
      0.8347107438016529,
      0.8181818181818182,
      0.7768595041322314,
      0.7851239669421488,
      0.8016528925619835,
      0.8524590163934426,
      0.8442622950819673,
      0.8360655737704918,
      0.8455284552845529,
      0.8780487804878049,
      0.8548387096774194,
      0.7804878048780488,
      0.8292682926829268,
      0.7540983606557377
   ],
   "0.9": [
      0.7833333333333333,
      0.8083333333333333,
      0.8220338983050848,
      0.8135593220338984,
      0.7372881355932204,
      0.8135593220338984,
      0.7457627118644068,
      0.7372881355932204,
      0.7033898305084746,
      0.7966101694915254,
      0.847457627118644,
      0.788135593220339,
      0.7542372881355932,
      0.8135593220338984,
      0.8151260504201681,
      0.8319327731092437,
      0.8487394957983193,
      0.8487394957983193,
      0.7983193277310925,
      0.8571428571428571,
      0.8235294117647058,
      0.7983193277310925,
      0.7666666666666667,
      0.8067226890756303,
      0.773109243697479,
      0.711864406779661,
      0.7203389830508474,
      0.7542372881355932,
      0.7288135593220338,
      0.8666666666666667,
      0.8099173553719008,
      0.8512396694214877,
      0.725,
      0.7272727272727273,
      0.7107438016528925,
      0.6694214876033058,
      0.7024793388429752,
      0.6694214876033058,
      0.71900826446281,
      0.7622950819672131,
      0.7377049180327869,
      0.7295081967213115,
      0.7886178861788617,
      0.7560975609756098,
      0.75,
      0.6666666666666666,
      0.6910569105691057,
      0.6311475409836066
   ],
   "0.75": [
      0.425,
      0.48333333333333334,
      0.5,
      0.423728813559322,
      0.4661016949152542,
      0.4491525423728814,
      0.4745762711864407,
      0.4915254237288136,
      0.4152542372881356,
      0.4661016949152542,
      0.4745762711864407,
      0.5,
      0.4067796610169492,
      0.4406779661016949,
      0.48739495798319327,
      0.5294117647058824,
      0.5798319327731093,
      0.5462184873949579,
      0.5546218487394958,
      0.5126050420168067,
      0.5126050420168067,
      0.4957983193277311,
      0.48333333333333334,
      0.4957983193277311,
      0.4957983193277311,
      0.4491525423728814,
      0.4830508474576271,
      0.4322033898305085,
      0.4661016949152542,
      0.55,
      0.5702479338842975,
      0.48760330578512395,
      0.4666666666666667,
      0.48760330578512395,
      0.4793388429752066,
      0.4380165289256198,
      0.4132231404958678,
      0.3884297520661157,
      0.4297520661157025,
      0.4918032786885246,
      0.47540983606557374,
      0.48360655737704916,
      0.5040650406504065,
      0.4959349593495935,
      0.4596774193548387,
      0.43089430894308944,
      0.43902439024390244,
      0.3770491803278688
   ]
}