{
  "0.95": 0.8951304347826087,
  "0.9": 0.7989565217391305,
  "0.75": 0.5219130434782608
}