{
   "0.95": [
      0.85,
      0.875,
      0.9152542372881356,
      0.940677966101695,
      0.8898305084745762,
      0.8728813559322034,
      0.8813559322033898,
      0.9067796610169492,
      0.8559322033898306,
      0.864406779661017,
      0.9152542372881356,
      0.9152542372881356,
      0.923728813559322,
      0.8983050847457628,
      0.8487394957983193,
      0.907563025210084,
      0.907563025210084,
      0.9327731092436975,
      0.8907563025210085,
      0.8907563025210085,
      0.8571428571428571,
      0.8991596638655462,
      0.8833333333333333,
      0.8739495798319328,
      0.8907563025210085,
      0.864406779661017,
      0.864406779661017,
      0.864406779661017,
      0.9067796610169492,
      0.9083333333333333,
      0.8677685950413223,
      0.9173553719008265,
      0.8666666666666667,
      0.8347107438016529,
      0.8760330578512396,
      0.8512396694214877,
      0.8016528925619835,
      0.8264462809917356,
      0.8264462809917356,
      0.8524590163934426,
      0.8278688524590164,
      0.819672131147541,
      0.8780487804878049,
      0.8943089430894309,
      0.8387096774193549,
      0.7804878048780488,
      0.8536585365853658,
      0.8360655737704918
   ],
   "0.9": [
      0.7416666666666667,
      0.7333333333333333,
      0.8135593220338984,
      0.7796610169491526,
      0.7542372881355932,
      0.7796610169491526,
      0.7457627118644068,
      0.7966101694915254,
      0.7203389830508474,
      0.7627118644067796,
      0.847457627118644,
      0.7966101694915254,
      0.788135593220339,
      0.7542372881355932,
      0.7983193277310925,
      0.7983193277310925,
      0.8571428571428571,
      0.8487394957983193,
      0.7815126050420168,
      0.8403361344537815,
      0.773109243697479,
      0.773109243697479,
      0.7583333333333333,
      0.7394957983193278,
      0.7983193277310925,
      0.7203389830508474,
      0.711864406779661,
      0.7372881355932204,
      0.788135593220339,
      0.8416666666666667,
      0.8099173553719008,
      0.8512396694214877,
      0.775,
      0.7355371900826446,
      0.743801652892562,
      0.743801652892562,
      0.6942148760330579,
      0.628099173553719,
      0.768595041322314,
      0.7704918032786885,
      0.7459016393442623,
      0.7213114754098361,
      0.7723577235772358,
      0.7886178861788617,
      0.75,
      0.6585365853658537,
      0.7479674796747967,
      0.7540983606557377
   ],
   "0.75": [
      0.43333333333333335,
      0.5583333333333333,
      0.5508474576271186,
      0.5084745762711864,
      0.4406779661016949,
      0.4830508474576271,
      0.576271186440678,
      0.5169491525423728,
      0.4576271186440678,
      0.4491525423728814,
      0.5,
      0.4915254237288136,
      0.4915254237288136,
      0.4067796610169492,
      0.453781512605042,
      0.5294117647058824,
      0.5378151260504201,
      0.5378151260504201,
      0.5042016806722689,
      0.5126050420168067,
      0.5210084033613446,
      0.5126050420168067,
      0.49166666666666664,
      0.46218487394957986,
      0.4789915966386555,
      0.4661016949152542,
      0.4576271186440678,
      0.4406779661016949,
      0.4745762711864407,
      0.5416666666666666,
      0.6033057851239669,
      0.49586776859504134,
      0.49166666666666664,
      0.4628099173553719,
      0.47107438016528924,
      0.49586776859504134,
      0.4049586776859504,
      0.4297520661157025,
      0.5289256198347108,
      0.48360655737704916,
      0.5,
      0.4016393442622951,
      0.5447154471544715,
      0.5528455284552846,
      0.5,
      0.4959349593495935,
      0.4634146341463415,
      0.4098360655737705
   ]
}