{
  "0.95": 0.8735652173913043,
  "0.9": 0.7673043478260869,
  "0.75": 0.4900869565217391
}