{
   "0.95": [
      0.925,
      0.9416666666666667,
      0.923728813559322,
      0.8898305084745762,
      0.8898305084745762,
      0.8983050847457628,
      0.9491525423728814,
      0.9491525423728814,
      0.9152542372881356,
      0.923728813559322,
      0.9152542372881356,
      0.9576271186440678,
      0.940677966101695,
      0.9576271186440678,
      0.957983193277311,
      0.9327731092436975,
      0.9243697478991597,
      0.907563025210084,
      0.9243697478991597,
      0.8823529411764706,
      0.8907563025210085,
      0.8907563025210085,
      0.8833333333333333,
      0.8991596638655462,
      0.8823529411764706,
      0.8389830508474576,
      0.9067796610169492,
      0.864406779661017,
      0.8728813559322034,
      0.9083333333333333,
      0.8842975206611571,
      0.9008264462809917,
      0.9083333333333333,
      0.8760330578512396,
      0.9008264462809917,
      0.8429752066115702,
      0.8512396694214877,
      0.8677685950413223,
      0.9090909090909091,
      0.8770491803278688,
      0.8934426229508197,
      0.9098360655737705,
      0.7154471544715447,
      0.8861788617886179,
      0.8790322580645161,
      0.8536585365853658,
      0.8617886178861789,
      0.819672131147541
   ],
   "0.9": [
      0.8666666666666667,
      0.9,
      0.8050847457627118,
      0.7966101694915254,
      0.8220338983050848,
      0.7542372881355932,
      0.8559322033898306,
      0.8728813559322034,
      0.8135593220338984,
      0.8728813559322034,
      0.847457627118644,
      0.8898305084745762,
      0.7966101694915254,
      0.8813559322033898,
      0.8403361344537815,
      0.8151260504201681,
      0.8487394957983193,
      0.8487394957983193,
      0.8151260504201681,
      0.7899159663865546,
      0.773109243697479,
      0.7647058823529411,
      0.75,
      0.8151260504201681,
      0.7983193277310925,
      0.7796610169491526,
      0.7203389830508474,
      0.7288135593220338,
      0.7542372881355932,
      0.8416666666666667,
      0.8099173553719008,
      0.859504132231405,
      0.7833333333333333,
      0.7355371900826446,
      0.7933884297520661,
      0.7603305785123967,
      0.7603305785123967,
      0.8016528925619835,
      0.8264462809917356,
      0.7540983606557377,
      0.6885245901639344,
      0.8524590163934426,
      0.6016260162601627,
      0.8292682926829268,
      0.717741935483871,
      0.7723577235772358,
      0.7723577235772358,
      0.7868852459016393
   ],
   "0.75": [
      0.65,
      0.5416666666666666,
      0.6101694915254238,
      0.576271186440678,
      0.559322033898305,
      0.4745762711864407,
      0.5847457627118644,
      0.7033898305084746,
      0.576271186440678,
      0.6016949152542372,
      0.6016949152542372,
      0.6864406779661016,
      0.5423728813559322,
      0.5932203389830508,
      0.5714285714285714,
      0.4957983193277311,
      0.6134453781512605,
      0.6134453781512605,
      0.6302521008403361,
      0.5378151260504201,
      0.5546218487394958,
      0.4957983193277311,
      0.4666666666666667,
      0.46218487394957986,
      0.4369747899159664,
      0.3644067796610169,
      0.4322033898305085,
      0.5,
      0.5,
      0.49166666666666664,
      0.5867768595041323,
      0.5950413223140496,
      0.5083333333333333,
      0.5289256198347108,
      0.4297520661157025,
      0.4297520661157025,
      0.4132231404958678,
      0.39669421487603307,
      0.5289256198347108,
      0.3442622950819672,
      0.45901639344262296,
      0.4672131147540984,
      0.34146341463414637,
      0.6016260162601627,
      0.3790322580645161,
      0.5284552845528455,
      0.5040650406504065,
      0.5655737704918032
   ]
}