{
   "0.95": [
      0.9166666666666666,
      0.8916666666666667,
      0.9576271186440678,
      0.9491525423728814,
      0.8305084745762712,
      0.8898305084745762,
      0.8728813559322034,
      0.8813559322033898,
      0.8389830508474576,
      0.8728813559322034,
      0.9152542372881356,
      0.923728813559322,
      0.9067796610169492,
      0.8898305084745762,
      0.8991596638655462,
      0.907563025210084,
      0.9327731092436975,
      0.9159663865546218,
      0.9159663865546218,
      0.8907563025210085,
      0.8823529411764706,
      0.907563025210084,
      0.9,
      0.8571428571428571,
      0.8991596638655462,
      0.8983050847457628,
      0.8728813559322034,
      0.8728813559322034,
      0.8389830508474576,
      0.875,
      0.859504132231405,
      0.8512396694214877,
      0.7833333333333333,
      0.7768595041322314,
      0.7851239669421488,
      0.7768595041322314,
      0.7933884297520661,
      0.7851239669421488,
      0.7933884297520661,
      0.860655737704918,
      0.860655737704918,
      0.8442622950819673,
      0.8861788617886179,
      0.9105691056910569,
      0.8790322580645161,
      0.8130081300813008,
      0.8536585365853658,
      0.8032786885245902
   ],
   "0.9": [
      0.7666666666666667,
      0.7916666666666666,
      0.8389830508474576,
      0.8135593220338984,
      0.7457627118644068,
      0.788135593220339,
      0.7542372881355932,
      0.711864406779661,
      0.6779661016949152,
      0.7372881355932204,
      0.8305084745762712,
      0.7711864406779662,
      0.7796610169491526,
      0.7966101694915254,
      0.8151260504201681,
      0.8319327731092437,
      0.8319327731092437,
      0.7815126050420168,
      0.8151260504201681,
      0.7899159663865546,
      0.773109243697479,
      0.7899159663865546,
      0.7583333333333333,
      0.7983193277310925,
      0.8067226890756303,
      0.7966101694915254,
      0.7542372881355932,
      0.7457627118644068,
      0.7288135593220338,
      0.7666666666666667,
      0.768595041322314,
      0.768595041322314,
      0.6916666666666667,
      0.6859504132231405,
      0.7107438016528925,
      0.6776859504132231,
      0.6611570247933884,
      0.6776859504132231,
      0.71900826446281,
      0.7786885245901639,
      0.7622950819672131,
      0.7213114754098361,
      0.8048780487804879,
      0.8048780487804879,
      0.75,
      0.6910569105691057,
      0.7073170731707317,
      0.680327868852459
   ],
   "0.75": [
      0.45,
      0.48333333333333334,
      0.5,
      0.5254237288135594,
      0.4661016949152542,
      0.4745762711864407,
      0.4745762711864407,
      0.4915254237288136,
      0.3813559322033898,
      0.4322033898305085,
      0.4661016949152542,
      0.5,
      0.4491525423728814,
      0.3983050847457627,
      0.44537815126050423,
      0.5462184873949579,
      0.4789915966386555,
      0.4789915966386555,
      0.5966386554621849,
      0.5210084033613446,
      0.46218487394957986,
      0.48739495798319327,
      0.48333333333333334,
      0.5042016806722689,
      0.5210084033613446,
      0.4322033898305085,
      0.4661016949152542,
      0.423728813559322,
      0.3983050847457627,
      0.4583333333333333,
      0.4132231404958678,
      0.4628099173553719,
      0.4583333333333333,
      0.47107438016528924,
      0.4214876033057851,
      0.4214876033057851,
      0.4049586776859504,
      0.39669421487603307,
      0.4462809917355372,
      0.5081967213114754,
      0.47540983606557374,
      0.4918032786885246,
      0.4878048780487805,
      0.5528455284552846,
      0.4838709677419355,
      0.4634146341463415,
      0.4715447154471545,
      0.45081967213114754
   ]
}