{
   "0.95": [
      0.32237656183542246,
      0.3661907059410554,
      0.49397406921225434,
      0.4771012591314835,
      0.4137807319209617,
      0.42228979948117706,
      0.4239848157631001,
      0.4956079024371987,
      0.4344802824015628,
      0.46912252327817827,
      0.5573339887075367,
      0.5422573095513893,
      0.5063649552600406,
      0.508428351147143,
      0.5173431075279507,
      0.4977135588847693,
      0.5893706852016026,
      0.6435315589350888,
      0.5895403681981345,
      0.6692747420975804,
      0.6030967042079847,
      0.6480505824679718,
      0.580861437796758,
      0.5779306242386666,
      0.5859926630846444,
      0.6501754376026624,
      0.573557573671143,
      0.49776073055780445,
      0.5050016885245051,
      0.5514043289107132,
      0.4973789969129101,
      0.506109055602603,
      0.4441049200946448,
      0.42363721530308646,
      0.41414227328408715,
      0.3963260256372281,
      0.3254876106828843,
      0.3489190034456265,
      0.395735243962485,
      0.41405890007544577,
      0.3570300153544061,
      0.3811169962014037,
      0.4578803319207853,
      0.5038347112130765,
      0.41963059587992146,
      0.3776575200642016,
      0.497327589671702,
      0.5073702307456028
   ],
   "0.9": [
      0.21305449723535738,
      0.2602006812399226,
      0.32185284209786097,
      0.30100724899721915,
      0.3037872242479194,
      0.31557816378159814,
      0.3089564057868887,
      0.3603868360358034,
      0.3231614554078934,
      0.3499368721465787,
      0.3916472311122226,
      0.37051563515913427,
      0.36057450568459143,
      0.35112546106655396,
      0.38754874481696305,
      0.3534095985974469,
      0.4453934907783498,
      0.49128666877017574,
      0.4605236651576148,
      0.5362112087785693,
      0.46886326444253024,
      0.43473671548883835,
      0.4339437533769512,
      0.43290143225873234,
      0.4483197888322362,
      0.4452775911075145,
      0.4322993737181762,
      0.3741762303242696,
      0.3841710022262577,
      0.42191512822919736,
      0.3946440641268292,
      0.4053459697729942,
      0.3412563953540507,
      0.3041717010819788,
      0.3084435034934509,
      0.28665778127265473,
      0.23439863190424165,
      0.25491499905604703,
      0.30476763424264475,
      0.30184230215850577,
      0.26550694852864554,
      0.2877733755483554,
      0.3270095889802598,
      0.3437862078538927,
      0.3014267070519238,
      0.29051290647153183,
      0.3664209699988037,
      0.3903589772043095
   ],
   "0.75": [
      0.10047056468763291,
      0.12553705376104643,
      0.13475485830249334,
      0.12437463907843438,
      0.12961784006600194,
      0.13923851592931116,
      0.14497281647896496,
      0.161506953820642,
      0.15190146669849566,
      0.15495831845367952,
      0.1533895468575931,
      0.16621751189122652,
      0.16925258544864738,
      0.14939347630278405,
      0.18616486651661807,
      0.185851911440009,
      0.24214771524376255,
      0.25396625150479635,
      0.2648470167090086,
      0.2950178702262235,
      0.27558700723118174,
      0.2424510858066791,
      0.22249935005027044,
      0.21944204339072432,
      0.22024618992929423,
      0.22380494731480058,
      0.2359815736392253,
      0.19789316592606482,
      0.1913808922541363,
      0.1944304030582429,
      0.22819654885302523,
      0.18454929824311414,
      0.1750976281959352,
      0.1551675750337209,
      0.1490875500769898,
      0.14532945922909163,
      0.12709270921907273,
      0.14424328973079031,
      0.15586352360800249,
      0.14887903207593423,
      0.1443961992574996,
      0.14889406140623887,
      0.1630499559814969,
      0.17554764725080654,
      0.15182565895006808,
      0.15202589025625116,
      0.18697409179266972,
      0.18342951838164495
   ]
}