{
  "0.95": 0.8733913043478261,
  "0.9": 0.7666086956521739,
  "0.75": 0.4751304347826087
}