{
   "0.95": [
      0.33214752846976003,
      0.2622108736527954,
      0.6714943285388085,
      0.6936459665761443,
      0.6381191525428179,
      0.6166957867081188,
      0.480399987901896,
      0.7159900003646582,
      0.4996472060665146,
      0.5828792453031428,
      0.489630472300058,
      0.5608294462829554,
      0.5196260367800762,
      0.6052256152200125,
      0.5259369140503265,
      0.4570542314965108,
      0.5029003030367548,
      0.5161410738841251,
      0.5621747070903383,
      0.53849712864066,
      0.6138021821347466,
      0.6559202213277203,
      0.615893705013343,
      0.6261915598684558,
      0.6298254631235374,
      0.6760641264741586,
      0.7106889781922119,
      0.6992997998531575,
      0.6964228858290287,
      0.7873090885778519,
      0.7508864253448582,
      0.7052102354165343,
      0.7342692706618263,
      0.6789254973043164,
      0.6628147028550738,
      0.5261148682193978,
      0.5138131958158991,
      0.4640377466182154,
      0.4934368537664916,
      0.13572167445010705,
      0.10251480676342534,
      0.06738222395139412,
      0.07044523592342805,
      0.06831604770487326,
      0.0629876969901636,
      0.07855442742952679,
      0.04893210786774119,
      0.2016912131756472
   ],
   "0.9": [
      0.23372961310866752,
      0.19502791184334345,
      0.5367632559420858,
      0.5847362307937027,
      0.5134774868914966,
      0.5055854472777881,
      0.318343911896043,
      0.5239471764080885,
      0.374919926871612,
      0.4171296783096497,
      0.35619159748535983,
      0.3615294190109752,
      0.3288168679260692,
      0.38436662603332933,
      0.3547195202603113,
      0.27919809265185613,
      0.3715060003764502,
      0.372261119925488,
      0.4385557188539654,
      0.4165251966464982,
      0.4730926247907163,
      0.5055923287734023,
      0.4750266238763241,
      0.48181877321881633,
      0.4868095117755123,
      0.5462053520566293,
      0.5120531194065949,
      0.472353456367108,
      0.45764675361056456,
      0.575531199869765,
      0.523837787785816,
      0.5360595228890495,
      0.5509585639431757,
      0.45366964937790755,
      0.45019324137982614,
      0.3768372398723996,
      0.3368252760762362,
      0.2837868665174836,
      0.289899337075517,
      0.07426666851256562,
      0.053848544051128336,
      0.039445904193419354,
      0.0587212903422165,
      0.04452511822903021,
      0.03620137104040226,
      0.05311220722220787,
      0.03166253813947621,
      0.16438762422670605
   ],
   "0.75": [
      0.0617021022256534,
      0.07077765781414017,
      0.2866439189752405,
      0.29924942741937066,
      0.2898327364033806,
      0.33053219300112874,
      0.14683412189357323,
      0.2527723524260961,
      0.2024911073469373,
      0.232883269217543,
      0.1935258414119844,
      0.13455893231113944,
      0.16111457668917412,
      0.11640339803678768,
      0.10943338127610097,
      0.08498927321000614,
      0.17845559274045697,
      0.18917819304508685,
      0.24681124245351924,
      0.21064460803650117,
      0.234675876849792,
      0.23091850713689904,
      0.23777343879273258,
      0.21945716501153326,
      0.2297791476367201,
      0.19621838804619915,
      0.25028560135571654,
      0.24859820760387832,
      0.21909143074390067,
      0.22946655343131217,
      0.2400222046808296,
      0.19492304823497542,
      0.20098460247642252,
      0.15771741705612524,
      0.12445562656562437,
      0.1130929672671064,
      0.08349209875427331,
      0.08865931588665277,
      0.09142462655318512,
      0.01837107740699087,
      0.03127785314649139,
      0.012939420404375632,
      0.04134397961225105,
      0.015984683844135008,
      0.015054957821459176,
      0.023196762589283913,
      0.010283285410136287,
      0.06745862286676234
   ]
}