{
   "0.95": [
      0.33221777800708,
      0.3578435774461038,
      0.4781031619836789,
      0.44286304273566685,
      0.39180002835993233,
      0.4169687480949203,
      0.44862894336753845,
      0.47424567515822164,
      0.43138828385923594,
      0.4815552943272015,
      0.5378994705625542,
      0.533555571278078,
      0.49061126587499837,
      0.488894524270151,
      0.42529109805086385,
      0.38887846200132403,
      0.4310096728365358,
      0.41516465816340026,
      0.3994494513753843,
      0.469043660779922,
      0.4667620451144119,
      0.5443865952939283,
      0.5690956046480321,
      0.5835750274850023,
      0.5947890007388831,
      0.6322023450562702,
      0.5524011450974834,
      0.5188178889805687,
      0.5102310101595191,
      0.5959195520349816,
      0.5629834439439922,
      0.5351698896556053,
      0.4917761673777488,
      0.45598484095988645,
      0.42503279376193426,
      0.42754552137124063,
      0.4025613199090107,
      0.395932064563861,
      0.4012006809461626,
      0.4360851857795702,
      0.4407625357277946,
      0.40681488391851345,
      0.4176398659690649,
      0.41395758348997375,
      0.34939476915513074,
      0.3809255896604694,
      0.4376842337297154,
      0.3734807295434614
   ],
   "0.9": [
      0.23060740263865198,
      0.2462415321889087,
      0.2913752267049489,
      0.2948079626314499,
      0.27599009132440644,
      0.30406779285862784,
      0.30705275166277146,
      0.3119445687316874,
      0.30501740417676504,
      0.3312505429835237,
      0.36740325462270423,
      0.34675198941613145,
      0.31846814939683915,
      0.30094199223701656,
      0.31095300104822676,
      0.28247987950553355,
      0.31976143378736344,
      0.29773561294088186,
      0.3048615092818893,
      0.36096671330565533,
      0.3661653410918591,
      0.39572550072981616,
      0.43022671019288355,
      0.4414975032028153,
      0.4451936846200367,
      0.4511966499460175,
      0.42516414427329347,
      0.38642672431982455,
      0.3634325832163059,
      0.464303336520351,
      0.41708470557634225,
      0.4220312740016195,
      0.39264678599703745,
      0.3457395960642835,
      0.3218823533932176,
      0.2970438871722096,
      0.30105504451837134,
      0.2884458048392682,
      0.2949679090731417,
      0.3039514045394823,
      0.2980682231362103,
      0.29170248066034216,
      0.2977264345471122,
      0.2792254808998311,
      0.23910576700524036,
      0.2624707165196615,
      0.2823494071265146,
      0.2695342336452214
   ],
   "0.75": [
      0.10218121914740272,
      0.09836674750890279,
      0.10447428226907422,
      0.11916775862822818,
      0.11231908556899414,
      0.117687722298382,
      0.12560800573683795,
      0.1292935545687121,
      0.12424074912662607,
      0.1139776850740094,
      0.12766539781991124,
      0.13751982972769305,
      0.1359284999199929,
      0.12022615567885875,
      0.13281575221540276,
      0.12771008452489466,
      0.14779851005877487,
      0.13683044736879416,
      0.1689316047227952,
      0.1802270216159698,
      0.19738750691473098,
      0.2083754057132092,
      0.21054506236813159,
      0.2172025147027142,
      0.2054023929043688,
      0.21477274624747145,
      0.24047220769353947,
      0.2030680523357123,
      0.1841788586242019,
      0.2204941475416375,
      0.22545021453179298,
      0.18498693315879144,
      0.19399898074740618,
      0.1653122096893141,
      0.15840416375448738,
      0.15244373945464837,
      0.13441434552240822,
      0.13983667665601965,
      0.13654957590910394,
      0.1456411657672238,
      0.11557756782305718,
      0.13124446196983067,
      0.13149453957938473,
      0.13155953237422405,
      0.10876384089446742,
      0.12004468546268329,
      0.12666931148912855,
      0.1413399894230147
   ]
}