{
   "0.95": [
      0.30623910234338897,
      0.32951296828682697,
      0.4721230035261245,
      0.4284775737888444,
      0.384520335005625,
      0.4148882482329663,
      0.418121298379331,
      0.4573601773784265,
      0.4212379194734975,
      0.45129098260376344,
      0.5239933751555461,
      0.4697646277459156,
      0.4902852665140406,
      0.49582440855785426,
      0.4805518610957858,
      0.48605976502082915,
      0.5397232050019207,
      0.4420184007863801,
      0.481463070561807,
      0.4350540436073099,
      0.40645071392787413,
      0.4969660071260433,
      0.46649721223609947,
      0.4449006621353548,
      0.5013288437933573,
      0.49917147302057996,
      0.4586412834602818,
      0.39640906235449114,
      0.37222702127703106,
      0.4040514935212317,
      0.427131705388729,
      0.3959184466860968,
      0.37656895514172894,
      0.3886141068531569,
      0.36882554928326583,
      0.3852904486093734,
      0.40358350679522276,
      0.3908884682056402,
      0.399951521921974,
      0.4345714075041653,
      0.4328602303189605,
      0.40328318005815517,
      0.4607287686573412,
      0.512403636626509,
      0.46080399417716117,
      0.4811368631584401,
      0.5012901649755778,
      0.4495326912712379
   ],
   "0.9": [
      0.2173210497846834,
      0.2308348313132339,
      0.2728041214658404,
      0.268279284904921,
      0.27027016444779706,
      0.2989548955951313,
      0.2982341464902269,
      0.3124386055311848,
      0.29310389586643165,
      0.30353183682512697,
      0.34341136197448174,
      0.3166904896269732,
      0.33151722015275686,
      0.31393029366903885,
      0.3563781235379988,
      0.3107924703615795,
      0.3274165538489719,
      0.306408450467142,
      0.3220086275997294,
      0.292270930964458,
      0.2682548336925955,
      0.3370562069137753,
      0.31823057363508345,
      0.33573834106339834,
      0.3515797048303596,
      0.33301288956405833,
      0.3114990642233702,
      0.26693062592302935,
      0.2533806391210837,
      0.2786141352163968,
      0.2894016222702411,
      0.2682046542763312,
      0.25731878916086287,
      0.2622554067363803,
      0.25850669073007915,
      0.2735824025871069,
      0.27569293720605254,
      0.26196894003797966,
      0.28435281794036155,
      0.2972671148724329,
      0.3054473360567166,
      0.28940961370544416,
      0.3196185142809134,
      0.3341459015423573,
      0.3030580953214075,
      0.32287798809980917,
      0.3260089728009586,
      0.3145616381356575
   ],
   "0.75": [
      0.09045748179374474,
      0.09382620793103623,
      0.10570489364591616,
      0.10567486083991319,
      0.10339289107077033,
      0.11848401927932262,
      0.11906543348432373,
      0.1230442143716324,
      0.11186040467670795,
      0.10539149252564749,
      0.11722471091987385,
      0.12732971492287287,
      0.1355624235556688,
      0.11278055000861542,
      0.12860477094123707,
      0.12887860183033564,
      0.10452245593932398,
      0.11234103303456426,
      0.1268858963736363,
      0.10382626698978682,
      0.10018264690177017,
      0.107263950972186,
      0.11649581399409392,
      0.1303813250317386,
      0.15177074491351022,
      0.13887899417642516,
      0.12787851545634962,
      0.11342725496232561,
      0.10421984529749859,
      0.11411734909863387,
      0.12043362409549258,
      0.10910647964066923,
      0.11875873103743906,
      0.11601029215702664,
      0.10849858037967976,
      0.12566740140384566,
      0.11427896319899986,
      0.11192440591986526,
      0.1324096935207961,
      0.1357376030786606,
      0.11349523363310914,
      0.13121244152782466,
      0.13855297499672461,
      0.15692462005319108,
      0.13737134655229544,
      0.14907243441760382,
      0.14878880578539547,
      0.15988174272114586
   ]
}