{
  "0.95": 0.8688695652173913,
  "0.9": 0.7591304347826087,
  "0.75": 0.4683478260869565
}