{
   "0.95": [
      0.8125,
      0.5652173913043478,
      0.5416666666666666,
      0.5833333333333334,
      0.4583333333333333,
      0.375,
      0.5,
      0.5,
      0.52,
      0.56,
      0.52,
      0.56,
      0.56,
      0.5384615384615384,
      0.5,
      0.5384615384615384,
      0.19230769230769232,
      0.15384615384615385,
      0.34615384615384615,
      0.46153846153846156,
      0.4230769230769231,
      0.4230769230769231,
      0.48,
      0.48,
      0.56,
      0.56,
      0.52,
      0.52,
      0.52,
      0.48,
      0.56,
      0.56,
      0.5,
      0.38461538461538464,
      0.15384615384615385,
      0.23076923076923078,
      0.34615384615384615,
      0.23076923076923078,
      0.20833333333333334,
      0.5833333333333334,
      0.6086956521739131,
      0.5,
      0.5,
      0.38095238095238093,
      0.4444444444444444,
      0.5555555555555556,
      0.6666666666666666,
      0.6470588235294118
   ],
   "0.9": [
      0.8125,
      0.4782608695652174,
      0.5,
      0.5833333333333334,
      0.4583333333333333,
      0.3333333333333333,
      0.4166666666666667,
      0.5,
      0.52,
      0.56,
      0.44,
      0.44,
      0.52,
      0.5384615384615384,
      0.5,
      0.5384615384615384,
      0.19230769230769232,
      0.15384615384615385,
      0.34615384615384615,
      0.4230769230769231,
      0.4230769230769231,
      0.4230769230769231,
      0.48,
      0.48,
      0.48,
      0.48,
      0.52,
      0.48,
      0.48,
      0.44,
      0.44,
      0.36,
      0.46153846153846156,
      0.38461538461538464,
      0.15384615384615385,
      0.11538461538461539,
      0.23076923076923078,
      0.15384615384615385,
      0.16666666666666666,
      0.5833333333333334,
      0.5652173913043478,
      0.4090909090909091,
      0.5,
      0.3333333333333333,
      0.4444444444444444,
      0.5,
      0.6111111111111112,
      0.6470588235294118
   ],
   "0.75": [
      0.375,
      0.21739130434782608,
      0.25,
      0.5,
      0.3333333333333333,
      0.125,
      0.3333333333333333,
      0.375,
      0.44,
      0.44,
      0.4,
      0.28,
      0.36,
      0.34615384615384615,
      0.23076923076923078,
      0.34615384615384615,
      0.038461538461538464,
      0.11538461538461539,
      0.23076923076923078,
      0.07692307692307693,
      0.23076923076923078,
      0.19230769230769232,
      0.08,
      0.04,
      0.0,
      0.08,
      0.04,
      0.2,
      0.16,
      0.24,
      0.2,
      0.32,
      0.23076923076923078,
      0.11538461538461539,
      0.038461538461538464,
      0.07692307692307693,
      0.038461538461538464,
      0.038461538461538464,
      0.08333333333333333,
      0.4583333333333333,
      0.4782608695652174,
      0.4090909090909091,
      0.13636363636363635,
      0.2857142857142857,
      0.3333333333333333,
      0.2777777777777778,
      0.4444444444444444,
      0.4117647058823529
   ]
}