{
   "0.95": [
      1.4852206224401725,
      1.0994242589393115,
      0.417766004162284,
      1.2247451165288668,
      0.4167562881663022,
      0.5737678129273251,
      0.3357725602575656,
      0.3741289328427224,
      0.23879212696798294,
      0.7380808064599526,
      0.423132243064008,
      0.7669119379817533,
      0.653145842717784,
      0.7113951245255993,
      0.5778765715382649,
      0.7227001522792582,
      0.8045939039462242,
      0.9100667527352169,
      0.6306501019378893,
      0.5771365081698226,
      0.5027728796915338,
      0.5518561489523292,
      0.4459339489937988,
      0.4368522071719313,
      0.4709195503704581,
      0.49699585198549023,
      0.3913167726313971,
      0.4184752605630297,
      0.5196407572516982,
      0.5549781419017573,
      0.6254878431938308,
      0.7546824640905304,
      0.8560187160957929,
      1.0085319315353616,
      0.774123494222029,
      0.8957304347664706,
      0.7775706752956061,
      0.9178909940580086,
      0.6009215025950264,
      1.0225336435232908,
      1.057478162033844,
      0.6161502846960836,
      0.4819252902472917,
      0.7819129717140674,
      0.7714996002177732,
      1.278649313619546,
      0.9904531654694917,
      1.0499489217452895
   ],
   "0.9": [
      0.9964962278219331,
      0.803804655783796,
      0.3175764275751714,
      0.5453413695044663,
      0.28727921840939513,
      0.3011540795963506,
      0.29417805108176326,
      0.3023841721227657,
      0.19711804151805962,
      0.6137742190271916,
      0.34823247663461654,
      0.6006373975566406,
      0.5247502126106511,
      0.5432178451066388,
      0.4694166161926184,
      0.5774443846003342,
      0.6919169722542403,
      0.8194346729907935,
      0.5475397965815652,
      0.4793878639526888,
      0.41501734846061034,
      0.4847921446616289,
      0.39258960622778266,
      0.32951780631038247,
      0.3263867413098005,
      0.3088387347595403,
      0.3435630858389542,
      0.3338831943728342,
      0.46557708610477583,
      0.49360480033089144,
      0.5585484229905965,
      0.673838608930975,
      0.7559568647852029,
      0.9041801148633304,
      0.5551278643114111,
      0.6715839220962246,
      0.591610322976302,
      0.629525205392068,
      0.4609824671151086,
      0.7854130863764951,
      0.5996550776093639,
      0.5180827297320162,
      0.38105641113399713,
      0.5267363033034818,
      0.5642804136419062,
      0.9636634748081293,
      0.781932973866301,
      0.8139681500691868
   ],
   "0.75": [
      0.4586430391163923,
      0.40539623118320306,
      0.15058109590028537,
      0.26221150542362,
      0.1274547067859386,
      0.1655585615513122,
      0.13069227721183121,
      0.19355620782096206,
      0.11308063541271737,
      0.3675923697249457,
      0.14976566200490019,
      0.3330949126724597,
      0.2924874480823232,
      0.25404330528266306,
      0.2266079346951476,
      0.3195094836275275,
      0.43354555003372863,
      0.6210888702520297,
      0.37223296080753043,
      0.24998951014596926,
      0.28455716422908767,
      0.26208555129094296,
      0.19319364396916133,
      0.14988386627028907,
      0.1453238395773334,
      0.14934730531386953,
      0.1706091150814042,
      0.21621943357170967,
      0.26336100957613334,
      0.32883269866038517,
      0.3561272657869217,
      0.4757941200008567,
      0.47279635440905177,
      0.35697582982483117,
      0.23389946742194234,
      0.3154420945210207,
      0.23092711314693617,
      0.321527777877058,
      0.24350560207771987,
      0.5242229293394339,
      0.2566825759789369,
      0.24119731831570726,
      0.18183829692795458,
      0.26208540740573383,
      0.2888925313077333,
      0.5032326908030872,
      0.32514757134591077,
      0.40944909567126625
   ]
}