{
   "0.95": [
      0.8125,
      0.5652173913043478,
      0.5416666666666666,
      0.625,
      0.5833333333333334,
      0.5833333333333334,
      0.5833333333333334,
      0.5416666666666666,
      0.56,
      0.56,
      0.56,
      0.6,
      0.6,
      0.5,
      0.5384615384615384,
      0.6153846153846154,
      0.5769230769230769,
      0.5769230769230769,
      0.5769230769230769,
      0.5769230769230769,
      0.5384615384615384,
      0.5384615384615384,
      0.56,
      0.56,
      0.56,
      0.6,
      0.6,
      0.52,
      0.6,
      0.56,
      0.6,
      0.6,
      0.5,
      0.5384615384615384,
      0.5,
      0.5769230769230769,
      0.5769230769230769,
      0.5769230769230769,
      0.5833333333333334,
      0.5833333333333334,
      0.5217391304347826,
      0.5909090909090909,
      0.5454545454545454,
      0.6190476190476191,
      0.7222222222222222,
      0.7222222222222222,
      0.6666666666666666,
      0.5882352941176471
   ],
   "0.9": [
      0.75,
      0.5217391304347826,
      0.5416666666666666,
      0.625,
      0.5416666666666666,
      0.5,
      0.5,
      0.4583333333333333,
      0.52,
      0.56,
      0.56,
      0.52,
      0.52,
      0.4230769230769231,
      0.5,
      0.5,
      0.5769230769230769,
      0.5,
      0.5,
      0.5,
      0.46153846153846156,
      0.46153846153846156,
      0.52,
      0.52,
      0.52,
      0.48,
      0.52,
      0.52,
      0.52,
      0.52,
      0.56,
      0.48,
      0.23076923076923078,
      0.34615384615384615,
      0.38461538461538464,
      0.5384615384615384,
      0.5384615384615384,
      0.5769230769230769,
      0.5833333333333334,
      0.5416666666666666,
      0.5217391304347826,
      0.5454545454545454,
      0.5454545454545454,
      0.42857142857142855,
      0.6111111111111112,
      0.6666666666666666,
      0.5555555555555556,
      0.5294117647058824
   ],
   "0.75": [
      0.3125,
      0.43478260869565216,
      0.375,
      0.4166666666666667,
      0.2916666666666667,
      0.25,
      0.25,
      0.20833333333333334,
      0.32,
      0.36,
      0.36,
      0.32,
      0.24,
      0.2692307692307692,
      0.3076923076923077,
      0.2692307692307692,
      0.3076923076923077,
      0.23076923076923078,
      0.34615384615384615,
      0.19230769230769232,
      0.2692307692307692,
      0.2692307692307692,
      0.24,
      0.28,
      0.36,
      0.4,
      0.36,
      0.12,
      0.2,
      0.16,
      0.36,
      0.12,
      0.07692307692307693,
      0.11538461538461539,
      0.038461538461538464,
      0.11538461538461539,
      0.19230769230769232,
      0.07692307692307693,
      0.2916666666666667,
      0.4166666666666667,
      0.391304347826087,
      0.4090909090909091,
      0.3181818181818182,
      0.19047619047619047,
      0.4444444444444444,
      0.5,
      0.3888888888888889,
      0.5294117647058824
   ]
}