{
  "0.95": 0.3575757575757576,
  "0.9": 0.3047619047619048,
  "0.75": 0.19393939393939394
}