{
   "0.95": [
      0.9375,
      0.6086956521739131,
      0.5416666666666666,
      0.625,
      0.5833333333333334,
      0.5416666666666666,
      0.5,
      0.5416666666666666,
      0.6,
      0.6,
      0.56,
      0.6,
      0.56,
      0.5769230769230769,
      0.5,
      0.5769230769230769,
      0.46153846153846156,
      0.5384615384615384,
      0.5769230769230769,
      0.5,
      0.5,
      0.6153846153846154,
      0.44,
      0.52,
      0.6,
      0.6,
      0.44,
      0.48,
      0.52,
      0.52,
      0.52,
      0.56,
      0.5769230769230769,
      0.5769230769230769,
      0.2692307692307692,
      0.4230769230769231,
      0.5384615384615384,
      0.5769230769230769,
      0.5833333333333334,
      0.5833333333333334,
      0.5217391304347826,
      0.5454545454545454,
      0.5454545454545454,
      0.5714285714285714,
      0.7222222222222222,
      0.7222222222222222,
      0.7222222222222222,
      0.7058823529411765
   ],
   "0.9": [
      0.6875,
      0.5652173913043478,
      0.5416666666666666,
      0.625,
      0.5416666666666666,
      0.5,
      0.4583333333333333,
      0.4166666666666667,
      0.48,
      0.52,
      0.52,
      0.52,
      0.52,
      0.5384615384615384,
      0.46153846153846156,
      0.5384615384615384,
      0.4230769230769231,
      0.4230769230769231,
      0.46153846153846156,
      0.46153846153846156,
      0.38461538461538464,
      0.5,
      0.32,
      0.44,
      0.56,
      0.6,
      0.32,
      0.4,
      0.36,
      0.44,
      0.52,
      0.48,
      0.5,
      0.5,
      0.19230769230769232,
      0.19230769230769232,
      0.3076923076923077,
      0.4230769230769231,
      0.5833333333333334,
      0.5416666666666666,
      0.4782608695652174,
      0.5454545454545454,
      0.5454545454545454,
      0.47619047619047616,
      0.7222222222222222,
      0.6111111111111112,
      0.5555555555555556,
      0.5882352941176471
   ],
   "0.75": [
      0.25,
      0.4782608695652174,
      0.4166666666666667,
      0.4583333333333333,
      0.2916666666666667,
      0.20833333333333334,
      0.20833333333333334,
      0.3333333333333333,
      0.28,
      0.4,
      0.28,
      0.24,
      0.4,
      0.4230769230769231,
      0.23076923076923078,
      0.34615384615384615,
      0.34615384615384615,
      0.2692307692307692,
      0.34615384615384615,
      0.23076923076923078,
      0.15384615384615385,
      0.23076923076923078,
      0.12,
      0.12,
      0.24,
      0.24,
      0.2,
      0.28,
      0.28,
      0.2,
      0.36,
      0.2,
      0.2692307692307692,
      0.15384615384615385,
      0.15384615384615385,
      0.07692307692307693,
      0.0,
      0.11538461538461539,
      0.2916666666666667,
      0.4166666666666667,
      0.34782608695652173,
      0.4090909090909091,
      0.3181818181818182,
      0.14285714285714285,
      0.5,
      0.6111111111111112,
      0.5,
      0.4117647058823529
   ]
}