{
  "0.95": 0.5774891774891775,
  "0.9": 0.5134199134199134,
  "0.75": 0.2787878787878788
}