{
  "0.95": 0.5558441558441558,
  "0.9": 0.47878787878787876,
  "0.75": 0.2805194805194805
}