{
   "0.95": [
      0.9202549779578766,
      0.885995357819687,
      0.7596741686283037,
      0.7805894276542816,
      0.7531694036667774,
      0.9456428605775798,
      0.8655962485294658,
      0.723981006960849,
      0.6451422604445062,
      0.8329954393602453,
      0.7138343402325849,
      0.6983437488482124,
      0.6486733184901354,
      0.5969038669049374,
      0.6132413654072546,
      0.4620681060671558,
      0.3132577948943483,
      0.5738024190664743,
      0.5035619952441124,
      0.5952614927911876,
      0.5360231934070759,
      0.6494817216045938,
      0.64774737031871,
      0.818731065821475,
      1.2279808422283618,
      1.1415495952647787,
      1.1823880772326687,
      0.9179839073294946,
      0.8581138519190712,
      1.1710413847272942,
      1.3839067937114578,
      1.1699926415906057,
      1.0408290148308375,
      0.7449551431032873,
      0.45096376766053187,
      0.5266876305805015,
      0.5951846588055388,
      0.49953965339259926,
      0.9001054078531677,
      0.8566234735680366,
      0.8652444246494885,
      0.8541451836724931,
      0.7644113534440665,
      0.4999798265866855,
      0.8687450762121004,
      0.8104661230459701,
      1.0323737555021477,
      0.9702938988954484
   ],
   "0.9": [
      0.8240691860711418,
      0.6401746751116993,
      0.6126250999876094,
      0.49972645866070314,
      0.519474487969349,
      0.8333927020267613,
      0.7974192375124941,
      0.6358962896339563,
      0.5953226197477705,
      0.7760040103388938,
      0.6801306375058936,
      0.5708333413345467,
      0.5948419003946028,
      0.5279474668622389,
      0.5264309566898454,
      0.40265301495385936,
      0.27002765104808046,
      0.45468929028378824,
      0.4524193562197609,
      0.48888205146037095,
      0.46621800395015495,
      0.5728368791671199,
      0.5854831982412344,
      0.7063735265172111,
      0.9524672377745893,
      0.7118738764201885,
      1.1310147503019958,
      0.8210719927017734,
      0.7400608038228128,
      1.0768975663541787,
      1.1063375504555772,
      0.853154049616117,
      0.7511393679780103,
      0.6717655221167756,
      0.3955462092176402,
      0.4657151566976023,
      0.4664810867879572,
      0.4112824380079331,
      0.7533165704694371,
      0.7476275534729421,
      0.6635694519141464,
      0.6875052984523619,
      0.7127204599169052,
      0.46667286604896135,
      0.8020506567429129,
      0.6203252568858921,
      0.5799321781108918,
      0.585769343126279
   ],
   "0.75": [
      0.266351611422307,
      0.38348287939743964,
      0.3387132513638433,
      0.3614308047957202,
      0.28294913918874504,
      0.42182757961658995,
      0.47454008720778496,
      0.262791372169551,
      0.3495920185558242,
      0.43478708371506464,
      0.3463878898448174,
      0.2724067102407581,
      0.27441425502878297,
      0.2664850020881292,
      0.23985816480054262,
      0.23080484777644483,
      0.16384212988293562,
      0.28619303142324604,
      0.33557690589158856,
      0.21259631192979855,
      0.25800354825424554,
      0.2834965800675659,
      0.22699451976440654,
      0.15770119014085476,
      0.15145139273886696,
      0.23519494664331045,
      0.38880566197867544,
      0.3658346412185129,
      0.2654804444208142,
      0.47290913188566674,
      0.5340265729181619,
      0.566690275026382,
      0.47062969132805305,
      0.22716054033420133,
      0.2227376789939535,
      0.21116858162224916,
      0.20868043780935971,
      0.20508546226503546,
      0.45627069936508724,
      0.5313197657386853,
      0.5155797127822968,
      0.4167104855048852,
      0.3380456427297639,
      0.2800141359804787,
      0.5620628653583081,
      0.4177823965087254,
      0.2720827025698134,
      0.31260198643875453
   ]
}