{
   "0.95": [
      0.8248215287998142,
      0.6589541867211076,
      0.8041882861250611,
      0.7409337628577525,
      0.7575055714250439,
      0.7161778892590641,
      0.7056743746966438,
      0.6113893675104407,
      0.6751160815971446,
      0.7260419814283686,
      0.7177390883797626,
      0.692547629721097,
      0.6603409304752101,
      0.6042567135844944,
      0.6267758183479849,
      0.5927872284073716,
      0.4805262506145789,
      0.5051150583683752,
      0.48682115639656826,
      0.46359400235434123,
      0.42513636390755627,
      0.3880995284592074,
      0.3779487601754548,
      0.39324530789585843,
      0.37974806998087046,
      0.41796750975572766,
      0.5569108202879127,
      0.3552244514328679,
      0.39464019297839964,
      0.4408329284538505,
      0.4620178075807203,
      0.43522749049724835,
      0.4488315552989183,
      0.4622960445668876,
      0.45542369380206676,
      0.5135637015566451,
      0.5975559860813172,
      0.5530743943437851,
      0.6751811541907065,
      0.6944138536339075,
      0.7956440624893731,
      0.8059030055061512,
      0.7668307025509531,
      0.7812339996131235,
      1.0165531838168416,
      1.0214266430522263,
      0.9697908005845151,
      0.9589439536960107
   ],
   "0.9": [
      0.5996791001176974,
      0.5501069890580683,
      0.6833121094817346,
      0.6349028734948082,
      0.5990160606188957,
      0.536031090335736,
      0.5154115142501332,
      0.4743874627728377,
      0.5054346281161918,
      0.5970565948753348,
      0.57341769264719,
      0.5497471706099838,
      0.5245231323038569,
      0.46193157516164396,
      0.48821350797544666,
      0.442796900825743,
      0.3477900415204814,
      0.36845270746374836,
      0.37099565474665663,
      0.32006692022155675,
      0.30182822142567134,
      0.26555179014592284,
      0.2507108101385486,
      0.25843358384462783,
      0.2603559108688689,
      0.32512802234567467,
      0.4212225820965132,
      0.26401266197235584,
      0.30461811137103867,
      0.3514487040896201,
      0.35710752766206555,
      0.31666429048666656,
      0.30592528204170844,
      0.3565047994014493,
      0.385880834536058,
      0.37936326804553155,
      0.4430144104884162,
      0.42378670565313303,
      0.5175472203106051,
      0.5533509896128421,
      0.6600382413025021,
      0.6637382532629977,
      0.5983960710009392,
      0.5314071121639324,
      0.6860386886269021,
      0.6726919003508355,
      0.7085888364967058,
      0.7586465504772565
   ],
   "0.75": [
      0.2573568915706049,
      0.32779763141162455,
      0.29743603309906164,
      0.3054925524018946,
      0.21844458115279472,
      0.18931882912479273,
      0.20902874876492908,
      0.19290600115152692,
      0.19096237779818986,
      0.26993636035459473,
      0.2766229841237763,
      0.25860222136269256,
      0.25656260120434643,
      0.21301064648544887,
      0.2047453910057886,
      0.20513945949032597,
      0.17066008013253314,
      0.1835671108072652,
      0.15460839419394254,
      0.14561250811670015,
      0.12664648027933803,
      0.11339135934092764,
      0.11357163723149095,
      0.1041907197370398,
      0.13113330116441274,
      0.13907897970513142,
      0.17275982827845648,
      0.10423036054754657,
      0.11557925435751541,
      0.1267289408625358,
      0.14518580876767734,
      0.14718016719552024,
      0.14153422030143092,
      0.1472318254146526,
      0.1657600959319031,
      0.18246190534343443,
      0.17700877227090983,
      0.162028306235374,
      0.23955220520635429,
      0.30604596168267784,
      0.36051564637255634,
      0.34430953370701844,
      0.24092648799720767,
      0.265919603754456,
      0.3791207039539763,
      0.36113303244498074,
      0.33417861363997836,
      0.43114357404788084
   ]
}