{
  "0.95": 0.4683982683982684,
  "0.9": 0.4303030303030303,
  "0.75": 0.23203463203463204
}