{
   "0.95": [
      0.8125,
      0.6521739130434783,
      0.375,
      0.5,
      0.125,
      0.125,
      0.041666666666666664,
      0.125,
      0.08,
      0.48,
      0.6,
      0.64,
      0.0,
      0.038461538461538464,
      0.07692307692307693,
      0.6153846153846154,
      0.5769230769230769,
      0.5,
      0.5769230769230769,
      0.5384615384615384,
      0.3076923076923077,
      0.4230769230769231,
      0.28,
      0.36,
      0.52,
      0.52,
      0.36,
      0.4,
      0.48,
      0.44,
      0.48,
      0.52,
      0.5,
      0.5384615384615384,
      0.3076923076923077,
      0.11538461538461539,
      0.15384615384615385,
      0.0,
      0.5,
      0.3333333333333333,
      0.6521739130434783,
      0.18181818181818182,
      0.2727272727272727,
      0.23809523809523808,
      0.3888888888888889,
      0.0,
      0.3333333333333333,
      0.0
   ],
   "0.9": [
      0.5625,
      0.4782608695652174,
      0.3333333333333333,
      0.4583333333333333,
      0.08333333333333333,
      0.041666666666666664,
      0.041666666666666664,
      0.125,
      0.08,
      0.36,
      0.56,
      0.6,
      0.0,
      0.0,
      0.038461538461538464,
      0.6153846153846154,
      0.5769230769230769,
      0.5,
      0.5769230769230769,
      0.5,
      0.3076923076923077,
      0.4230769230769231,
      0.28,
      0.24,
      0.48,
      0.4,
      0.28,
      0.4,
      0.44,
      0.4,
      0.44,
      0.48,
      0.46153846153846156,
      0.5384615384615384,
      0.15384615384615385,
      0.07692307692307693,
      0.07692307692307693,
      0.0,
      0.5,
      0.20833333333333334,
      0.43478260869565216,
      0.18181818181818182,
      0.2727272727272727,
      0.047619047619047616,
      0.2222222222222222,
      0.0,
      0.1111111111111111,
      0.0
   ],
   "0.75": [
      0.1875,
      0.21739130434782608,
      0.25,
      0.375,
      0.041666666666666664,
      0.0,
      0.041666666666666664,
      0.041666666666666664,
      0.04,
      0.28,
      0.2,
      0.36,
      0.0,
      0.0,
      0.0,
      0.3076923076923077,
      0.4230769230769231,
      0.46153846153846156,
      0.38461538461538464,
      0.2692307692307692,
      0.3076923076923077,
      0.34615384615384615,
      0.2,
      0.2,
      0.36,
      0.24,
      0.16,
      0.4,
      0.36,
      0.36,
      0.28,
      0.32,
      0.38461538461538464,
      0.23076923076923078,
      0.07692307692307693,
      0.0,
      0.0,
      0.0,
      0.2916666666666667,
      0.16666666666666666,
      0.13043478260869565,
      0.09090909090909091,
      0.18181818181818182,
      0.0,
      0.05555555555555555,
      0.0,
      0.0,
      0.0
   ]
}