{
   "0.95": [
      0.9007046701787623,
      0.7017653103736402,
      0.7919230970842839,
      0.7790514660503426,
      0.8015622732904693,
      0.8036384479585534,
      0.6335153265126947,
      0.5287530014716404,
      0.6374569631673832,
      0.719658404106535,
      0.6378575302763692,
      0.6125184587538482,
      0.6326111306879425,
      0.6006966770495372,
      0.6548717662616559,
      0.5801849126633242,
      0.5027854578770543,
      0.6112161632530009,
      0.5231224517028887,
      0.5244263561071936,
      0.5328142842707628,
      0.562823721719597,
      0.48724289296005685,
      0.5186271195941883,
      0.5671654088937352,
      0.627736163804166,
      0.4946603456158395,
      0.5138546062753769,
      0.5119877289638987,
      0.5618288027069761,
      0.5916751512844856,
      0.7251286197740231,
      0.8047838193850423,
      0.8302006965275982,
      0.5510405667269613,
      0.5565802317382321,
      0.6568715597090652,
      0.5594088494704349,
      0.6611066758186398,
      0.7264216804767316,
      0.7474781355613006,
      0.7619213466741787,
      0.776628027029289,
      0.7684219727905728,
      1.013849208782513,
      0.9841420040009766,
      0.96554384016378,
      0.9551648337959686
   ],
   "0.9": [
      0.6695665131705971,
      0.574958242792319,
      0.6821253420162802,
      0.6556873090108191,
      0.6213421883383479,
      0.5424698707092243,
      0.4390276177349749,
      0.40810339376166543,
      0.46663169166359425,
      0.5719524499247227,
      0.5033365493049458,
      0.47900162912187216,
      0.4934724216408719,
      0.46422423046763794,
      0.5110693358670729,
      0.46474392753914134,
      0.39599909404113554,
      0.48961113579259735,
      0.3989225779316644,
      0.3690302952001679,
      0.38779859582973897,
      0.4239818220438601,
      0.330742736622351,
      0.3568393104192177,
      0.41582828920759524,
      0.46462600070939897,
      0.40162400505915874,
      0.37545294633861337,
      0.3812920878269711,
      0.4873006847743473,
      0.5193922307877049,
      0.6059627820858616,
      0.6339767955535527,
      0.7117771874809246,
      0.4757751715792598,
      0.42751898934930704,
      0.49892195070941975,
      0.4268978115817971,
      0.5059070562579778,
      0.5806270279649319,
      0.6170154120899117,
      0.6087795413133454,
      0.5925167880193262,
      0.5273923266876704,
      0.699606838786813,
      0.6853765815149053,
      0.6780874945654587,
      0.7611706912328607
   ],
   "0.75": [
      0.26212206405651356,
      0.3375434731647479,
      0.2994797086693457,
      0.3138357054255535,
      0.2196882430615311,
      0.19170345660334145,
      0.1697501738591178,
      0.1771346391711161,
      0.17847114263022787,
      0.26580845950836085,
      0.24168873644683722,
      0.24021084268688295,
      0.26143943220848476,
      0.2576695632787441,
      0.23702112768023367,
      0.2642959679637527,
      0.2002494339776223,
      0.2931630537755695,
      0.24692647914074514,
      0.18815639630954867,
      0.18529047907311197,
      0.1893819128446172,
      0.14865094644690938,
      0.1072118250367255,
      0.10689765382405501,
      0.14988483851555462,
      0.16647549909647974,
      0.21161468225477825,
      0.22234752845561703,
      0.28839455325799035,
      0.3131388800758221,
      0.2740968496302136,
      0.37580833743706804,
      0.2850367900447804,
      0.25959449408214796,
      0.2166632532926911,
      0.19965656115995595,
      0.18169113602758746,
      0.24209858001088738,
      0.32749306945861684,
      0.3369043115296196,
      0.32821342797496755,
      0.2385934113484494,
      0.25705498336915555,
      0.38030659078807777,
      0.3773779537183461,
      0.33808522874607266,
      0.45039338178126404
   ]
}