{
   "0.95": [
      0.875,
      0.6086956521739131,
      0.625,
      0.625,
      0.625,
      0.625,
      0.625,
      0.625,
      0.6,
      0.6,
      0.6,
      0.6,
      0.6,
      0.5769230769230769,
      0.5769230769230769,
      0.6153846153846154,
      0.5384615384615384,
      0.46153846153846156,
      0.5,
      0.46153846153846156,
      0.46153846153846156,
      0.5384615384615384,
      0.56,
      0.6,
      0.6,
      0.6,
      0.6,
      0.6,
      0.56,
      0.52,
      0.52,
      0.52,
      0.5769230769230769,
      0.5769230769230769,
      0.5,
      0.5384615384615384,
      0.5769230769230769,
      0.5769230769230769,
      0.625,
      0.625,
      0.6521739130434783,
      0.6818181818181818,
      0.6818181818181818,
      0.7142857142857143,
      0.8333333333333334,
      0.8333333333333334,
      0.8333333333333334,
      0.8235294117647058
   ],
   "0.9": [
      0.75,
      0.5652173913043478,
      0.5833333333333334,
      0.625,
      0.625,
      0.625,
      0.625,
      0.625,
      0.6,
      0.6,
      0.6,
      0.6,
      0.6,
      0.5769230769230769,
      0.5769230769230769,
      0.5384615384615384,
      0.5384615384615384,
      0.46153846153846156,
      0.5,
      0.46153846153846156,
      0.4230769230769231,
      0.5384615384615384,
      0.56,
      0.56,
      0.56,
      0.56,
      0.56,
      0.48,
      0.44,
      0.52,
      0.44,
      0.44,
      0.5384615384615384,
      0.5769230769230769,
      0.5,
      0.46153846153846156,
      0.5384615384615384,
      0.5769230769230769,
      0.625,
      0.625,
      0.6521739130434783,
      0.6818181818181818,
      0.6818181818181818,
      0.7142857142857143,
      0.7777777777777778,
      0.7777777777777778,
      0.8333333333333334,
      0.6470588235294118
   ],
   "0.75": [
      0.4375,
      0.43478260869565216,
      0.4583333333333333,
      0.5416666666666666,
      0.5,
      0.0,
      0.0,
      0.0,
      0.0,
      0.0,
      0.0,
      0.0,
      0.0,
      0.34615384615384615,
      0.46153846153846156,
      0.4230769230769231,
      0.38461538461538464,
      0.38461538461538464,
      0.4230769230769231,
      0.2692307692307692,
      0.34615384615384615,
      0.4230769230769231,
      0.48,
      0.48,
      0.28,
      0.4,
      0.48,
      0.24,
      0.44,
      0.4,
      0.28,
      0.32,
      0.4230769230769231,
      0.5,
      0.38461538461538464,
      0.34615384615384615,
      0.2692307692307692,
      0.0,
      0.0,
      0.0,
      0.0,
      0.0,
      0.0,
      0.0,
      0.0,
      0.0,
      0.3888888888888889,
      0.35294117647058826
   ]
}