{
   "0.95": [
      0.671017175708929,
      0.4344443408566765,
      0.5123310989756693,
      0.6853908080083894,
      0.7098771755665877,
      0.7843759350414243,
      0.6969671514706881,
      0.6334653542288528,
      0.6397114464902175,
      0.680560191408256,
      0.718782335359283,
      0.7081789229343638,
      0.7010354264578216,
      0.6506414520688948,
      0.652052164525484,
      0.5936386661981482,
      0.3457382573227347,
      0.49909975938275536,
      0.47135214298386807,
      0.28204448787326014,
      0.4842567925282186,
      0.4888196772712718,
      0.4238098032899655,
      0.3388050219415868,
      0.3723748795736442,
      0.43326804773703415,
      0.4035012002380739,
      0.37561756594240014,
      0.40465371960508983,
      0.4825813574183291,
      0.6169146589994632,
      0.8592746798913553,
      0.7782990944271856,
      0.5587475464655837,
      0.30800694701451053,
      0.4207202150489116,
      0.43840707980643795,
      0.44518286022108505,
      0.4875111844505044,
      0.537916985414514,
      0.5805782151592677,
      0.6230429401366758,
      0.5833559798860641,
      0.5730915851921817,
      0.6376088013525752,
      0.6048483887197766,
      0.6938313866842643,
      0.7663513094981029
   ],
   "0.9": [
      0.49476064894572996,
      0.3281684835199617,
      0.477138150544733,
      0.509846335298064,
      0.5806824096142226,
      0.5542209324634406,
      0.5797459723828448,
      0.479550430120116,
      0.5757616101388723,
      0.6354835108160499,
      0.504490725711461,
      0.4974967092252056,
      0.4854581405869729,
      0.3045092248649187,
      0.24486216563592034,
      0.3261816032833474,
      0.21157038533812456,
      0.3264658387502685,
      0.3028308176844252,
      0.25880441553692474,
      0.37324386926823333,
      0.3424544888009422,
      0.38726919046057723,
      0.2387817804728941,
      0.24947631007244098,
      0.27979913296047615,
      0.3452985528675795,
      0.32680429957720003,
      0.30970065753958703,
      0.3597753705645683,
      0.4497835302131193,
      0.6171235036832409,
      0.527770876899796,
      0.4823705828857382,
      0.28361104466673187,
      0.3783165215341937,
      0.38628415938040966,
      0.40458032088773155,
      0.45871068042594904,
      0.4380413892052967,
      0.48861997746360825,
      0.5482798058045169,
      0.4670249101760697,
      0.4425886394761253,
      0.5536515847831623,
      0.5031924853036449,
      0.48392769496897714,
      0.5172752026564028
   ],
   "0.75": [
      0.26585830897505963,
      0.25187534352031404,
      0.39658102635306364,
      0.2557305393924284,
      0.18303695358844335,
      0.3229179072028598,
      0.4328616319776123,
      0.3265789171124761,
      0.3978312357503126,
      0.4240102252142046,
      0.422572021254819,
      0.37195537559266184,
      0.28041500747112413,
      0.21183380102948135,
      0.1580142173250282,
      0.22078603497208463,
      0.13036244742947314,
      0.13795011091982556,
      0.18347492594486348,
      0.09216884564929825,
      0.2112509960285633,
      0.27100133183259667,
      0.15296231658041137,
      0.14058092730571115,
      0.14753618705243385,
      0.1467710132946939,
      0.13049759030143207,
      0.21683759015439621,
      0.1250209932695723,
      0.23907399342110042,
      0.30614490108413833,
      0.38184426538999333,
      0.28921736843267787,
      0.321352228823134,
      0.12342719521746075,
      0.1361962796741,
      0.09086584927283728,
      0.08457813430050956,
      0.1771012978570175,
      0.34245602184163915,
      0.27491172660069724,
      0.2751134159495847,
      0.23606761631554188,
      0.3279940067717839,
      0.3458975686972374,
      0.3090644227262703,
      0.3086644571181331,
      0.23560281996723043
   ]
}