{
  "0.95": 0.6008658008658009,
  "0.9": 0.5748917748917749,
  "0.75": 0.2606060606060606
}