{
   "0.95": [
      1.0,
      0.6086956521739131,
      0.6666666666666666,
      0.625,
      0.625,
      0.625,
      0.625,
      0.5833333333333334,
      0.6,
      0.64,
      0.64,
      0.6,
      0.64,
      0.6153846153846154,
      0.6153846153846154,
      0.6153846153846154,
      0.38461538461538464,
      0.5,
      0.5384615384615384,
      0.46153846153846156,
      0.5,
      0.5769230769230769,
      0.56,
      0.56,
      0.6,
      0.6,
      0.56,
      0.48,
      0.48,
      0.56,
      0.52,
      0.48,
      0.5769230769230769,
      0.5384615384615384,
      0.5,
      0.5769230769230769,
      0.5769230769230769,
      0.5769230769230769,
      0.5833333333333334,
      0.5833333333333334,
      0.6086956521739131,
      0.5909090909090909,
      0.5909090909090909,
      0.6190476190476191,
      0.7222222222222222,
      0.7222222222222222,
      0.7222222222222222,
      0.7058823529411765
   ],
   "0.9": [
      0.75,
      0.6086956521739131,
      0.625,
      0.625,
      0.5833333333333334,
      0.625,
      0.5833333333333334,
      0.5416666666666666,
      0.6,
      0.6,
      0.56,
      0.56,
      0.6,
      0.4230769230769231,
      0.38461538461538464,
      0.5769230769230769,
      0.34615384615384615,
      0.38461538461538464,
      0.5384615384615384,
      0.38461538461538464,
      0.46153846153846156,
      0.5769230769230769,
      0.52,
      0.56,
      0.56,
      0.56,
      0.52,
      0.48,
      0.48,
      0.56,
      0.48,
      0.44,
      0.46153846153846156,
      0.5384615384615384,
      0.46153846153846156,
      0.5769230769230769,
      0.5769230769230769,
      0.5384615384615384,
      0.5416666666666666,
      0.5833333333333334,
      0.5652173913043478,
      0.5909090909090909,
      0.5454545454545454,
      0.5238095238095238,
      0.7222222222222222,
      0.6666666666666666,
      0.6666666666666666,
      0.7058823529411765
   ],
   "0.75": [
      0.5625,
      0.43478260869565216,
      0.5416666666666666,
      0.4583333333333333,
      0.16666666666666666,
      0.2916666666666667,
      0.375,
      0.2916666666666667,
      0.44,
      0.4,
      0.4,
      0.24,
      0.32,
      0.34615384615384615,
      0.23076923076923078,
      0.3076923076923077,
      0.2692307692307692,
      0.34615384615384615,
      0.38461538461538464,
      0.23076923076923078,
      0.2692307692307692,
      0.34615384615384615,
      0.4,
      0.36,
      0.36,
      0.4,
      0.48,
      0.36,
      0.4,
      0.36,
      0.36,
      0.28,
      0.4230769230769231,
      0.4230769230769231,
      0.23076923076923078,
      0.2692307692307692,
      0.2692307692307692,
      0.2692307692307692,
      0.375,
      0.5,
      0.43478260869565216,
      0.45454545454545453,
      0.3181818181818182,
      0.47619047619047616,
      0.6111111111111112,
      0.5555555555555556,
      0.4444444444444444,
      0.47058823529411764
   ]
}