{
  "0.95": 0.5861471861471862,
  "0.9": 0.5428571428571428,
  "0.75": 0.3670995670995671
}