{
  "0.95": 0.5930735930735931,
  "0.9": 0.5567099567099567,
  "0.75": 0.4017316017316017
}