{
   "0.95": [
      1.0,
      0.6086956521739131,
      0.6666666666666666,
      0.625,
      0.625,
      0.625,
      0.5833333333333334,
      0.5416666666666666,
      0.56,
      0.64,
      0.6,
      0.6,
      0.6,
      0.5769230769230769,
      0.5769230769230769,
      0.5769230769230769,
      0.6153846153846154,
      0.6153846153846154,
      0.5769230769230769,
      0.5769230769230769,
      0.5769230769230769,
      0.5769230769230769,
      0.56,
      0.52,
      0.56,
      0.56,
      0.56,
      0.52,
      0.6,
      0.56,
      0.6,
      0.52,
      0.46153846153846156,
      0.46153846153846156,
      0.5,
      0.5769230769230769,
      0.5769230769230769,
      0.5769230769230769,
      0.5833333333333334,
      0.5833333333333334,
      0.6086956521739131,
      0.6363636363636364,
      0.5909090909090909,
      0.6190476190476191,
      0.7222222222222222,
      0.7222222222222222,
      0.7222222222222222,
      0.7647058823529411
   ],
   "0.9": [
      0.75,
      0.6086956521739131,
      0.625,
      0.625,
      0.5416666666666666,
      0.5833333333333334,
      0.5833333333333334,
      0.5416666666666666,
      0.56,
      0.56,
      0.56,
      0.56,
      0.56,
      0.5384615384615384,
      0.5,
      0.5384615384615384,
      0.5769230769230769,
      0.6153846153846154,
      0.5769230769230769,
      0.5384615384615384,
      0.5769230769230769,
      0.5,
      0.48,
      0.52,
      0.56,
      0.56,
      0.56,
      0.52,
      0.44,
      0.56,
      0.6,
      0.4,
      0.4230769230769231,
      0.46153846153846156,
      0.46153846153846156,
      0.5769230769230769,
      0.5769230769230769,
      0.5384615384615384,
      0.5833333333333334,
      0.5833333333333334,
      0.5652173913043478,
      0.5909090909090909,
      0.5454545454545454,
      0.47619047619047616,
      0.6666666666666666,
      0.6666666666666666,
      0.6666666666666666,
      0.7647058823529411
   ],
   "0.75": [
      0.4375,
      0.4782608695652174,
      0.5416666666666666,
      0.5416666666666666,
      0.16666666666666666,
      0.2916666666666667,
      0.375,
      0.3333333333333333,
      0.44,
      0.44,
      0.44,
      0.36,
      0.48,
      0.34615384615384615,
      0.2692307692307692,
      0.34615384615384615,
      0.5384615384615384,
      0.5,
      0.5769230769230769,
      0.46153846153846156,
      0.4230769230769231,
      0.2692307692307692,
      0.44,
      0.44,
      0.44,
      0.48,
      0.48,
      0.28,
      0.32,
      0.36,
      0.44,
      0.2,
      0.23076923076923078,
      0.34615384615384615,
      0.4230769230769231,
      0.34615384615384615,
      0.2692307692307692,
      0.23076923076923078,
      0.375,
      0.5,
      0.5217391304347826,
      0.45454545454545453,
      0.36363636363636365,
      0.42857142857142855,
      0.6111111111111112,
      0.5555555555555556,
      0.4444444444444444,
      0.4117647058823529
   ]
}