{
   "0.95": [
      1.3326495554690105,
      0.825182419140916,
      0.7482731676717331,
      0.5974569362862416,
      0.5732095649094168,
      0.4975498041319789,
      0.4385683220008949,
      0.41815945924423586,
      0.3935658720092361,
      0.476385640265703,
      0.5326025144812587,
      0.4688378260196474,
      0.38460724303236127,
      0.8163112544789495,
      0.7970248601747364,
      0.6131387592592795,
      0.47428122659760635,
      0.42945151051718705,
      0.38599820669530155,
      0.40116622794561524,
      0.373328753928824,
      0.4472567614752657,
      0.43154924719803445,
      0.44624462797076553,
      0.5183278185500294,
      0.5614723579500054,
      0.42464122117634395,
      0.4217804736551735,
      0.4448677906916801,
      0.47477277385338834,
      0.46738744303728263,
      0.6083712475888609,
      0.732201749714924,
      0.8556562174862781,
      0.6096348683980737,
      0.7275996900592578,
      0.9618193963029767,
      1.5050520769840219,
      4.751969179959171,
      2.400156506931436,
      1.7122711115217168,
      1.7827382282274051,
      1.9377933813584123,
      2.018250191596962,
      1.2916712761006828,
      1.414628407966396,
      1.639449302195486,
      1.2682050661284336
   ],
   "0.9": [
      0.9282349325803759,
      0.611706521683232,
      0.5260333397452778,
      0.40005938710935324,
      0.3656494776852693,
      0.30776290502825143,
      0.2586172983288913,
      0.23248790553996262,
      0.2221931523732953,
      0.29592167228526656,
      0.3297304451907792,
      0.2958449491341231,
      0.26600883806507813,
      0.44147312370075126,
      0.6713847512582798,
      0.31151632564282394,
      0.43803928548067145,
      0.395686088225355,
      0.3435271628155341,
      0.34648459216632727,
      0.33045672136287785,
      0.4006078009387367,
      0.40554411459025225,
      0.3979854536553883,
      0.40796203558863137,
      0.4176490596632058,
      0.3803036279577476,
      0.3735342783594385,
      0.40422022447067435,
      0.43184547270887325,
      0.43015632078473814,
      0.49997553684752094,
      0.6785039587092964,
      0.7975776987551341,
      0.5312699026591288,
      0.41691581202565725,
      0.6201471488429193,
      1.0921684374746456,
      3.132186900643972,
      1.5557484521990106,
      1.057393654159366,
      1.1198596435783508,
      1.2293744459943041,
      1.280084139836721,
      0.9464538927209164,
      1.0810117250890976,
      1.2256028830355084,
      0.9086727952825335
   ],
   "0.75": [
      0.3546635292353881,
      0.26497518397857767,
      0.2125054276115814,
      0.16631032087073938,
      0.12106467624146477,
      0.07785169617810941,
      0.05844106518528018,
      0.047656124327238696,
      0.043389261447042554,
      0.050574968830500604,
      0.03263993643645169,
      0.026649036164751123,
      0.04871242244197931,
      0.09779875926808265,
      0.2827064208224273,
      0.18138963911031517,
      0.2199993616915324,
      0.27964388369044896,
      0.23724447365970794,
      0.1349977052583167,
      0.20184896090734583,
      0.2911959033746723,
      0.311889999317957,
      0.22410554716240721,
      0.15607806453264747,
      0.15362989329767288,
      0.27560735443353773,
      0.1859566285279363,
      0.2789757571240211,
      0.2611276723794098,
      0.27244813872128076,
      0.2900814115660859,
      0.4839546083896858,
      0.46250573607055345,
      0.24132864064436288,
      0.20469271910848277,
      0.18217139659862944,
      0.25092958277992533,
      0.45969100438448685,
      0.21710830249011165,
      0.16498611470946564,
      0.1614114579476571,
      0.17434807945644348,
      0.20335775072562043,
      0.20604731722439407,
      0.2521852863281089,
      0.2982275309352623,
      0.3567637313651385
   ]
}