{
  "0.95": 0.5298701298701298,
  "0.9": 0.4623376623376623,
  "0.75": 0.30822510822510824
}