{
   "0.95": [
      0.518638353746513,
      0.42431891844335484,
      0.6120004020732108,
      0.5786039783410104,
      0.6116957628301803,
      0.5187179002695348,
      0.48518882069427627,
      0.4378338874880375,
      0.5196833060396882,
      0.5961559496866875,
      0.6201500190520232,
      0.5685259559486138,
      0.5642318248750592,
      0.5042533399034975,
      0.5043724828661675,
      0.47264206263207986,
      0.3075829087950506,
      0.299918127551573,
      0.31042249780253633,
      0.23655414222979396,
      0.2449300379308739,
      0.26044464210784324,
      0.22174778578390295,
      0.22873680009991545,
      0.25901252664031826,
      0.31510332437218136,
      0.38102700087569197,
      0.2689996878221173,
      0.3593897940714716,
      0.2977359149227689,
      0.3342985060976222,
      0.27529444068384257,
      0.2868139859710664,
      0.2990005567381642,
      0.3364667334350136,
      0.47257687164413675,
      0.5995039020973251,
      0.5873117315873535,
      0.6463023975274559,
      0.6408230622506714,
      0.6441695575783154,
      0.667837568647271,
      0.6132612962541952,
      0.6090301504451554,
      0.7835595127295614,
      0.8447055495872714,
      0.9149069890241839,
      0.852532722597548
   ],
   "0.9": [
      0.2487804817453494,
      0.4028372882672389,
      0.47757537767960834,
      0.493222471117798,
      0.4227402200221206,
      0.4049555464150621,
      0.4262598115028024,
      0.3566455740496016,
      0.46860127956385406,
      0.5538761135595263,
      0.48741292122849617,
      0.47453462770034965,
      0.4748738173652902,
      0.35907203570582685,
      0.3508008096328628,
      0.34597627623288435,
      0.2758423117290376,
      0.2566778199429343,
      0.2606648027421601,
      0.2107775698717078,
      0.20805716601080834,
      0.19755177957331804,
      0.19483556830459048,
      0.1968911269305501,
      0.2090719870045059,
      0.24089797593468812,
      0.2467309308833198,
      0.1940530483191737,
      0.19611532102919027,
      0.25196596816393946,
      0.2939935744246572,
      0.1612327998559612,
      0.19853013333586597,
      0.2559168544935831,
      0.2905319115427384,
      0.3892530732932723,
      0.38724433311602185,
      0.3803474104183647,
      0.44474658661476524,
      0.5711839069743356,
      0.555378100188011,
      0.5688441418032505,
      0.48617810579636256,
      0.3854247065544959,
      0.5627741161323971,
      0.6146912658978612,
      0.648978421544075,
      0.6292294593764075
   ],
   "0.75": [
      0.12120337405659341,
      0.19383862767061144,
      0.2899826857195476,
      0.3082420363086766,
      0.1330922645757627,
      0.18505730252226826,
      0.24520634170888614,
      0.19332841942845608,
      0.23264091542897594,
      0.3029534805208192,
      0.2989781283093405,
      0.31262898238991743,
      0.2933146444612149,
      0.20510430043072758,
      0.16828735219410026,
      0.14898551245745587,
      0.16462566543253762,
      0.181466626113683,
      0.18671276889352403,
      0.15801819496484654,
      0.1298403520736984,
      0.10462186108268298,
      0.11913043568497382,
      0.12833763684813057,
      0.13882547114390062,
      0.12595826552896552,
      0.13957095399286257,
      0.09994448956475525,
      0.10428968228760538,
      0.11525539815346636,
      0.15617846141435804,
      0.08372981979875521,
      0.09019271364251343,
      0.13364737488692077,
      0.16175261088469348,
      0.11166582955025608,
      0.08256019896868837,
      0.06811118730578405,
      0.17980876858596367,
      0.3140159523643614,
      0.39481939813601324,
      0.3917963912926193,
      0.2655309387018917,
      0.28273042105412033,
      0.36597963829338703,
      0.3383901349146782,
      0.2835031723091102,
      0.2977740421660813
   ]
}