{
   "0.95": [
      0.5175619613822994,
      0.42650945224090936,
      0.6155554300454004,
      0.5761127104054274,
      0.6128047512959466,
      0.5202748495655186,
      0.48544493497324775,
      0.4389622716392591,
      0.5189600437393785,
      0.5974473934292608,
      0.6184300711993591,
      0.5697349411936803,
      0.5693740016685428,
      0.5155934138881494,
      0.5238199737319896,
      0.4453886194212626,
      0.29602116918324967,
      0.46871719994979055,
      0.47477840182664305,
      0.3298952384432313,
      0.3872957454036226,
      0.40391036351534076,
      0.43803275917655865,
      0.43379368816816327,
      0.5243454532355836,
      0.6041452829071474,
      0.44429247010311024,
      0.40768805133611724,
      0.38880789710206715,
      0.44424801188972535,
      0.5576367839014265,
      0.5876295497004562,
      0.6301434379535302,
      0.542590317509349,
      0.3072717660358176,
      0.3814912619298302,
      0.5223824553973144,
      0.5450019527175853,
      0.5865250522856942,
      0.6072616690083767,
      0.6417902769677319,
      0.6642832907430204,
      0.6045699368379468,
      0.5961500408937769,
      0.7532604675566974,
      0.7977466767725054,
      0.8825236761548486,
      0.83111055440001
   ],
   "0.9": [
      0.2238111864681718,
      0.40504224041729786,
      0.4798900724023911,
      0.4981865497234734,
      0.415189210663487,
      0.38290396923822406,
      0.4001923977592434,
      0.35796827323500946,
      0.44776033842542856,
      0.5530867775710062,
      0.4835995032149015,
      0.47909028014105365,
      0.47989194364843485,
      0.33162032486430526,
      0.2827274173763653,
      0.37583944457529717,
      0.23070016900961796,
      0.32868231117150065,
      0.39884611133396836,
      0.2685167016912035,
      0.335253074327932,
      0.369492365364944,
      0.3902376159707457,
      0.3715359995952968,
      0.4120296944821012,
      0.40082035588063203,
      0.3941924318472062,
      0.3474055031320877,
      0.31251457540838706,
      0.35224766344624064,
      0.44120976164762077,
      0.44715708827272216,
      0.4612911403301549,
      0.4957985505333981,
      0.25636661931823,
      0.328549580010143,
      0.3975833067550672,
      0.3908113278023256,
      0.44513354126704896,
      0.5386137399650913,
      0.5518043024556607,
      0.5684855083386979,
      0.48348876540663765,
      0.4330509424885014,
      0.6454161856974574,
      0.6889401873527777,
      0.6326330436257148,
      0.5685231333019936
   ],
   "0.75": [
      0.12089681211044279,
      0.18399577013435905,
      0.26438737040627275,
      0.2811673016575482,
      0.1383030306951587,
      0.19400014114478537,
      0.24278113939187893,
      0.16888336461877973,
      0.23552974492362597,
      0.2571186544456656,
      0.2761206490978451,
      0.2715567262160878,
      0.2475332322075986,
      0.2395500379970707,
      0.16826862169634915,
      0.17823250641039623,
      0.1372577608029399,
      0.19063196245796207,
      0.23516271708583975,
      0.18667889495656226,
      0.1694086640989394,
      0.2363777641861454,
      0.20555004581899536,
      0.19811723825796534,
      0.18279306449175153,
      0.1605883088641781,
      0.25145919870114186,
      0.1585620589588306,
      0.17207739968589764,
      0.22042635037217634,
      0.2550019122935699,
      0.2702987996967968,
      0.3019953981177849,
      0.23633911879894795,
      0.162390593746598,
      0.11587348893064008,
      0.1048935916214644,
      0.08468555068001654,
      0.18578734043842143,
      0.31456247446472574,
      0.32288799111811245,
      0.3040894502504581,
      0.22467463169092608,
      0.28363091722656203,
      0.350811636510726,
      0.3191911285202813,
      0.27446112703289777,
      0.279269938239469
   ]
}