{
   "0.95": [
      0.8125,
      0.5652173913043478,
      0.5416666666666666,
      0.625,
      0.5833333333333334,
      0.625,
      0.5833333333333334,
      0.5833333333333334,
      0.6,
      0.6,
      0.64,
      0.64,
      0.64,
      0.5769230769230769,
      0.5384615384615384,
      0.5769230769230769,
      0.34615384615384615,
      0.34615384615384615,
      0.4230769230769231,
      0.3076923076923077,
      0.38461538461538464,
      0.46153846153846156,
      0.4,
      0.44,
      0.48,
      0.52,
      0.44,
      0.4,
      0.44,
      0.56,
      0.48,
      0.6,
      0.5769230769230769,
      0.5,
      0.34615384615384615,
      0.46153846153846156,
      0.5384615384615384,
      0.5384615384615384,
      0.5833333333333334,
      0.5833333333333334,
      0.6086956521739131,
      0.5909090909090909,
      0.5454545454545454,
      0.5238095238095238,
      0.6111111111111112,
      0.6666666666666666,
      0.6111111111111112,
      0.7058823529411765
   ],
   "0.9": [
      0.625,
      0.5217391304347826,
      0.5416666666666666,
      0.5416666666666666,
      0.5416666666666666,
      0.5833333333333334,
      0.5833333333333334,
      0.5416666666666666,
      0.56,
      0.6,
      0.52,
      0.52,
      0.56,
      0.4230769230769231,
      0.34615384615384615,
      0.5,
      0.19230769230769232,
      0.3076923076923077,
      0.3076923076923077,
      0.2692307692307692,
      0.34615384615384615,
      0.38461538461538464,
      0.4,
      0.36,
      0.4,
      0.48,
      0.44,
      0.4,
      0.4,
      0.32,
      0.44,
      0.48,
      0.5,
      0.46153846153846156,
      0.3076923076923077,
      0.46153846153846156,
      0.5384615384615384,
      0.5384615384615384,
      0.5833333333333334,
      0.5833333333333334,
      0.5217391304347826,
      0.5,
      0.4090909090909091,
      0.38095238095238093,
      0.5555555555555556,
      0.6111111111111112,
      0.5,
      0.5294117647058824
   ],
   "0.75": [
      0.5625,
      0.5217391304347826,
      0.5416666666666666,
      0.2916666666666667,
      0.125,
      0.5,
      0.5416666666666666,
      0.5416666666666666,
      0.48,
      0.44,
      0.52,
      0.44,
      0.32,
      0.3076923076923077,
      0.23076923076923078,
      0.3076923076923077,
      0.11538461538461539,
      0.19230769230769232,
      0.2692307692307692,
      0.07692307692307693,
      0.19230769230769232,
      0.34615384615384615,
      0.32,
      0.36,
      0.28,
      0.36,
      0.2,
      0.32,
      0.12,
      0.2,
      0.28,
      0.28,
      0.19230769230769232,
      0.2692307692307692,
      0.19230769230769232,
      0.23076923076923078,
      0.19230769230769232,
      0.11538461538461539,
      0.25,
      0.5,
      0.34782608695652173,
      0.22727272727272727,
      0.18181818181818182,
      0.2857142857142857,
      0.3333333333333333,
      0.4444444444444444,
      0.4444444444444444,
      0.23529411764705882
   ]
}